2018-03-20 00:00:06, , , , 
2018-03-20 00:01:03, , , , 
2018-03-20 00:02:04, , , , 
2018-03-20 00:03:03, , , , 
2018-03-20 00:04:04, 2.7, 0.5, 4.1, 7.3
2018-03-20 00:05:03, 2.7, 0.5, 4.1, 7.3
2018-03-20 00:06:05, 2.7, 0.5, 4.1, 7.3
2018-03-20 00:07:04, 2.7, 0.5, 4.1, 7.3
2018-03-20 00:08:04, 2.7, 0.5, 4.1, 7.3
2018-03-20 00:09:04, 2.95, 0.7, 4.0, 7.65
2018-03-20 00:10:03, 2.95, 0.7, 4.0, 7.65
2018-03-20 00:11:03, 2.95, 0.7, 4.0, 7.65
2018-03-20 00:12:04, 2.95, 0.7, 4.0, 7.65
2018-03-20 00:13:04, 2.95, 0.7, 4.0, 7.65
2018-03-20 00:14:04, 3.22, 0.5, 4.0, 7.72
2018-03-20 00:15:04, 3.22, 0.5, 4.0, 7.72
2018-03-20 00:16:04, 3.22, 0.5, 4.0, 7.72
2018-03-20 00:17:04, 3.22, 0.5, 4.0, 7.72
2018-03-20 00:18:03, 3.22, 0.5, 4.0, 7.72
2018-03-20 00:19:04, 9.15, 0.5, 4.2, 13.85
2018-03-20 00:20:04, 9.15, 0.5, 4.2, 13.85
2018-03-20 00:21:04, 9.15, 0.5, 4.2, 13.85
2018-03-20 00:22:04, 9.15, 0.5, 4.2, 13.85
2018-03-20 00:23:04, 9.15, 0.5, 4.2, 13.85
2018-03-20 00:24:04, 8.82, 0.5, 3.9, 13.22
2018-03-20 00:25:03, 8.82, 0.5, 3.9, 13.22
2018-03-20 00:26:04, 8.82, 0.5, 3.9, 13.22
2018-03-20 00:27:04, 8.82, 0.5, 3.9, 13.22
2018-03-20 00:28:03, 8.82, 0.5, 3.9, 13.22
2018-03-20 00:29:04, 2.93, 0.5, 4.0, 7.43
2018-03-20 00:30:04, 2.93, 0.5, 4.0, 7.43
2018-03-20 00:31:03, 2.93, 0.5, 4.0, 7.43
2018-03-20 00:32:04, 2.93, 0.5, 4.0, 7.43
2018-03-20 00:33:04, 2.93, 0.5, 4.0, 7.43
2018-03-20 00:34:04, 3.18, 0.5, 4.2, 7.88
2018-03-20 00:35:04, 3.18, 0.5, 4.2, 7.88
2018-03-20 00:36:03, 3.18, 0.5, 4.2, 7.88
2018-03-20 00:37:04, 3.18, 0.5, 4.2, 7.88
2018-03-20 00:38:04, 3.18, 0.5, 4.2, 7.88
2018-03-20 00:39:03, 3.12, 0.5, 4.2, 7.82
2018-03-20 00:40:04, 3.12, 0.5, 4.2, 7.82
2018-03-20 00:41:03, 3.12, 0.5, 4.2, 7.82
2018-03-20 00:42:04, 3.12, 0.5, 4.2, 7.82
2018-03-20 00:43:04, 3.12, 0.5, 4.2, 7.82
2018-03-20 00:44:03, 8.95, 0.5, 3.8, 13.25
2018-03-20 00:45:04, 8.95, 0.5, 3.8, 13.25
2018-03-20 00:46:04, 8.95, 0.5, 3.8, 13.25
2018-03-20 00:47:03, 8.95, 0.5, 3.8, 13.25
2018-03-20 00:48:04, 8.95, 0.5, 3.8, 13.25
2018-03-20 00:49:04, 2.74, 0.5, 4.5, 7.74
2018-03-20 00:50:04, 2.74, 0.5, 4.5, 7.74
2018-03-20 00:51:03, 2.74, 0.5, 4.5, 7.74
2018-03-20 00:52:04, 2.74, 0.5, 4.5, 7.74
2018-03-20 00:53:04, 2.74, 0.5, 4.5, 7.74
2018-03-20 00:54:04, 2.91, 0.5, 3.9, 7.31
2018-03-20 00:55:04, 2.91, 0.5, 3.9, 7.31
2018-03-20 00:56:03, 2.91, 0.5, 3.9, 7.31
2018-03-20 00:57:04, 2.91, 0.5, 3.9, 7.31
2018-03-20 00:58:04, 2.91, 0.5, 3.9, 7.31
2018-03-20 00:59:04, 3.29, 0.5, 4.5, 8.29
2018-03-20 01:00:04, 3.29, 0.5, 4.5, 8.29
2018-03-20 01:01:04, 3.29, 0.5, 4.5, 8.29
2018-03-20 01:02:03, 3.29, 0.5, 4.5, 8.29
2018-03-20 01:03:03, 3.29, 0.5, 4.5, 8.29
2018-03-20 01:04:04, 8.89, 0.5, 3.9, 13.29
2018-03-20 01:05:04, 8.89, 0.5, 3.9, 13.29
2018-03-20 01:06:04, 8.89, 0.5, 3.9, 13.29
2018-03-20 01:07:03, 8.89, 0.5, 3.9, 13.29
2018-03-20 01:08:03, 8.89, 0.5, 3.9, 13.29
2018-03-20 01:09:04, 8.91, 0.5, 4.1, 13.51
2018-03-20 01:10:04, 8.91, 0.5, 4.1, 13.51
2018-03-20 01:11:04, 8.91, 0.5, 4.1, 13.51
2018-03-20 01:12:04, 8.91, 0.5, 4.1, 13.51
2018-03-20 01:13:04, 8.91, 0.5, 4.1, 13.51
2018-03-20 01:14:03, 3.03, 0.5, 3.9, 7.43
2018-03-20 01:15:04, 3.03, 0.5, 3.9, 7.43
2018-03-20 01:16:04, 3.03, 0.5, 3.9, 7.43
2018-03-20 01:17:04, 3.03, 0.5, 3.9, 7.43
2018-03-20 01:18:04, 3.03, 0.5, 3.9, 7.43
2018-03-20 01:19:03, 3.41, 0.5, 4.5, 8.41
2018-03-20 01:20:04, 3.41, 0.5, 4.5, 8.41
2018-03-20 01:21:04, 3.41, 0.5, 4.5, 8.41
2018-03-20 01:22:04, 3.41, 0.5, 4.5, 8.41
2018-03-20 01:23:04, 3.41, 0.5, 4.5, 8.41
2018-03-20 01:24:04, 3.27, 0.5, 4.6, 8.37
2018-03-20 01:25:03, 3.27, 0.5, 4.6, 8.37
2018-03-20 01:26:03, 3.27, 0.5, 4.6, 8.37
2018-03-20 01:27:03, 3.27, 0.5, 4.6, 8.37
2018-03-20 01:28:04, 3.27, 0.5, 4.6, 8.37
2018-03-20 01:29:04, 8.94, 0.5, 4.6, 14.04
2018-03-20 01:30:04, 8.94, 0.5, 4.6, 14.04
2018-03-20 01:31:04, 8.94, 0.5, 4.6, 14.04
2018-03-20 01:32:03, 8.94, 0.5, 4.6, 14.04
2018-03-20 01:33:03, 8.94, 0.5, 4.6, 14.04
2018-03-20 01:34:04, 2.63, 0.5, 4.6, 7.73
2018-03-20 01:35:03, 2.63, 0.5, 4.6, 7.73
2018-03-20 01:36:04, 2.63, 0.5, 4.6, 7.73
2018-03-20 01:37:05, 2.63, 0.5, 4.6, 7.73
2018-03-20 01:38:03, 2.63, 0.5, 4.6, 7.73
2018-03-20 01:39:04, 3.38, 0.5, 4.5, 8.38
2018-03-20 01:40:04, 3.38, 0.5, 4.5, 8.38
2018-03-20 01:41:04, 3.38, 0.5, 4.5, 8.38
2018-03-20 01:42:03, 3.38, 0.5, 4.5, 8.38
2018-03-20 01:43:04, 3.38, 0.5, 4.5, 8.38
2018-03-20 01:44:04, 3.55, 0.5, 3.8, 7.85
2018-03-20 01:45:04, 3.55, 0.5, 3.8, 7.85
2018-03-20 01:46:04, 3.55, 0.5, 3.8, 7.85
2018-03-20 01:47:03, 3.55, 0.5, 3.8, 7.85
2018-03-20 01:48:04, 3.55, 0.5, 3.8, 7.85
2018-03-20 01:49:04, 8.98, 0.5, 3.9, 13.38
2018-03-20 01:50:03, 8.98, 0.5, 3.9, 13.38
2018-03-20 01:51:03, 8.98, 0.5, 3.9, 13.38
2018-03-20 01:52:04, 8.98, 0.5, 3.9, 13.38
2018-03-20 01:53:04, 8.98, 0.5, 3.9, 13.38
2018-03-20 01:54:03, 8.83, 0.5, 4.6, 13.93
2018-03-20 01:55:04, 8.83, 0.5, 4.6, 13.93
2018-03-20 01:56:03, 8.83, 0.5, 4.6, 13.93
2018-03-20 01:57:04, 8.83, 0.5, 4.6, 13.93
2018-03-20 01:58:04, 8.83, 0.5, 4.6, 13.93
2018-03-20 01:59:04, 2.89, 0.5, 3.9, 7.29
2018-03-20 02:00:04, 2.89, 0.5, 3.9, 7.29
2018-03-20 02:01:03, 2.89, 0.5, 3.9, 7.29
2018-03-20 02:02:04, 2.89, 0.5, 3.9, 7.29
2018-03-20 02:03:07, 2.89, 0.5, 3.9, 7.29
2018-03-20 02:04:04, 3.38, 0.5, 4.5, 8.38
2018-03-20 02:05:04, 3.38, 0.5, 4.5, 8.38
2018-03-20 02:06:03, 3.38, 0.5, 4.5, 8.38
2018-03-20 02:07:04, 3.38, 0.5, 4.5, 8.38
2018-03-20 02:08:04, 3.38, 0.5, 4.5, 8.38
2018-03-20 02:09:04, 3.1, 0.5, 4.5, 8.1
2018-03-20 02:10:04, 3.1, 0.5, 4.5, 8.1
2018-03-20 02:11:04, 3.1, 0.5, 4.5, 8.1
2018-03-20 02:12:04, 3.1, 0.5, 4.5, 8.1
2018-03-20 02:13:03, 3.1, 0.5, 4.5, 8.1
2018-03-20 02:14:03, 8.76, 0.5, 4.5, 13.76
2018-03-20 02:15:04, 8.76, 0.5, 4.5, 13.76
2018-03-20 02:16:03, 8.76, 0.5, 4.5, 13.76
2018-03-20 02:17:04, 8.76, 0.5, 4.5, 13.76
2018-03-20 02:18:03, 8.76, 0.5, 4.5, 13.76
2018-03-20 02:19:04, 8.89, 0.5, 4.4, 13.79
2018-03-20 02:20:05, 8.89, 0.5, 4.4, 13.79
2018-03-20 02:21:04, 8.89, 0.5, 4.4, 13.79
2018-03-20 02:22:03, 8.89, 0.5, 4.4, 13.79
2018-03-20 02:23:03, 8.89, 0.5, 4.4, 13.79
2018-03-20 02:24:04, 3.17, 0.5, 4.5, 8.17
2018-03-20 02:25:03, 3.17, 0.5, 4.5, 8.17
2018-03-20 02:26:04, 3.17, 0.5, 4.5, 8.17
2018-03-20 02:27:04, 3.17, 0.5, 4.5, 8.17
2018-03-20 02:28:04, 3.17, 0.5, 4.5, 8.17
2018-03-20 02:29:05, 3.37, 0.5, 4.5, 8.37
2018-03-20 02:30:04, 3.37, 0.5, 4.5, 8.37
2018-03-20 02:31:04, 3.37, 0.5, 4.5, 8.37
2018-03-20 02:32:03, 3.37, 0.5, 4.5, 8.37
2018-03-20 02:33:04, 3.37, 0.5, 4.5, 8.37
2018-03-20 02:34:04, 8.89, 0.5, 3.9, 13.29
2018-03-20 02:35:04, 8.89, 0.5, 3.9, 13.29
2018-03-20 02:36:04, 8.89, 0.5, 3.9, 13.29
2018-03-20 02:37:04, 8.89, 0.5, 3.9, 13.29
2018-03-20 02:38:04, 8.89, 0.5, 3.9, 13.29
2018-03-20 02:39:04, 8.8, 0.5, 4.6, 13.9
2018-03-20 02:40:04, 8.8, 0.5, 4.6, 13.9
2018-03-20 02:41:04, 8.8, 0.5, 4.6, 13.9
2018-03-20 02:42:04, 8.8, 0.5, 4.6, 13.9
2018-03-20 02:43:03, 8.8, 0.5, 4.6, 13.9
2018-03-20 02:44:04, 2.84, 0.5, 4.1, 7.44
2018-03-20 02:45:04, 2.84, 0.5, 4.1, 7.44
2018-03-20 02:46:03, 2.84, 0.5, 4.1, 7.44
2018-03-20 02:47:04, 2.84, 0.5, 4.1, 7.44
2018-03-20 02:48:04, 2.84, 0.5, 4.1, 7.44
2018-03-20 02:49:04, 3.46, 0.5, 4.0, 7.96
2018-03-20 02:50:03, 3.46, 0.5, 4.0, 7.96
2018-03-20 02:51:04, 3.46, 0.5, 4.0, 7.96
2018-03-20 02:52:04, 3.46, 0.5, 4.0, 7.96
2018-03-20 02:53:04, 3.46, 0.5, 4.0, 7.96
2018-03-20 02:54:03, 3.3, 0.5, 3.8, 7.6
2018-03-20 02:55:04, 3.3, 0.5, 3.8, 7.6
2018-03-20 02:56:04, 3.3, 0.5, 3.8, 7.6
2018-03-20 02:57:04, 3.3, 0.5, 3.8, 7.6
2018-03-20 02:58:03, 3.3, 0.5, 3.8, 7.6
2018-03-20 02:59:04, 8.78, 0.5, 3.9, 13.18
2018-03-20 03:00:05, 8.78, 0.5, 3.9, 13.18
2018-03-20 03:01:04, 8.78, 0.5, 3.9, 13.18
2018-03-20 03:02:03, 8.78, 0.5, 3.9, 13.18
2018-03-20 03:03:04, 8.78, 0.5, 3.9, 13.18
2018-03-20 03:04:04, 2.63, 0.5, 4.3, 7.43
2018-03-20 03:05:03, 2.63, 0.5, 4.3, 7.43
2018-03-20 03:06:04, 2.63, 0.5, 4.3, 7.43
2018-03-20 03:07:04, 2.63, 0.5, 4.3, 7.43
2018-03-20 03:08:04, 2.63, 0.5, 4.3, 7.43
2018-03-20 03:09:04, 3.16, 0.5, 3.8, 7.46
2018-03-20 03:10:03, 3.16, 0.5, 3.8, 7.46
2018-03-20 03:11:03, 3.16, 0.5, 3.8, 7.46
2018-03-20 03:12:04, 3.16, 0.5, 3.8, 7.46
2018-03-20 03:13:04, 3.16, 0.5, 3.8, 7.46
2018-03-20 03:14:04, 3.31, 0.5, 4.5, 8.309999
2018-03-20 03:15:03, 3.31, 0.5, 4.5, 8.309999
2018-03-20 03:16:04, 3.31, 0.5, 4.5, 8.309999
2018-03-20 03:17:04, 3.31, 0.5, 4.5, 8.309999
2018-03-20 03:18:04, 3.31, 0.5, 4.5, 8.309999
2018-03-20 03:19:04, 9.18, 0.5, 3.8, 13.48
2018-03-20 03:20:03, 9.18, 0.5, 3.8, 13.48
2018-03-20 03:21:04, 9.18, 0.5, 3.8, 13.48
2018-03-20 03:22:03, 9.18, 0.5, 3.8, 13.48
2018-03-20 03:23:04, 9.18, 0.5, 3.8, 13.48
2018-03-20 03:24:03, 8.8, 0.5, 4.4, 13.7
2018-03-20 03:25:04, 8.8, 0.5, 4.4, 13.7
2018-03-20 03:26:04, 8.8, 0.5, 4.4, 13.7
2018-03-20 03:27:04, 8.8, 0.5, 4.4, 13.7
2018-03-20 03:28:03, 8.8, 0.5, 4.4, 13.7
2018-03-20 03:29:04, 2.95, 0.5, 4.0, 7.45
2018-03-20 03:30:05, 2.95, 0.5, 4.0, 7.45
2018-03-20 03:31:03, 2.95, 0.5, 4.0, 7.45
2018-03-20 03:32:03, 2.95, 0.5, 4.0, 7.45
2018-03-20 03:33:04, 2.95, 0.5, 4.0, 7.45
2018-03-20 03:34:04, 3.44, 0.6, 3.9, 7.94
2018-03-20 03:35:04, 3.44, 0.6, 3.9, 7.94
2018-03-20 03:36:06, 3.44, 0.6, 3.9, 7.94
2018-03-20 03:37:04, 3.44, 0.6, 3.9, 7.94
2018-03-20 03:38:03, 3.44, 0.6, 3.9, 7.94
2018-03-20 03:39:04, 3.07, 0.5, 4.5, 8.07
2018-03-20 03:40:04, 3.07, 0.5, 4.5, 8.07
2018-03-20 03:41:04, 3.07, 0.5, 4.5, 8.07
2018-03-20 03:42:03, 3.07, 0.5, 4.5, 8.07
2018-03-20 03:43:03, 3.07, 0.5, 4.5, 8.07
2018-03-20 03:44:04, 8.78, 0.5, 3.8, 13.08
2018-03-20 03:45:04, 8.78, 0.5, 3.8, 13.08
2018-03-20 03:46:04, 8.78, 0.5, 3.8, 13.08
2018-03-20 03:47:03, 8.78, 0.5, 3.8, 13.08
2018-03-20 03:48:03, 8.78, 0.5, 3.8, 13.08
2018-03-20 03:49:04, 2.53, 0.5, 4.5, 7.53
2018-03-20 03:50:03, 2.53, 0.5, 4.5, 7.53
2018-03-20 03:51:03, 2.53, 0.5, 4.5, 7.53
2018-03-20 03:52:04, 2.53, 0.5, 4.5, 7.53
2018-03-20 03:53:04, 2.53, 0.5, 4.5, 7.53
2018-03-20 03:54:04, 3.52, 0.5, 4.1, 8.12
2018-03-20 03:55:04, 3.52, 0.5, 4.1, 8.12
2018-03-20 03:56:04, 3.52, 0.5, 4.1, 8.12
2018-03-20 03:57:03, 3.52, 0.5, 4.1, 8.12
2018-03-20 03:58:04, 3.52, 0.5, 4.1, 8.12
2018-03-20 03:59:03, 3.41, 0.5, 4.4, 8.31
2018-03-20 04:00:05, 3.41, 0.5, 4.4, 8.31
2018-03-20 04:01:04, 3.41, 0.5, 4.4, 8.31
2018-03-20 04:02:04, 3.41, 0.5, 4.4, 8.31
2018-03-20 04:03:04, 3.41, 0.5, 4.4, 8.31
2018-03-20 04:04:04, 8.87, 0.5, 3.8, 13.17
2018-03-20 04:05:03, 8.87, 0.5, 3.8, 13.17
2018-03-20 04:06:04, 8.87, 0.5, 3.8, 13.17
2018-03-20 04:07:04, 8.87, 0.5, 3.8, 13.17
2018-03-20 04:08:03, 8.87, 0.5, 3.8, 13.17
2018-03-20 04:09:04, 8.74, 0.5, 4.5, 13.74
2018-03-20 04:10:04, 8.74, 0.5, 4.5, 13.74
2018-03-20 04:11:03, 8.74, 0.5, 4.5, 13.74
2018-03-20 04:12:04, 8.74, 0.5, 4.5, 13.74
2018-03-20 04:13:04, 8.74, 0.5, 4.5, 13.74
2018-03-20 04:14:03, 3.01, 0.5, 4.2, 7.71
2018-03-20 04:15:04, 3.01, 0.5, 4.2, 7.71
2018-03-20 04:16:04, 3.01, 0.5, 4.2, 7.71
2018-03-20 04:17:04, 3.01, 0.5, 4.2, 7.71
2018-03-20 04:18:04, 3.01, 0.5, 4.2, 7.71
2018-03-20 04:19:03, 3.21, 0.5, 4.5, 8.21
2018-03-20 04:20:03, 3.21, 0.5, 4.5, 8.21
2018-03-20 04:21:04, 3.21, 0.5, 4.5, 8.21
2018-03-20 04:22:04, 3.21, 0.5, 4.5, 8.21
2018-03-20 04:23:03, 3.21, 0.5, 4.5, 8.21
2018-03-20 04:24:04, 3.28, 0.5, 3.8, 7.58
2018-03-20 04:25:04, 3.28, 0.5, 3.8, 7.58
2018-03-20 04:26:04, 3.28, 0.5, 3.8, 7.58
2018-03-20 04:27:03, 3.28, 0.5, 3.8, 7.58
2018-03-20 04:28:03, 3.28, 0.5, 3.8, 7.58
2018-03-20 04:29:04, 8.76, 0.5, 4.4, 13.66
2018-03-20 04:30:05, 8.76, 0.5, 4.4, 13.66
2018-03-20 04:31:03, 8.76, 0.5, 4.4, 13.66
2018-03-20 04:32:04, 8.76, 0.5, 4.4, 13.66
2018-03-20 04:33:03, 8.76, 0.5, 4.4, 13.66
2018-03-20 04:34:04, 2.74, 0.5, 3.8, 7.04
2018-03-20 04:35:04, 2.74, 0.5, 3.8, 7.04
2018-03-20 04:36:04, 2.74, 0.5, 3.8, 7.04
2018-03-20 04:37:03, 2.74, 0.5, 3.8, 7.04
2018-03-20 04:38:04, 2.74, 0.5, 3.8, 7.04
2018-03-20 04:39:04, 3.44, 0.5, 3.8, 7.74
2018-03-20 04:40:04, 3.44, 0.5, 3.8, 7.74
2018-03-20 04:41:04, 3.44, 0.5, 3.8, 7.74
2018-03-20 04:42:03, 3.44, 0.5, 3.8, 7.74
2018-03-20 04:43:04, 3.44, 0.5, 3.8, 7.74
2018-03-20 04:44:03, 3.46, 0.5, 4.4, 8.360001
2018-03-20 04:45:03, 3.46, 0.5, 4.4, 8.360001
2018-03-20 04:46:04, 3.46, 0.5, 4.4, 8.360001
2018-03-20 04:47:04, 3.46, 0.5, 4.4, 8.360001
2018-03-20 04:48:04, 3.46, 0.5, 4.4, 8.360001
2018-03-20 04:49:03, 9.02, 0.5, 3.8, 13.32
2018-03-20 04:50:03, 9.02, 0.5, 3.8, 13.32
2018-03-20 04:51:03, 9.02, 0.5, 3.8, 13.32
2018-03-20 04:52:04, 9.02, 0.5, 3.8, 13.32
2018-03-20 04:53:06, 9.02, 0.5, 3.8, 13.32
2018-03-20 04:54:04, 8.81, 0.5, 4.4, 13.71
2018-03-20 04:55:04, 8.81, 0.5, 4.4, 13.71
2018-03-20 04:56:03, 8.81, 0.5, 4.4, 13.71
2018-03-20 04:57:03, 8.81, 0.5, 4.4, 13.71
2018-03-20 04:58:04, 8.81, 0.5, 4.4, 13.71
2018-03-20 04:59:04, 2.63, 0.5, 4.5, 7.63
2018-03-20 05:00:04, 2.63, 0.5, 4.5, 7.63
2018-03-20 05:01:04, 2.63, 0.5, 4.5, 7.63
2018-03-20 05:02:04, 2.63, 0.5, 4.5, 7.63
2018-03-20 05:03:04, 2.63, 0.5, 4.5, 7.63
2018-03-20 05:04:03, 3.58, 0.5, 4.0, 8.08
2018-03-20 05:05:04, 3.58, 0.5, 4.0, 8.08
2018-03-20 05:06:04, 3.58, 0.5, 4.0, 8.08
2018-03-20 05:07:04, 3.58, 0.5, 4.0, 8.08
2018-03-20 05:08:06, 3.58, 0.5, 4.0, 8.08
2018-03-20 05:09:04, 3.05, 0.5, 3.8, 7.35
2018-03-20 05:10:04, 3.05, 0.5, 3.8, 7.35
2018-03-20 05:11:03, 3.05, 0.5, 3.8, 7.35
2018-03-20 05:12:04, 3.05, 0.5, 3.8, 7.35
2018-03-20 05:13:03, 3.05, 0.5, 3.8, 7.35
2018-03-20 05:14:04, 8.7, 0.5, 4.5, 13.7
2018-03-20 05:15:04, 8.7, 0.5, 4.5, 13.7
2018-03-20 05:16:03, 8.7, 0.5, 4.5, 13.7
2018-03-20 05:17:04, 8.7, 0.5, 4.5, 13.7
2018-03-20 05:18:04, 8.7, 0.5, 4.5, 13.7
2018-03-20 05:19:04, 2.73, 0.5, 5.3, 8.530001
2018-03-20 05:20:04, 2.73, 0.5, 5.3, 8.530001
2018-03-20 05:21:03, 2.73, 0.5, 5.3, 8.530001
2018-03-20 05:22:03, 2.73, 0.5, 5.3, 8.530001
2018-03-20 05:23:03, 2.73, 0.5, 5.3, 8.530001
2018-03-20 05:24:04, 3.27, 0.5, 4.5, 8.27
2018-03-20 05:25:04, 3.27, 0.5, 4.5, 8.27
2018-03-20 05:26:04, 3.27, 0.5, 4.5, 8.27
2018-03-20 05:27:04, 3.27, 0.5, 4.5, 8.27
2018-03-20 05:28:04, 3.27, 0.5, 4.5, 8.27
2018-03-20 05:29:04, 3.28, 0.5, 4.4, 8.18
2018-03-20 05:30:04, 3.28, 0.5, 4.4, 8.18
2018-03-20 05:31:04, 3.28, 0.5, 4.4, 8.18
2018-03-20 05:32:05, 3.28, 0.5, 4.4, 8.18
2018-03-20 05:33:04, 3.28, 0.5, 4.4, 8.18
2018-03-20 05:34:03, 8.79, 0.5, 4.1, 13.39
2018-03-20 05:35:04, 8.79, 0.5, 4.1, 13.39
2018-03-20 05:36:04, 8.79, 0.5, 4.1, 13.39
2018-03-20 05:37:03, 8.79, 0.5, 4.1, 13.39
2018-03-20 05:38:04, 8.79, 0.5, 4.1, 13.39
2018-03-20 05:39:04, 8.86, 0.5, 4.2, 13.56
2018-03-20 05:40:04, 8.86, 0.5, 4.2, 13.56
2018-03-20 05:41:03, 8.86, 0.5, 4.2, 13.56
2018-03-20 05:42:04, 8.86, 0.5, 4.2, 13.56
2018-03-20 05:43:04, 8.86, 0.5, 4.2, 13.56
2018-03-20 05:44:03, 2.91, 0.5, 3.8, 7.21
2018-03-20 05:45:03, 2.91, 0.5, 3.8, 7.21
2018-03-20 05:46:03, 2.91, 0.5, 3.8, 7.21
2018-03-20 05:47:04, 2.91, 0.5, 3.8, 7.21
2018-03-20 05:48:04, 2.91, 0.5, 3.8, 7.21
2018-03-20 05:49:03, 3.43, 0.5, 4.4, 8.33
2018-03-20 05:50:03, 3.43, 0.5, 4.4, 8.33
2018-03-20 05:51:04, 3.43, 0.5, 4.4, 8.33
2018-03-20 05:52:06, 3.43, 0.5, 4.4, 8.33
2018-03-20 05:53:03, 3.43, 0.5, 4.4, 8.33
2018-03-20 05:54:04, 3.15, 0.5, 4.5, 8.15
2018-03-20 05:55:04, 3.15, 0.5, 4.5, 8.15
2018-03-20 05:56:04, 3.15, 0.5, 4.5, 8.15
2018-03-20 05:57:04, 3.15, 0.5, 4.5, 8.15
2018-03-20 05:58:04, 3.15, 0.5, 4.5, 8.15
2018-03-20 05:59:04, 8.77, 0.5, 4.3, 13.57
2018-03-20 06:00:04, 8.77, 0.5, 4.3, 13.57
2018-03-20 06:01:04, 8.77, 0.5, 4.3, 13.57
2018-03-20 06:02:04, 8.77, 0.5, 4.3, 13.57
2018-03-20 06:03:03, 8.77, 0.5, 4.3, 13.57
2018-03-20 06:04:03, 2.66, 0.5, 3.8, 6.96
2018-03-20 06:05:04, 2.66, 0.5, 3.8, 6.96
2018-03-20 06:06:04, 2.66, 0.5, 3.8, 6.96
2018-03-20 06:07:04, 2.66, 0.5, 3.8, 6.96
2018-03-20 06:08:03, 2.66, 0.5, 3.8, 6.96
2018-03-20 06:09:04, 3.22, 0.5, 4.5, 8.22
2018-03-20 06:10:04, 3.22, 0.5, 4.5, 8.22
2018-03-20 06:11:04, 3.22, 0.5, 4.5, 8.22
2018-03-20 06:12:04, 3.22, 0.5, 4.5, 8.22
2018-03-20 06:13:03, 3.22, 0.5, 4.5, 8.22
2018-03-20 06:14:03, 3.57, 0.5, 3.8, 7.87
2018-03-20 06:15:04, 3.57, 0.5, 3.8, 7.87
2018-03-20 06:16:03, 3.57, 0.5, 3.8, 7.87
2018-03-20 06:17:04, 3.57, 0.5, 3.8, 7.87
2018-03-20 06:18:04, 3.57, 0.5, 3.8, 7.87
2018-03-20 06:19:04, 2.86, 0.5, 4.2, 7.56
2018-03-20 06:20:03, 2.86, 0.5, 4.2, 7.56
2018-03-20 06:21:04, 2.86, 0.5, 4.2, 7.56
2018-03-20 06:22:04, 2.86, 0.5, 4.2, 7.56
2018-03-20 06:23:04, 2.86, 0.5, 4.2, 7.56
2018-03-20 06:24:03, 8.74, 0.5, 4.4, 13.64
2018-03-20 06:25:06, 8.74, 0.5, 4.4, 13.64
2018-03-20 06:26:03, 8.74, 0.5, 4.4, 13.64
2018-03-20 06:27:04, 8.74, 0.5, 4.4, 13.64
2018-03-20 06:28:04, 8.74, 0.5, 4.4, 13.64
2018-03-20 06:29:04, 2.83, 0.5, 4.3, 7.63
2018-03-20 06:30:04, 2.83, 0.5, 4.3, 7.63
2018-03-20 06:31:04, 2.83, 0.5, 4.3, 7.63
2018-03-20 06:32:04, 2.83, 0.5, 4.3, 7.63
2018-03-20 06:33:04, 2.83, 0.5, 4.3, 7.63
2018-03-20 06:34:03, 3.34, 0.5, 4.5, 8.34
2018-03-20 06:35:04, 3.34, 0.5, 4.5, 8.34
2018-03-20 06:36:04, 3.34, 0.5, 4.5, 8.34
2018-03-20 06:37:04, 3.34, 0.5, 4.5, 8.34
2018-03-20 06:38:04, 3.34, 0.5, 4.5, 8.34
2018-03-20 06:39:04, 3.27, 0.5, 4.0, 7.77
2018-03-20 06:40:03, 3.27, 0.5, 4.0, 7.77
2018-03-20 06:41:04, 3.27, 0.5, 4.0, 7.77
2018-03-20 06:42:03, 3.27, 0.5, 4.0, 7.77
2018-03-20 06:43:04, 3.27, 0.5, 4.0, 7.77
2018-03-20 06:44:04, 8.91, 0.5, 4.5, 13.91
2018-03-20 06:45:04, 8.91, 0.5, 4.5, 13.91
2018-03-20 06:46:04, 8.91, 0.5, 4.5, 13.91
2018-03-20 06:47:04, 8.91, 0.5, 4.5, 13.91
2018-03-20 06:48:03, 8.91, 0.5, 4.5, 13.91
2018-03-20 06:49:04, 8.98, 0.5, 4.1, 13.58
2018-03-20 06:50:04, 8.98, 0.5, 4.1, 13.58
2018-03-20 06:51:03, 8.98, 0.5, 4.1, 13.58
2018-03-20 06:52:04, 8.98, 0.5, 4.1, 13.58
2018-03-20 06:53:04, 8.98, 0.5, 4.1, 13.58
2018-03-20 06:54:06, 3.21, 0.5, 4.5, 8.21
2018-03-20 06:55:04, 3.21, 0.5, 4.5, 8.21
2018-03-20 06:56:04, 3.21, 0.5, 4.5, 8.21
2018-03-20 06:57:04, 3.21, 0.5, 4.5, 8.21
2018-03-20 06:58:04, 3.21, 0.5, 4.5, 8.21
2018-03-20 06:59:04, 3.35, 0.5, 4.5, 8.35
2018-03-20 07:00:05, 3.35, 0.5, 4.5, 8.35
2018-03-20 07:01:04, 3.35, 0.5, 4.5, 8.35
2018-03-20 07:02:04, 3.35, 0.5, 4.5, 8.35
2018-03-20 07:03:05, 3.35, 0.5, 4.5, 8.35
2018-03-20 07:04:04, 2.62, 0.5, 4.5, 7.62
2018-03-20 07:05:03, 2.62, 0.5, 4.5, 7.62
2018-03-20 07:06:04, 2.62, 0.5, 4.5, 7.62
2018-03-20 07:07:04, 2.62, 0.5, 4.5, 7.62
2018-03-20 07:08:04, 2.62, 0.5, 4.5, 7.62
2018-03-20 07:09:04, 8.87, 0.4, 3.9, 13.17
2018-03-20 07:10:04, 8.87, 0.4, 3.9, 13.17
2018-03-20 07:11:03, 8.87, 0.4, 3.9, 13.17
2018-03-20 07:12:04, 8.87, 0.4, 3.9, 13.17
2018-03-20 07:13:04, 8.87, 0.4, 3.9, 13.17
2018-03-20 07:14:04, 3.04, 0.4, 4.4, 7.84
2018-03-20 07:15:04, 3.04, 0.4, 4.4, 7.84
2018-03-20 07:16:04, 3.04, 0.4, 4.4, 7.84
2018-03-20 07:17:04, 3.04, 0.4, 4.4, 7.84
2018-03-20 07:18:03, 3.04, 0.4, 4.4, 7.84
2018-03-20 07:19:04, 3.25, 0.5, 4.4, 8.15
2018-03-20 07:20:04, 3.25, 0.5, 4.4, 8.15
2018-03-20 07:21:04, 3.25, 0.5, 4.4, 8.15
2018-03-20 07:22:04, 3.25, 0.5, 4.4, 8.15
2018-03-20 07:23:03, 3.25, 0.5, 4.4, 8.15
2018-03-20 07:24:06, 3.31, 0.4, 3.8, 7.51
2018-03-20 07:25:04, 3.31, 0.4, 3.8, 7.51
2018-03-20 07:26:04, 3.31, 0.4, 3.8, 7.51
2018-03-20 07:27:04, 3.31, 0.4, 3.8, 7.51
2018-03-20 07:28:03, 3.31, 0.4, 3.8, 7.51
2018-03-20 07:29:03, 8.63, 0.4, 4.1, 13.13
2018-03-20 07:30:05, 8.63, 0.4, 4.1, 13.13
2018-03-20 07:31:04, 8.63, 0.4, 4.1, 13.13
2018-03-20 07:32:04, 8.63, 0.4, 4.1, 13.13
2018-03-20 07:33:04, 8.63, 0.4, 4.1, 13.13
2018-03-20 07:34:04, 8.73, 0.4, 4.4, 13.53
2018-03-20 07:35:04, 8.73, 0.4, 4.4, 13.53
2018-03-20 07:36:03, 8.73, 0.4, 4.4, 13.53
2018-03-20 07:37:04, 8.73, 0.4, 4.4, 13.53
2018-03-20 07:38:04, 8.73, 0.4, 4.4, 13.53
2018-03-20 07:39:04, 2.81, 0.5, 4.3, 7.61
2018-03-20 07:40:04, 2.81, 0.5, 4.3, 7.61
2018-03-20 07:41:04, 2.81, 0.5, 4.3, 7.61
2018-03-20 07:42:04, 2.81, 0.5, 4.3, 7.61
2018-03-20 07:43:03, 2.81, 0.5, 4.3, 7.61
2018-03-20 07:44:04, 3.51, 0.5, 3.9, 7.91
2018-03-20 07:45:04, 3.51, 0.5, 3.9, 7.91
2018-03-20 07:46:04, 3.51, 0.5, 3.9, 7.91
2018-03-20 07:47:03, 3.51, 0.5, 3.9, 7.91
2018-03-20 07:48:04, 3.51, 0.5, 3.9, 7.91
2018-03-20 07:49:04, 9.97, 0.5, 4.4, 14.87
2018-03-20 07:50:04, 9.97, 0.5, 4.4, 14.87
2018-03-20 07:51:04, 9.97, 0.5, 4.4, 14.87
2018-03-20 07:52:04, 9.97, 0.5, 4.4, 14.87
2018-03-20 07:53:04, 9.97, 0.5, 4.4, 14.87
2018-03-20 07:54:03, 8.77, 0.5, 4.2, 13.47
2018-03-20 07:55:03, 8.77, 0.5, 4.2, 13.47
2018-03-20 07:56:04, 8.77, 0.5, 4.2, 13.47
2018-03-20 07:57:04, 8.77, 0.5, 4.2, 13.47
2018-03-20 07:58:04, 8.77, 0.5, 4.2, 13.47
2018-03-20 07:59:04, 2.58, 0.5, 3.9, 6.98
2018-03-20 08:00:05, 2.58, 0.5, 3.9, 6.98
2018-03-20 08:01:04, 2.58, 0.5, 3.9, 6.98
2018-03-20 08:02:03, 2.58, 0.5, 3.9, 6.98
2018-03-20 08:03:03, 2.58, 0.5, 3.9, 6.98
2018-03-20 08:04:04, 3.53, 0.5, 4.5, 8.53
2018-03-20 08:05:04, 3.53, 0.5, 4.5, 8.53
2018-03-20 08:06:04, 3.53, 0.5, 4.5, 8.53
2018-03-20 08:07:04, 3.53, 0.5, 4.5, 8.53
2018-03-20 08:08:04, 3.53, 0.5, 4.5, 8.53
2018-03-20 08:09:04, 3.47, 0.4, 4.6, 8.47
2018-03-20 08:10:04, 3.47, 0.4, 4.6, 8.47
2018-03-20 08:11:03, 3.47, 0.4, 4.6, 8.47
2018-03-20 08:12:04, 3.47, 0.4, 4.6, 8.47
2018-03-20 08:13:04, 3.47, 0.4, 4.6, 8.47
2018-03-20 08:14:04, 8.71, 0.4, 3.9, 13.01
2018-03-20 08:15:04, 8.71, 0.4, 3.9, 13.01
2018-03-20 08:16:04, 8.71, 0.4, 3.9, 13.01
2018-03-20 08:17:04, 8.71, 0.4, 3.9, 13.01
2018-03-20 08:18:04, 8.71, 0.4, 3.9, 13.01
2018-03-20 08:19:04, 8.93, 0.4, 3.9, 13.23
2018-03-20 08:20:03, 8.93, 0.4, 3.9, 13.23
2018-03-20 08:21:04, 8.93, 0.4, 3.9, 13.23
2018-03-20 08:22:04, 8.93, 0.4, 3.9, 13.23
2018-03-20 08:23:04, 8.93, 0.4, 3.9, 13.23
2018-03-20 08:24:04, 3.08, 0.4, 3.8, 7.28
2018-03-20 08:25:04, 3.08, 0.4, 3.8, 7.28
2018-03-20 08:26:04, 3.08, 0.4, 3.8, 7.28
2018-03-20 08:27:03, 3.08, 0.4, 3.8, 7.28
2018-03-20 08:28:04, 3.08, 0.4, 3.8, 7.28
2018-03-20 08:29:03, 3.58, 0.4, 4.5, 8.48
2018-03-20 08:30:05, 3.58, 0.4, 4.5, 8.48
2018-03-20 08:31:04, 3.58, 0.4, 4.5, 8.48
2018-03-20 08:32:04, 3.58, 0.4, 4.5, 8.48
2018-03-20 08:33:03, 3.58, 0.4, 4.5, 8.48
2018-03-20 08:34:03, 2.94, 0.4, 4.5, 7.84
2018-03-20 08:35:04, 2.94, 0.4, 4.5, 7.84
2018-03-20 08:36:03, 2.94, 0.4, 4.5, 7.84
2018-03-20 08:37:03, 2.94, 0.4, 4.5, 7.84
2018-03-20 08:38:03, 2.94, 0.4, 4.5, 7.84
2018-03-20 08:39:04, 8.72, 0.4, 3.8, 12.92
2018-03-20 08:40:04, 8.72, 0.4, 3.8, 12.92
2018-03-20 08:41:04, 8.72, 0.4, 3.8, 12.92
2018-03-20 08:42:04, 8.72, 0.4, 3.8, 12.92
2018-03-20 08:43:04, 8.72, 0.4, 3.8, 12.92
2018-03-20 08:44:04, 2.61, 0.4, 4.5, 7.51
2018-03-20 08:45:04, 2.61, 0.4, 4.5, 7.51
2018-03-20 08:46:04, 2.61, 0.4, 4.5, 7.51
2018-03-20 08:47:03, 2.61, 0.4, 4.5, 7.51
2018-03-20 08:48:03, 2.61, 0.4, 4.5, 7.51
2018-03-20 08:49:03, 3.29, 0.4, 4.6, 8.29
2018-03-20 08:50:04, 3.29, 0.4, 4.6, 8.29
2018-03-20 08:51:04, 3.29, 0.4, 4.6, 8.29
2018-03-20 08:52:03, 3.29, 0.4, 4.6, 8.29
2018-03-20 08:53:03, 3.29, 0.4, 4.6, 8.29
2018-03-20 08:54:04, 3.25, 0.4, 4.2, 7.85
2018-03-20 08:55:04, 3.25, 0.4, 4.2, 7.85
2018-03-20 08:56:04, 3.25, 0.4, 4.2, 7.85
2018-03-20 08:57:04, 3.25, 0.4, 4.2, 7.85
2018-03-20 08:58:03, 3.25, 0.4, 4.2, 7.85
2018-03-20 08:59:03, 8.7, 0.4, 4.5, 13.6
2018-03-20 09:00:05, 8.7, 0.4, 4.5, 13.6
2018-03-20 09:01:04, 8.7, 0.4, 4.5, 13.6
2018-03-20 09:02:04, 8.7, 0.4, 4.5, 13.6
2018-03-20 09:03:04, 8.7, 0.4, 4.5, 13.6
2018-03-20 09:04:04, 8.96, 0.4, 3.9, 13.26
2018-03-20 09:05:03, 8.96, 0.4, 3.9, 13.26
2018-03-20 09:06:03, 8.96, 0.4, 3.9, 13.26
2018-03-20 09:07:04, 8.96, 0.4, 3.9, 13.26
2018-03-20 09:08:04, 8.96, 0.4, 3.9, 13.26
2018-03-20 09:09:03, 3.16, 0.4, 4.2, 7.76
2018-03-20 09:10:04, 3.16, 0.4, 4.2, 7.76
2018-03-20 09:11:04, 3.16, 0.4, 4.2, 7.76
2018-03-20 09:12:04, 3.16, 0.4, 4.2, 7.76
2018-03-20 09:13:04, 3.16, 0.4, 4.2, 7.76
2018-03-20 09:14:04, 3.33, 0.4, 3.9, 7.63
2018-03-20 09:15:05, 3.33, 0.4, 3.9, 7.63
2018-03-20 09:16:04, 3.33, 0.4, 3.9, 7.63
2018-03-20 09:17:04, 3.33, 0.4, 3.9, 7.63
2018-03-20 09:18:04, 3.33, 0.4, 3.9, 7.63
2018-03-20 09:19:05, 2.91, 0.4, 3.9, 7.21
2018-03-20 09:20:04, 2.91, 0.4, 3.9, 7.21
2018-03-20 09:21:04, 2.91, 0.4, 3.9, 7.21
2018-03-20 09:22:04, 2.91, 0.4, 3.9, 7.21
2018-03-20 09:23:04, 2.91, 0.4, 3.9, 7.21
2018-03-20 09:24:04, 8.76, 0.4, 4.5, 13.66
2018-03-20 09:25:04, 8.76, 0.4, 4.5, 13.66
2018-03-20 09:26:03, 8.76, 0.4, 4.5, 13.66
2018-03-20 09:27:03, 8.76, 0.4, 4.5, 13.66
2018-03-20 09:28:03, 8.76, 0.4, 4.5, 13.66
2018-03-20 09:29:04, 2.73, 0.4, 3.9, 7.03
2018-03-20 09:30:05, 2.73, 0.4, 3.9, 7.03
2018-03-20 09:31:03, 2.73, 0.4, 3.9, 7.03
2018-03-20 09:32:04, 2.73, 0.4, 3.9, 7.03
2018-03-20 09:33:03, 2.73, 0.4, 3.9, 7.03
2018-03-20 09:34:03, 3.2, 0.4, 4.3, 7.9
2018-03-20 09:35:03, 3.2, 0.4, 4.3, 7.9
2018-03-20 09:36:04, 3.2, 0.4, 4.3, 7.9
2018-03-20 09:37:04, 3.2, 0.4, 4.3, 7.9
2018-03-20 09:38:04, 3.2, 0.4, 4.3, 7.9
2018-03-20 09:39:04, 3.4, 0.4, 3.9, 7.7
2018-03-20 09:40:04, 3.4, 0.4, 3.9, 7.7
2018-03-20 09:41:03, 3.4, 0.4, 3.9, 7.7
2018-03-20 09:42:04, 3.4, 0.4, 3.9, 7.7
2018-03-20 09:43:04, 3.4, 0.4, 3.9, 7.7
2018-03-20 09:44:04, 8.95, 0.4, 4.5, 13.85
2018-03-20 09:45:04, 8.95, 0.4, 4.5, 13.85
2018-03-20 09:46:04, 8.95, 0.4, 4.5, 13.85
2018-03-20 09:47:03, 8.95, 0.4, 4.5, 13.85
2018-03-20 09:48:04, 8.95, 0.4, 4.5, 13.85
2018-03-20 09:49:04, 8.68, 0.4, 4.5, 13.58
2018-03-20 09:50:04, 8.68, 0.4, 4.5, 13.58
2018-03-20 09:51:04, 8.68, 0.4, 4.5, 13.58
2018-03-20 09:52:04, 8.68, 0.4, 4.5, 13.58
2018-03-20 09:53:04, 8.68, 0.4, 4.5, 13.58
2018-03-20 09:54:03, 2.94, 0.4, 4.5, 7.84
2018-03-20 09:55:04, 2.94, 0.4, 4.5, 7.84
2018-03-20 09:56:03, 2.94, 0.4, 4.5, 7.84
2018-03-20 09:57:04, 2.94, 0.4, 4.5, 7.84
2018-03-20 09:58:04, 2.94, 0.4, 4.5, 7.84
2018-03-20 09:59:04, 3.46, 0.4, 4.2, 8.06
2018-03-20 10:00:05, 3.46, 0.4, 4.2, 8.06
2018-03-20 10:01:04, 3.46, 0.4, 4.2, 8.06
2018-03-20 10:02:04, 3.46, 0.4, 4.2, 8.06
2018-03-20 10:03:04, 3.46, 0.4, 4.2, 8.06
2018-03-20 10:04:03, 3.28, 0.4, 4.4, 8.08
2018-03-20 10:05:04, 3.28, 0.4, 4.4, 8.08
2018-03-20 10:06:04, 3.28, 0.4, 4.4, 8.08
2018-03-20 10:07:04, 3.28, 0.4, 4.4, 8.08
2018-03-20 10:08:04, 3.28, 0.4, 4.4, 8.08
2018-03-20 10:09:04, 8.66, 0.4, 4.0, 13.06
2018-03-20 10:10:04, 8.66, 0.4, 4.0, 13.06
2018-03-20 10:11:04, 8.66, 0.4, 4.0, 13.06
2018-03-20 10:12:04, 8.66, 0.4, 4.0, 13.06
2018-03-20 10:13:04, 8.66, 0.4, 4.0, 13.06
2018-03-20 10:14:04, 2.68, 0.4, 4.4, 7.48
2018-03-20 10:15:04, 2.68, 0.4, 4.4, 7.48
2018-03-20 10:16:04, 2.68, 0.4, 4.4, 7.48
2018-03-20 10:17:04, 2.68, 0.4, 4.4, 7.48
2018-03-20 10:18:04, 2.68, 0.4, 4.4, 7.48
2018-03-20 10:19:04, 3.52, 0.4, 4.4, 8.32
2018-03-20 10:20:04, 3.52, 0.4, 4.4, 8.32
2018-03-20 10:21:04, 3.52, 0.4, 4.4, 8.32
2018-03-20 10:22:04, 3.52, 0.4, 4.4, 8.32
2018-03-20 10:23:04, 3.52, 0.4, 4.4, 8.32
2018-03-20 10:24:03, 3.57, 0.4, 4.4, 8.37
2018-03-20 10:25:03, 3.57, 0.4, 4.4, 8.37
2018-03-20 10:26:05, 3.57, 0.4, 4.4, 8.37
2018-03-20 10:27:04, 3.57, 0.4, 4.4, 8.37
2018-03-20 10:28:04, 3.57, 0.4, 4.4, 8.37
2018-03-20 10:29:04, 8.8, 0.4, 4.4, 13.6
2018-03-20 10:30:05, 8.8, 0.4, 4.4, 13.6
2018-03-20 10:31:04, 8.8, 0.4, 4.4, 13.6
2018-03-20 10:32:03, 8.8, 0.4, 4.4, 13.6
2018-03-20 10:33:04, 8.8, 0.4, 4.4, 13.6
2018-03-20 10:34:04, 8.93, 0.5, 3.8, 13.23
2018-03-20 10:35:04, 8.93, 0.5, 3.8, 13.23
2018-03-20 10:36:04, 8.93, 0.5, 3.8, 13.23
2018-03-20 10:37:03, 8.93, 0.5, 3.8, 13.23
2018-03-20 10:38:03, 8.93, 0.5, 3.8, 13.23
2018-03-20 10:39:03, 3.14, 0.8, 4.1, 8.04
2018-03-20 10:40:03, 3.14, 0.8, 4.1, 8.04
2018-03-20 10:41:04, 3.14, 0.8, 4.1, 8.04
2018-03-20 10:42:03, 3.14, 0.8, 4.1, 8.04
2018-03-20 10:43:04, 3.14, 0.8, 4.1, 8.04
2018-03-20 10:44:03, 3.35, 0.8, 5.3, 9.45
2018-03-20 10:45:04, 3.35, 0.8, 5.3, 9.45
2018-03-20 10:46:03, 3.35, 0.8, 5.3, 9.45
2018-03-20 10:47:04, 3.35, 0.8, 5.3, 9.45
2018-03-20 10:48:04, 3.35, 0.8, 5.3, 9.45
2018-03-20 10:49:04, 3.13, 0.8, 5.4, 9.33
2018-03-20 10:50:04, 3.13, 0.8, 5.4, 9.33
2018-03-20 10:51:04, 3.13, 0.8, 5.4, 9.33
2018-03-20 10:52:03, 3.13, 0.8, 5.4, 9.33
2018-03-20 10:53:03, 3.13, 0.8, 5.4, 9.33
2018-03-20 10:54:03, 8.7, 0.8, 5.0, 14.5
2018-03-20 10:55:04, 8.7, 0.8, 5.0, 14.5
2018-03-20 10:56:04, 8.7, 0.8, 5.0, 14.5
2018-03-20 10:57:04, 8.7, 0.8, 5.0, 14.5
2018-03-20 10:58:04, 8.7, 0.8, 5.0, 14.5
2018-03-20 10:59:04, 2.48, 0.8, 5.5, 8.78
2018-03-20 11:00:05, 2.48, 0.8, 5.5, 8.78
2018-03-20 11:01:03, 2.48, 0.8, 5.5, 8.78
2018-03-20 11:02:04, 2.48, 0.8, 5.5, 8.78
2018-03-20 11:03:04, 2.48, 0.8, 5.5, 8.78
2018-03-20 11:04:04, 2.7, 0.8, 5.3, 8.8
2018-03-20 11:05:04, 2.7, 0.8, 5.3, 8.8
2018-03-20 11:06:04, 2.7, 0.8, 5.3, 8.8
2018-03-20 11:07:04, 2.7, 0.8, 5.3, 8.8
2018-03-20 11:08:04, 2.7, 0.8, 5.3, 8.8
2018-03-20 11:09:04, 3.02, 0.8, 5.4, 9.22
2018-03-20 11:10:04, 3.02, 0.8, 5.4, 9.22
2018-03-20 11:11:04, 3.02, 0.8, 5.4, 9.22
2018-03-20 11:12:04, 3.02, 0.8, 5.4, 9.22
2018-03-20 11:13:04, 3.02, 0.8, 5.4, 9.22
2018-03-20 11:14:04, 9.01, 0.8, 5.4, 15.21
2018-03-20 11:15:04, 9.01, 0.8, 5.4, 15.21
2018-03-20 11:16:04, 9.01, 0.8, 5.4, 15.21
2018-03-20 11:17:04, 9.01, 0.8, 5.4, 15.21
2018-03-20 11:18:04, 9.01, 0.8, 5.4, 15.21
2018-03-20 11:19:04, 8.93, 0.8, 5.0, 14.73
2018-03-20 11:20:04, 8.93, 0.8, 5.0, 14.73
2018-03-20 11:21:04, 8.93, 0.8, 5.0, 14.73
2018-03-20 11:22:04, 8.93, 0.8, 5.0, 14.73
2018-03-20 11:23:04, 8.93, 0.8, 5.0, 14.73
2018-03-20 11:24:04, 2.69, 0.8, 4.9, 8.39
2018-03-20 11:25:04, 2.69, 0.8, 4.9, 8.39
2018-03-20 11:26:03, 2.69, 0.8, 4.9, 8.39
2018-03-20 11:27:03, 2.69, 0.8, 4.9, 8.39
2018-03-20 11:28:03, 2.69, 0.8, 4.9, 8.39
2018-03-20 11:29:04, 2.61, 0.8, 4.8, 8.21
2018-03-20 11:30:05, 2.61, 0.8, 4.8, 8.21
2018-03-20 11:31:04, 2.61, 0.8, 4.8, 8.21
2018-03-20 11:32:04, 2.61, 0.8, 4.8, 8.21
2018-03-20 11:33:04, 2.61, 0.8, 4.8, 8.21
2018-03-20 11:34:04, 2.95, 0.4, 5.3, 8.650001
2018-03-20 11:35:04, 2.95, 0.4, 5.3, 8.650001
2018-03-20 11:36:04, 2.95, 0.4, 5.3, 8.650001
2018-03-20 11:37:04, 2.95, 0.4, 5.3, 8.650001
2018-03-20 11:38:04, 2.95, 0.4, 5.3, 8.650001
2018-03-20 11:39:04, 8.89, 0.4, 4.8, 14.09
2018-03-20 11:40:04, 8.89, 0.4, 4.8, 14.09
2018-03-20 11:41:04, 8.89, 0.4, 4.8, 14.09
2018-03-20 11:42:04, 8.89, 0.4, 4.8, 14.09
2018-03-20 11:43:04, 8.89, 0.4, 4.8, 14.09
2018-03-20 11:44:04, 2.47, 0.4, 5.4, 8.27
2018-03-20 11:45:04, 2.47, 0.4, 5.4, 8.27
2018-03-20 11:46:04, 2.47, 0.4, 5.4, 8.27
2018-03-20 11:47:04, 2.47, 0.4, 5.4, 8.27
2018-03-20 11:48:04, 2.47, 0.4, 5.4, 8.27
2018-03-20 11:49:05, 2.49, 0.4, 4.8, 7.69
2018-03-20 11:50:04, 2.49, 0.4, 4.8, 7.69
2018-03-20 11:51:04, 2.49, 0.4, 4.8, 7.69
2018-03-20 11:52:04, 2.49, 0.4, 4.8, 7.69
2018-03-20 11:53:04, 2.49, 0.4, 4.8, 7.69
2018-03-20 11:54:04, 2.49, 1.3, 4.9, 8.690001
2018-03-20 11:55:04, 2.49, 1.3, 4.9, 8.690001
2018-03-20 11:56:04, 2.49, 1.3, 4.9, 8.690001
2018-03-20 11:57:04, 2.49, 1.3, 4.9, 8.690001
2018-03-20 11:58:04, 2.49, 1.3, 4.9, 8.690001
2018-03-20 11:59:04, 8.55, 0.4, 4.8, 13.75
2018-03-20 12:00:05, 8.55, 0.4, 4.8, 13.75
2018-03-20 12:01:04, 8.55, 0.4, 4.8, 13.75
2018-03-20 12:02:04, 8.55, 0.4, 4.8, 13.75
2018-03-20 12:03:04, 8.55, 0.4, 4.8, 13.75
2018-03-20 12:04:04, 8.63, 0.4, 4.9, 13.93
2018-03-20 12:05:04, 8.63, 0.4, 4.9, 13.93
2018-03-20 12:06:04, 8.63, 0.4, 4.9, 13.93
2018-03-20 12:07:04, 8.63, 0.4, 4.9, 13.93
2018-03-20 12:08:04, 8.63, 0.4, 4.9, 13.93
2018-03-20 12:09:04, 2.48, 0.4, 5.6, 8.48
2018-03-20 12:10:03, 2.48, 0.4, 5.6, 8.48
2018-03-20 12:11:04, 2.48, 0.4, 5.6, 8.48
2018-03-20 12:12:04, 2.48, 0.4, 5.6, 8.48
2018-03-20 12:13:04, 2.48, 0.4, 5.6, 8.48
2018-03-20 12:14:04, 2.48, 0.4, 5.6, 8.48
2018-03-20 12:15:04, 2.48, 0.4, 5.6, 8.48
2018-03-20 12:16:03, 2.48, 0.4, 5.6, 8.48
2018-03-20 12:17:05, 2.48, 0.4, 5.6, 8.48
2018-03-20 12:18:04, 2.48, 0.4, 5.6, 8.48
2018-03-20 12:19:04, 2.47, 0.4, 5.5, 8.37
2018-03-20 12:20:04, 2.47, 0.4, 5.5, 8.37
2018-03-20 12:21:04, 2.47, 0.4, 5.5, 8.37
2018-03-20 12:22:04, 2.47, 0.4, 5.5, 8.37
2018-03-20 12:23:04, 2.47, 0.4, 5.5, 8.37
2018-03-20 12:24:03, 8.62, 0.4, 5.6, 14.62
2018-03-20 12:25:03, 8.62, 0.4, 5.6, 14.62
2018-03-20 12:26:04, 8.62, 0.4, 5.6, 14.62
2018-03-20 12:27:06, 8.62, 0.4, 5.6, 14.62
2018-03-20 12:28:04, 8.62, 0.4, 5.6, 14.62
2018-03-20 12:29:04, 2.48, 0.4, 5.1, 7.98
2018-03-20 12:30:05, 2.48, 0.4, 5.1, 7.98
2018-03-20 12:31:04, 2.48, 0.4, 5.1, 7.98
2018-03-20 12:32:04, 2.48, 0.4, 5.1, 7.98
2018-03-20 12:33:03, 2.48, 0.4, 5.1, 7.98
2018-03-20 12:34:05, 2.48, 0.4, 5.6, 8.48
2018-03-20 12:35:05, 2.48, 0.4, 5.6, 8.48
2018-03-20 12:36:04, 2.48, 0.4, 5.6, 8.48
2018-03-20 12:37:04, 2.48, 0.4, 5.6, 8.48
2018-03-20 12:38:04, 2.48, 0.4, 5.6, 8.48
2018-03-20 12:39:05, 2.51, 0.4, 5.6, 8.51
2018-03-20 12:40:04, 2.51, 0.4, 5.6, 8.51
2018-03-20 12:41:05, 2.51, 0.4, 5.6, 8.51
2018-03-20 12:42:04, 2.51, 0.4, 5.6, 8.51
2018-03-20 12:43:04, 2.51, 0.4, 5.6, 8.51
2018-03-20 12:44:05, 8.58, 0.4, 5.1, 14.08
2018-03-20 12:45:04, 8.58, 0.4, 5.1, 14.08
2018-03-20 12:46:06, 8.58, 0.4, 5.1, 14.08
2018-03-20 12:47:04, 8.58, 0.4, 5.1, 14.08
2018-03-20 12:48:04, 8.58, 0.4, 5.1, 14.08
2018-03-20 12:49:04, 8.64, 0.4, 4.9, 13.94
2018-03-20 12:50:04, 8.64, 0.4, 4.9, 13.94
2018-03-20 12:51:04, 8.64, 0.4, 4.9, 13.94
2018-03-20 12:52:03, 8.64, 0.4, 4.9, 13.94
2018-03-20 12:53:04, 8.64, 0.4, 4.9, 13.94
2018-03-20 12:54:04, 2.48, 0.4, 5.1, 7.98
2018-03-20 12:55:04, 2.48, 0.4, 5.1, 7.98
2018-03-20 12:56:04, 2.48, 0.4, 5.1, 7.98
2018-03-20 12:57:04, 2.48, 0.4, 5.1, 7.98
2018-03-20 12:58:04, 2.48, 0.4, 5.1, 7.98
2018-03-20 12:59:04, 2.49, 0.8, 5.1, 8.39
2018-03-20 13:00:05, 2.49, 0.8, 5.1, 8.39
2018-03-20 13:01:05, 2.49, 0.8, 5.1, 8.39
2018-03-20 13:02:04, 2.49, 0.8, 5.1, 8.39
2018-03-20 13:03:04, 2.49, 0.8, 5.1, 8.39
2018-03-20 13:04:06, 2.5, 0.8, 5.5, 8.8
2018-03-20 13:05:04, 2.5, 0.8, 5.5, 8.8
2018-03-20 13:06:04, 2.5, 0.8, 5.5, 8.8
2018-03-20 13:07:04, 2.5, 0.8, 5.5, 8.8
2018-03-20 13:08:04, 2.5, 0.8, 5.5, 8.8
2018-03-20 13:09:04, 8.57, 0.8, 4.9, 14.27
2018-03-20 13:10:04, 8.57, 0.8, 4.9, 14.27
2018-03-20 13:11:04, 8.57, 0.8, 4.9, 14.27
2018-03-20 13:12:04, 8.57, 0.8, 4.9, 14.27
2018-03-20 13:13:04, 8.57, 0.8, 4.9, 14.27
2018-03-20 13:14:04, 2.47, 0.8, 5.5, 8.77
2018-03-20 13:15:04, 2.47, 0.8, 5.5, 8.77
2018-03-20 13:16:04, 2.47, 0.8, 5.5, 8.77
2018-03-20 13:17:04, 2.47, 0.8, 5.5, 8.77
2018-03-20 13:18:04, 2.47, 0.8, 5.5, 8.77
2018-03-20 13:19:04, 2.49, 0.8, 5.6, 8.89
2018-03-20 13:20:04, 2.49, 0.8, 5.6, 8.89
2018-03-20 13:21:04, 2.49, 0.8, 5.6, 8.89
2018-03-20 13:22:05, 2.49, 0.8, 5.6, 8.89
2018-03-20 13:23:04, 2.49, 0.8, 5.6, 8.89
2018-03-20 13:24:04, 2.5, 0.8, 5.6, 8.9
2018-03-20 13:25:04, 2.5, 0.8, 5.6, 8.9
2018-03-20 13:26:04, 2.5, 0.8, 5.6, 8.9
2018-03-20 13:27:03, 2.5, 0.8, 5.6, 8.9
2018-03-20 13:28:04, 2.5, 0.8, 5.6, 8.9
2018-03-20 13:29:04, 8.64, 0.8, 5.2, 14.64
2018-03-20 13:30:05, 8.64, 0.8, 5.2, 14.64
2018-03-20 13:31:04, 8.64, 0.8, 5.2, 14.64
2018-03-20 13:32:04, 8.64, 0.8, 5.2, 14.64
2018-03-20 13:33:04, 8.64, 0.8, 5.2, 14.64
2018-03-20 13:34:04, 8.66, 0.8, 5.4, 14.86
2018-03-20 13:35:04, 8.66, 0.8, 5.4, 14.86
2018-03-20 13:36:03, 8.66, 0.8, 5.4, 14.86
2018-03-20 13:37:04, 8.66, 0.8, 5.4, 14.86
2018-03-20 13:38:04, 8.66, 0.8, 5.4, 14.86
2018-03-20 13:39:04, 2.5, 0.8, 5.2, 8.5
2018-03-20 13:40:04, 2.5, 0.8, 5.2, 8.5
2018-03-20 13:41:04, 2.5, 0.8, 5.2, 8.5
2018-03-20 13:42:03, 2.5, 0.8, 5.2, 8.5
2018-03-20 13:43:04, 2.5, 0.8, 5.2, 8.5
2018-03-20 13:44:04, 2.49, 0.4, 5.6, 8.49
2018-03-20 13:45:05, 2.49, 0.4, 5.6, 8.49
2018-03-20 13:46:04, 2.49, 0.4, 5.6, 8.49
2018-03-20 13:47:04, 2.49, 0.4, 5.6, 8.49
2018-03-20 13:48:04, 2.49, 0.4, 5.6, 8.49
2018-03-20 13:49:03, 2.48, 0.4, 5.6, 8.48
2018-03-20 13:50:03, 2.48, 0.4, 5.6, 8.48
2018-03-20 13:51:04, 2.48, 0.4, 5.6, 8.48
2018-03-20 13:52:04, 2.48, 0.4, 5.6, 8.48
2018-03-20 13:53:04, 2.48, 0.4, 5.6, 8.48
2018-03-20 13:54:04, 8.6, 0.4, 4.9, 13.9
2018-03-20 13:55:04, 8.6, 0.4, 4.9, 13.9
2018-03-20 13:56:05, 8.6, 0.4, 4.9, 13.9
2018-03-20 13:57:03, 8.6, 0.4, 4.9, 13.9
2018-03-20 13:58:04, 8.6, 0.4, 4.9, 13.9
2018-03-20 13:59:04, 2.46, 0.4, 5.6, 8.46
2018-03-20 14:00:06, 2.46, 0.4, 5.6, 8.46
2018-03-20 14:01:04, 2.46, 0.4, 5.6, 8.46
2018-03-20 14:02:04, 2.46, 0.4, 5.6, 8.46
2018-03-20 14:03:04, 2.46, 0.4, 5.6, 8.46
2018-03-20 14:04:04, 2.47, 0.4, 5.0, 7.87
2018-03-20 14:05:03, 2.47, 0.4, 5.0, 7.87
2018-03-20 14:06:04, 2.47, 0.4, 5.0, 7.87
2018-03-20 14:07:04, 2.47, 0.4, 5.0, 7.87
2018-03-20 14:08:04, 2.47, 0.4, 5.0, 7.87
2018-03-20 14:09:04, 2.49, 0.8, 5.1, 8.39
2018-03-20 14:10:04, 2.49, 0.8, 5.1, 8.39
2018-03-20 14:11:04, 2.49, 0.8, 5.1, 8.39
2018-03-20 14:12:04, 2.49, 0.8, 5.1, 8.39
2018-03-20 14:13:04, 2.49, 0.8, 5.1, 8.39
2018-03-20 14:14:04, 8.59, 0.8, 5.4, 14.79
2018-03-20 14:15:04, 8.59, 0.8, 5.4, 14.79
2018-03-20 14:16:03, 8.59, 0.8, 5.4, 14.79
2018-03-20 14:17:04, 8.59, 0.8, 5.4, 14.79
2018-03-20 14:18:04, 8.59, 0.8, 5.4, 14.79
2018-03-20 14:19:04, 8.65, 0.8, 4.8, 14.25
2018-03-20 14:20:04, 8.65, 0.8, 4.8, 14.25
2018-03-20 14:21:04, 8.65, 0.8, 4.8, 14.25
2018-03-20 14:22:04, 8.65, 0.8, 4.8, 14.25
2018-03-20 14:23:04, 8.65, 0.8, 4.8, 14.25
2018-03-20 14:24:04, 2.47, 0.8, 4.8, 8.070001
2018-03-20 14:25:04, 2.47, 0.8, 4.8, 8.070001
2018-03-20 14:26:04, 2.47, 0.8, 4.8, 8.070001
2018-03-20 14:27:03, 2.47, 0.8, 4.8, 8.070001
2018-03-20 14:28:03, 2.47, 0.8, 4.8, 8.070001
2018-03-20 14:29:04, 2.5, 0.8, 5.4, 8.7
2018-03-20 14:30:06, 2.5, 0.8, 5.4, 8.7
2018-03-20 14:31:04, 2.5, 0.8, 5.4, 8.7
2018-03-20 14:32:04, 2.5, 0.8, 5.4, 8.7
2018-03-20 14:33:04, 2.5, 0.8, 5.4, 8.7
2018-03-20 14:34:04, 2.5, 0.8, 5.0, 8.3
2018-03-20 14:35:03, 2.5, 0.8, 5.0, 8.3
2018-03-20 14:36:03, 2.5, 0.8, 5.0, 8.3
2018-03-20 14:37:04, 2.5, 0.8, 5.0, 8.3
2018-03-20 14:38:04, 2.5, 0.8, 5.0, 8.3
2018-03-20 14:39:04, 8.6, 0.8, 5.0, 14.4
2018-03-20 14:40:04, 8.6, 0.8, 5.0, 14.4
2018-03-20 14:41:04, 8.6, 0.8, 5.0, 14.4
2018-03-20 14:42:03, 8.6, 0.8, 5.0, 14.4
2018-03-20 14:43:04, 8.6, 0.8, 5.0, 14.4
2018-03-20 14:44:05, 2.49, 0.8, 4.8, 8.09
2018-03-20 14:45:04, 2.49, 0.8, 4.8, 8.09
2018-03-20 14:46:04, 2.49, 0.8, 4.8, 8.09
2018-03-20 14:47:04, 2.49, 0.8, 4.8, 8.09
2018-03-20 14:48:04, 2.49, 0.8, 4.8, 8.09
2018-03-20 14:49:04, 2.5, 0.4, 5.2, 8.1
2018-03-20 14:50:04, 2.5, 0.4, 5.2, 8.1
2018-03-20 14:51:04, 2.5, 0.4, 5.2, 8.1
2018-03-20 14:52:05, 2.5, 0.4, 5.2, 8.1
2018-03-20 14:53:04, 2.5, 0.4, 5.2, 8.1
2018-03-20 14:54:04, 2.49, 0.4, 4.9, 7.79
2018-03-20 14:55:04, 2.49, 0.4, 4.9, 7.79
2018-03-20 14:56:05, 2.49, 0.4, 4.9, 7.79
2018-03-20 14:57:04, 2.49, 0.4, 4.9, 7.79
2018-03-20 14:58:04, 2.49, 0.4, 4.9, 7.79
2018-03-20 14:59:04, 8.72, 0.4, 5.3, 14.42
2018-03-20 15:00:09, 8.72, 0.4, 5.3, 14.42
2018-03-20 15:01:04, 8.72, 0.4, 5.3, 14.42
2018-03-20 15:02:04, 8.72, 0.4, 5.3, 14.42
2018-03-20 15:03:04, 8.72, 0.4, 5.3, 14.42
2018-03-20 15:04:03, 8.56, 0.4, 5.4, 14.36
2018-03-20 15:05:04, 8.56, 0.4, 5.4, 14.36
2018-03-20 15:06:05, 8.56, 0.4, 5.4, 14.36
2018-03-20 15:07:04, 8.56, 0.4, 5.4, 14.36
2018-03-20 15:08:04, 8.56, 0.4, 5.4, 14.36
2018-03-20 15:09:04, 2.5, 0.4, 4.8, 7.7
2018-03-20 15:10:05, 2.5, 0.4, 4.8, 7.7
2018-03-20 15:11:04, 2.5, 0.4, 4.8, 7.7
2018-03-20 15:12:04, 2.5, 0.4, 4.8, 7.7
2018-03-20 15:13:04, 2.5, 0.4, 4.8, 7.7
2018-03-20 15:14:04, 2.46, 0.4, 4.7, 7.56
2018-03-20 15:15:04, 2.46, 0.4, 4.7, 7.56
2018-03-20 15:16:04, 2.46, 0.4, 4.7, 7.56
2018-03-20 15:17:05, 2.46, 0.4, 4.7, 7.56
2018-03-20 15:18:04, 2.46, 0.4, 4.7, 7.56
2018-03-20 15:19:03, 2.5, 0.4, 4.7, 7.6
2018-03-20 15:20:04, 2.5, 0.4, 4.7, 7.6
2018-03-20 15:21:04, 2.5, 0.4, 4.7, 7.6
2018-03-20 15:22:04, 2.5, 0.4, 4.7, 7.6
2018-03-20 15:23:04, 2.5, 0.4, 4.7, 7.6
2018-03-20 15:24:03, 8.57, 0.4, 4.8, 13.77
2018-03-20 15:25:05, 8.57, 0.4, 4.8, 13.77
2018-03-20 15:26:04, 8.57, 0.4, 4.8, 13.77
2018-03-20 15:27:04, 8.57, 0.4, 4.8, 13.77
2018-03-20 15:28:04, 8.57, 0.4, 4.8, 13.77
2018-03-20 15:29:05, 8.63, 0.8, 5.3, 14.73
2018-03-20 15:30:06, 8.63, 0.8, 5.3, 14.73
2018-03-20 15:31:04, 8.63, 0.8, 5.3, 14.73
2018-03-20 15:32:04, 8.63, 0.8, 5.3, 14.73
2018-03-20 15:33:05, 8.63, 0.8, 5.3, 14.73
2018-03-20 15:34:03, 2.48, 0.8, 5.1, 8.38
2018-03-20 15:35:04, 2.48, 0.8, 5.1, 8.38
2018-03-20 15:36:04, 2.48, 0.8, 5.1, 8.38
2018-03-20 15:37:03, 2.48, 0.8, 5.1, 8.38
2018-03-20 15:38:04, 2.48, 0.8, 5.1, 8.38
2018-03-20 15:39:04, 2.47, 0.4, 5.1, 7.97
2018-03-20 15:40:04, 2.47, 0.4, 5.1, 7.97
2018-03-20 15:41:04, 2.47, 0.4, 5.1, 7.97
2018-03-20 15:42:04, 2.47, 0.4, 5.1, 7.97
2018-03-20 15:43:04, 2.47, 0.4, 5.1, 7.97
2018-03-20 15:44:04, 2.51, 0.8, 5.4, 8.71
2018-03-20 15:45:04, 2.51, 0.8, 5.4, 8.71
2018-03-20 15:46:04, 2.51, 0.8, 5.4, 8.71
2018-03-20 15:47:04, 2.51, 0.8, 5.4, 8.71
2018-03-20 15:48:04, 2.51, 0.8, 5.4, 8.71
2018-03-20 15:49:04, 8.6, 0.8, 5.2, 14.6
2018-03-20 15:50:04, 8.6, 0.8, 5.2, 14.6
2018-03-20 15:51:04, 8.6, 0.8, 5.2, 14.6
2018-03-20 15:52:04, 8.6, 0.8, 5.2, 14.6
2018-03-20 15:53:04, 8.6, 0.8, 5.2, 14.6
2018-03-20 15:54:04, 2.46, 0.8, 5.3, 8.56
2018-03-20 15:55:04, 2.46, 0.8, 5.3, 8.56
2018-03-20 15:56:04, 2.46, 0.8, 5.3, 8.56
2018-03-20 15:57:04, 2.46, 0.8, 5.3, 8.56
2018-03-20 15:58:04, 2.46, 0.8, 5.3, 8.56
2018-03-20 15:59:04, 2.48, 0.8, 4.7, 7.98
2018-03-20 16:00:05, 2.48, 0.8, 4.7, 7.98
2018-03-20 16:01:04, 2.48, 0.8, 4.7, 7.98
2018-03-20 16:02:04, 2.48, 0.8, 4.7, 7.98
2018-03-20 16:03:04, 2.48, 0.8, 4.7, 7.98
2018-03-20 16:04:03, 2.5, 0.8, 5.3, 8.6
2018-03-20 16:05:03, 2.5, 0.8, 5.3, 8.6
2018-03-20 16:06:04, 2.5, 0.8, 5.3, 8.6
2018-03-20 16:07:05, 2.5, 0.8, 5.3, 8.6
2018-03-20 16:08:04, 2.5, 0.8, 5.3, 8.6
2018-03-20 16:09:06, 8.55, 0.8, 4.7, 14.05
2018-03-20 16:10:04, 8.55, 0.8, 4.7, 14.05
2018-03-20 16:11:04, 8.55, 0.8, 4.7, 14.05
2018-03-20 16:12:04, 8.55, 0.8, 4.7, 14.05
2018-03-20 16:13:04, 8.55, 0.8, 4.7, 14.05
2018-03-20 16:14:04, 8.61, 0.8, 5.1, 14.51
2018-03-20 16:15:04, 8.61, 0.8, 5.1, 14.51
2018-03-20 16:16:04, 8.61, 0.8, 5.1, 14.51
2018-03-20 16:17:05, 8.61, 0.8, 5.1, 14.51
2018-03-20 16:18:04, 8.61, 0.8, 5.1, 14.51
2018-03-20 16:19:03, 2.48, 0.8, 5.4, 8.68
2018-03-20 16:20:05, 2.48, 0.8, 5.4, 8.68
2018-03-20 16:21:04, 2.48, 0.8, 5.4, 8.68
2018-03-20 16:22:03, 2.48, 0.8, 5.4, 8.68
2018-03-20 16:23:04, 2.48, 0.8, 5.4, 8.68
2018-03-20 16:24:04, 2.49, 0.8, 5.1, 8.39
2018-03-20 16:25:04, 2.49, 0.8, 5.1, 8.39
2018-03-20 16:26:04, 2.49, 0.8, 5.1, 8.39
2018-03-20 16:27:04, 2.49, 0.8, 5.1, 8.39
2018-03-20 16:28:04, 2.49, 0.8, 5.1, 8.39
2018-03-20 16:29:04, 2.5, 0.8, 5.1, 8.4
2018-03-20 16:30:06, 2.5, 0.8, 5.1, 8.4
2018-03-20 16:31:05, 2.5, 0.8, 5.1, 8.4
2018-03-20 16:32:04, 2.5, 0.8, 5.1, 8.4
2018-03-20 16:33:04, 2.5, 0.8, 5.1, 8.4
2018-03-20 16:34:03, 8.62, 0.8, 5.5, 14.92
2018-03-20 16:35:03, 8.62, 0.8, 5.5, 14.92
2018-03-20 16:36:04, 8.62, 0.8, 5.5, 14.92
2018-03-20 16:37:04, 8.62, 0.8, 5.5, 14.92
2018-03-20 16:38:04, 8.62, 0.8, 5.5, 14.92
2018-03-20 16:39:04, 2.51, 0.8, 5.6, 8.91
2018-03-20 16:40:03, 2.51, 0.8, 5.6, 8.91
2018-03-20 16:41:03, 2.51, 0.8, 5.6, 8.91
2018-03-20 16:42:04, 2.51, 0.8, 5.6, 8.91
2018-03-20 16:43:05, 2.51, 0.8, 5.6, 8.91
2018-03-20 16:44:04, 2.5, 0.8, 5.5, 8.8
2018-03-20 16:45:04, 2.5, 0.8, 5.5, 8.8
2018-03-20 16:46:04, 2.5, 0.8, 5.5, 8.8
2018-03-20 16:47:04, 2.5, 0.8, 5.5, 8.8
2018-03-20 16:48:04, 2.5, 0.8, 5.5, 8.8
2018-03-20 16:49:03, 2.49, 0.8, 5.2, 8.490001
2018-03-20 16:50:05, 2.49, 0.8, 5.2, 8.490001
2018-03-20 16:51:04, 2.49, 0.8, 5.2, 8.490001
2018-03-20 16:52:03, 2.49, 0.8, 5.2, 8.490001
2018-03-20 16:53:03, 2.49, 0.8, 5.2, 8.490001
2018-03-20 16:54:03, 8.59, 0.8, 5.6, 14.99
2018-03-20 16:55:03, 8.59, 0.8, 5.6, 14.99
2018-03-20 16:56:04, 8.59, 0.8, 5.6, 14.99
2018-03-20 16:57:04, 8.59, 0.8, 5.6, 14.99
2018-03-20 16:58:04, 8.59, 0.8, 5.6, 14.99
2018-03-20 16:59:05, 8.67, 0.8, 5.6, 15.07
2018-03-20 17:00:05, 8.67, 0.8, 5.6, 15.07
2018-03-20 17:01:04, 8.67, 0.8, 5.6, 15.07
2018-03-20 17:02:04, 8.67, 0.8, 5.6, 15.07
2018-03-20 17:03:04, 8.67, 0.8, 5.6, 15.07
2018-03-20 17:04:04, 2.48, 0.4, 5.4, 8.28
2018-03-20 17:05:04, 2.48, 0.4, 5.4, 8.28
2018-03-20 17:06:04, 2.48, 0.4, 5.4, 8.28
2018-03-20 17:07:03, 2.48, 0.4, 5.4, 8.28
2018-03-20 17:08:04, 2.48, 0.4, 5.4, 8.28
2018-03-20 17:09:05, 2.51, 0.4, 4.8, 7.71
2018-03-20 17:10:03, 2.51, 0.4, 4.8, 7.71
2018-03-20 17:11:03, 2.51, 0.4, 4.8, 7.71
2018-03-20 17:12:04, 2.51, 0.4, 4.8, 7.71
2018-03-20 17:13:05, 2.51, 0.4, 4.8, 7.71
2018-03-20 17:14:04, 2.47, 0.4, 5.5, 8.37
2018-03-20 17:15:04, 2.47, 0.4, 5.5, 8.37
2018-03-20 17:16:04, 2.47, 0.4, 5.5, 8.37
2018-03-20 17:17:04, 2.47, 0.4, 5.5, 8.37
2018-03-20 17:18:04, 2.47, 0.4, 5.5, 8.37
2018-03-20 17:19:04, 8.64, 0.4, 5.5, 14.54
2018-03-20 17:20:04, 8.64, 0.4, 5.5, 14.54
2018-03-20 17:21:03, 8.64, 0.4, 5.5, 14.54
2018-03-20 17:22:04, 8.64, 0.4, 5.5, 14.54
2018-03-20 17:23:04, 8.64, 0.4, 5.5, 14.54
2018-03-20 17:24:04, 2.47, 0.4, 4.8, 7.67
2018-03-20 17:25:04, 2.47, 0.4, 4.8, 7.67
2018-03-20 17:26:04, 2.47, 0.4, 4.8, 7.67
2018-03-20 17:27:04, 2.47, 0.4, 4.8, 7.67
2018-03-20 17:28:04, 2.47, 0.4, 4.8, 7.67
2018-03-20 17:29:04, 2.5, 0.4, 5.5, 8.4
2018-03-20 17:30:06, 2.5, 0.4, 5.5, 8.4
2018-03-20 17:31:03, 2.5, 0.4, 5.5, 8.4
2018-03-20 17:32:04, 2.5, 0.4, 5.5, 8.4
2018-03-20 17:33:04, 2.5, 0.4, 5.5, 8.4
2018-03-20 17:34:04, 2.46, 0.4, 5.5, 8.36
2018-03-20 17:35:04, 2.46, 0.4, 5.5, 8.36
2018-03-20 17:36:03, 2.46, 0.4, 5.5, 8.36
2018-03-20 17:37:05, 2.46, 0.4, 5.5, 8.36
2018-03-20 17:38:04, 2.46, 0.4, 5.5, 8.36
2018-03-20 17:39:04, 9.35, 0.4, 4.9, 14.65
2018-03-20 17:40:04, 9.35, 0.4, 4.9, 14.65
2018-03-20 17:41:04, 9.35, 0.4, 4.9, 14.65
2018-03-20 17:42:04, 9.35, 0.4, 4.9, 14.65
2018-03-20 17:43:04, 9.35, 0.4, 4.9, 14.65
2018-03-20 17:44:04, 8.61, 0.4, 4.9, 13.91
2018-03-20 17:45:04, 8.61, 0.4, 4.9, 13.91
2018-03-20 17:46:04, 8.61, 0.4, 4.9, 13.91
2018-03-20 17:47:04, 8.61, 0.4, 4.9, 13.91
2018-03-20 17:48:04, 8.61, 0.4, 4.9, 13.91
2018-03-20 17:49:04, 2.5, 0.4, 5.5, 8.4
2018-03-20 17:50:03, 2.5, 0.4, 5.5, 8.4
2018-03-20 17:51:04, 2.5, 0.4, 5.5, 8.4
2018-03-20 17:52:04, 2.5, 0.4, 5.5, 8.4
2018-03-20 17:53:04, 2.5, 0.4, 5.5, 8.4
2018-03-20 17:54:03, 2.47, 0.4, 5.0, 7.87
2018-03-20 17:55:04, 2.47, 0.4, 5.0, 7.87
2018-03-20 17:56:04, 2.47, 0.4, 5.0, 7.87
2018-03-20 17:57:05, 2.47, 0.4, 5.0, 7.87
2018-03-20 17:58:04, 2.47, 0.4, 5.0, 7.87
2018-03-20 17:59:04, 2.5, 0.4, 5.5, 8.4
2018-03-20 18:00:05, 2.5, 0.4, 5.5, 8.4
2018-03-20 18:01:04, 2.5, 0.4, 5.5, 8.4
2018-03-20 18:02:03, 2.5, 0.4, 5.5, 8.4
2018-03-20 18:03:04, 2.5, 0.4, 5.5, 8.4
2018-03-20 18:04:04, 8.58, 0.4, 5.0, 13.98
2018-03-20 18:05:04, 8.58, 0.4, 5.0, 13.98
2018-03-20 18:06:04, 8.58, 0.4, 5.0, 13.98
2018-03-20 18:07:05, 8.58, 0.4, 5.0, 13.98
2018-03-20 18:08:04, 8.58, 0.4, 5.0, 13.98
2018-03-20 18:09:04, 2.48, 0.4, 4.8, 7.68
2018-03-20 18:10:04, 2.48, 0.4, 4.8, 7.68
2018-03-20 18:11:04, 2.48, 0.4, 4.8, 7.68
2018-03-20 18:12:04, 2.48, 0.4, 4.8, 7.68
2018-03-20 18:13:04, 2.48, 0.4, 4.8, 7.68
2018-03-20 18:14:04, 2.51, 0.4, 5.5, 8.41
2018-03-20 18:15:04, 2.51, 0.4, 5.5, 8.41
2018-03-20 18:16:04, 2.51, 0.4, 5.5, 8.41
2018-03-20 18:17:05, 2.51, 0.4, 5.5, 8.41
2018-03-20 18:18:04, 2.51, 0.4, 5.5, 8.41
2018-03-20 18:19:04, 2.47, 0.4, 5.2, 8.070001
2018-03-20 18:20:04, 2.47, 0.4, 5.2, 8.070001
2018-03-20 18:21:03, 2.47, 0.4, 5.2, 8.070001
2018-03-20 18:22:04, 2.47, 0.4, 5.2, 8.070001
2018-03-20 18:23:04, 2.47, 0.4, 5.2, 8.070001
2018-03-20 18:24:04, 2.51, 0.4, 5.2, 8.110001
2018-03-20 18:25:04, 2.51, 0.4, 5.2, 8.110001
2018-03-20 18:26:04, 2.51, 0.4, 5.2, 8.110001
2018-03-20 18:27:04, 2.51, 0.4, 5.2, 8.110001
2018-03-20 18:28:04, 2.51, 0.4, 5.2, 8.110001
2018-03-20 18:29:04, 8.58, 0.4, 5.5, 14.48
2018-03-20 18:30:06, 8.58, 0.4, 5.5, 14.48
2018-03-20 18:31:04, 8.58, 0.4, 5.5, 14.48
2018-03-20 18:32:04, 8.58, 0.4, 5.5, 14.48
2018-03-20 18:33:04, 8.58, 0.4, 5.5, 14.48
2018-03-20 18:34:04, 2.49, 0.4, 5.4, 8.29
2018-03-20 18:35:06, 2.49, 0.4, 5.4, 8.29
2018-03-20 18:36:04, 2.49, 0.4, 5.4, 8.29
2018-03-20 18:37:03, 2.49, 0.4, 5.4, 8.29
2018-03-20 18:38:03, 2.49, 0.4, 5.4, 8.29
2018-03-20 18:39:04, 2.48, 0.4, 5.2, 8.08
2018-03-20 18:40:05, 2.48, 0.4, 5.2, 8.08
2018-03-20 18:41:04, 2.48, 0.4, 5.2, 8.08
2018-03-20 18:42:04, 2.48, 0.4, 5.2, 8.08
2018-03-20 18:43:04, 2.48, 0.4, 5.2, 8.08
2018-03-20 18:44:04, 2.51, 0.4, 5.1, 8.01
2018-03-20 18:45:04, 2.51, 0.4, 5.1, 8.01
2018-03-20 18:46:04, 2.51, 0.4, 5.1, 8.01
2018-03-20 18:47:04, 2.51, 0.4, 5.1, 8.01
2018-03-20 18:48:04, 2.51, 0.4, 5.1, 8.01
2018-03-20 18:49:04, 8.54, 0.4, 4.9, 13.84
2018-03-20 18:50:04, 8.54, 0.4, 4.9, 13.84
2018-03-20 18:51:04, 8.54, 0.4, 4.9, 13.84
2018-03-20 18:52:03, 8.54, 0.4, 4.9, 13.84
2018-03-20 18:53:03, 8.54, 0.4, 4.9, 13.84
2018-03-20 18:54:04, 2.49, 0.4, 4.8, 7.69
2018-03-20 18:55:04, 2.49, 0.4, 4.8, 7.69
2018-03-20 18:56:04, 2.49, 0.4, 4.8, 7.69
2018-03-20 18:57:04, 2.49, 0.4, 4.8, 7.69
2018-03-20 18:58:04, 2.49, 0.4, 4.8, 7.69
2018-03-20 18:59:05, 2.5, 0.4, 4.8, 7.7
2018-03-20 19:00:05, 2.5, 0.4, 4.8, 7.7
2018-03-20 19:01:04, 2.5, 0.4, 4.8, 7.7
2018-03-20 19:02:04, 2.5, 0.4, 4.8, 7.7
2018-03-20 19:03:04, 2.5, 0.4, 4.8, 7.7
2018-03-20 19:04:04, 2.48, 0.4, 4.9, 7.78
2018-03-20 19:05:04, 2.48, 0.4, 4.9, 7.78
2018-03-20 19:06:03, 2.48, 0.4, 4.9, 7.78
2018-03-20 19:07:04, 2.48, 0.4, 4.9, 7.78
2018-03-20 19:08:04, 2.48, 0.4, 4.9, 7.78
2018-03-20 19:09:04, 2.5, 0.4, 4.8, 7.7
2018-03-20 19:10:04, 2.5, 0.4, 4.8, 7.7
2018-03-20 19:11:04, 2.5, 0.4, 4.8, 7.7
2018-03-20 19:12:05, 2.5, 0.4, 4.8, 7.7
2018-03-20 19:13:04, 2.5, 0.4, 4.8, 7.7
2018-03-20 19:14:04, 8.52, 0.4, 4.9, 13.82
2018-03-20 19:15:04, 8.52, 0.4, 4.9, 13.82
2018-03-20 19:16:04, 8.52, 0.4, 4.9, 13.82
2018-03-20 19:17:03, 8.52, 0.4, 4.9, 13.82
2018-03-20 19:18:04, 8.52, 0.4, 4.9, 13.82
2018-03-20 19:19:04, 2.5, 0.4, 5.5, 8.4
2018-03-20 19:20:04, 2.5, 0.4, 5.5, 8.4
2018-03-20 19:21:04, 2.5, 0.4, 5.5, 8.4
2018-03-20 19:22:04, 2.5, 0.4, 5.5, 8.4
2018-03-20 19:23:04, 2.5, 0.4, 5.5, 8.4
2018-03-20 19:24:04, 2.48, 0.4, 5.5, 8.38
2018-03-20 19:25:04, 2.48, 0.4, 5.5, 8.38
2018-03-20 19:26:03, 2.48, 0.4, 5.5, 8.38
2018-03-20 19:27:04, 2.48, 0.4, 5.5, 8.38
2018-03-20 19:28:04, 2.48, 0.4, 5.5, 8.38
2018-03-20 19:29:04, 2.5, 0.4, 4.8, 7.7
2018-03-20 19:30:06, 2.5, 0.4, 4.8, 7.7
2018-03-20 19:31:04, 2.5, 0.4, 4.8, 7.7
2018-03-20 19:32:04, 2.5, 0.4, 4.8, 7.7
2018-03-20 19:33:04, 2.5, 0.4, 4.8, 7.7
2018-03-20 19:34:04, 8.55, 0.4, 4.8, 13.75
2018-03-20 19:35:04, 8.55, 0.4, 4.8, 13.75
2018-03-20 19:36:03, 8.55, 0.4, 4.8, 13.75
2018-03-20 19:37:04, 8.55, 0.4, 4.8, 13.75
2018-03-20 19:38:05, 8.55, 0.4, 4.8, 13.75
2018-03-20 19:39:03, 8.65, 0.4, 5.0, 14.05
2018-03-20 19:40:03, 8.65, 0.4, 5.0, 14.05
2018-03-20 19:41:04, 8.65, 0.4, 5.0, 14.05
2018-03-20 19:42:04, 8.65, 0.4, 5.0, 14.05
2018-03-20 19:43:04, 8.65, 0.4, 5.0, 14.05
2018-03-20 19:44:04, 2.47, 0.4, 4.8, 7.67
2018-03-20 19:45:04, 2.47, 0.4, 4.8, 7.67
2018-03-20 19:46:04, 2.47, 0.4, 4.8, 7.67
2018-03-20 19:47:04, 2.47, 0.4, 4.8, 7.67
2018-03-20 19:48:04, 2.47, 0.4, 4.8, 7.67
2018-03-20 19:49:04, 2.51, 0.4, 4.8, 7.71
2018-03-20 19:50:04, 2.51, 0.4, 4.8, 7.71
2018-03-20 19:51:04, 2.51, 0.4, 4.8, 7.71
2018-03-20 19:52:04, 2.51, 0.4, 4.8, 7.71
2018-03-20 19:53:04, 2.51, 0.4, 4.8, 7.71
2018-03-20 19:54:04, 2.48, 0.4, 5.1, 7.98
2018-03-20 19:55:04, 2.48, 0.4, 5.1, 7.98
2018-03-20 19:56:03, 2.48, 0.4, 5.1, 7.98
2018-03-20 19:57:04, 2.48, 0.4, 5.1, 7.98
2018-03-20 19:58:03, 2.48, 0.4, 5.1, 7.98
2018-03-20 19:59:03, 8.59, 0.4, 5.5, 14.49
2018-03-20 20:00:05, 8.59, 0.4, 5.5, 14.49
2018-03-20 20:01:03, 8.59, 0.4, 5.5, 14.49
2018-03-20 20:02:04, 8.59, 0.4, 5.5, 14.49
2018-03-20 20:03:04, 8.59, 0.4, 5.5, 14.49
2018-03-20 20:04:04, 2.48, 0.4, 5.4, 8.28
2018-03-20 20:05:04, 2.48, 0.4, 5.4, 8.28
2018-03-20 20:06:04, 2.48, 0.4, 5.4, 8.28
2018-03-20 20:07:04, 2.48, 0.4, 5.4, 8.28
2018-03-20 20:08:04, 2.48, 0.4, 5.4, 8.28
2018-03-20 20:09:04, 2.5, 0.4, 4.8, 7.7
2018-03-20 20:10:04, 2.5, 0.4, 4.8, 7.7
2018-03-20 20:11:04, 2.5, 0.4, 4.8, 7.7
2018-03-20 20:12:04, 2.5, 0.4, 4.8, 7.7
2018-03-20 20:13:04, 2.5, 0.4, 4.8, 7.7
2018-03-20 20:14:04, 2.47, 0.4, 4.8, 7.67
2018-03-20 20:15:05, 2.47, 0.4, 4.8, 7.67
2018-03-20 20:16:03, 2.47, 0.4, 4.8, 7.67
2018-03-20 20:17:03, 2.47, 0.4, 4.8, 7.67
2018-03-20 20:18:04, 2.47, 0.4, 4.8, 7.67
2018-03-20 20:19:04, 8.67, 0.4, 4.8, 13.87
2018-03-20 20:20:04, 8.67, 0.4, 4.8, 13.87
2018-03-20 20:21:04, 8.67, 0.4, 4.8, 13.87
2018-03-20 20:22:04, 8.67, 0.4, 4.8, 13.87
2018-03-20 20:23:04, 8.67, 0.4, 4.8, 13.87
2018-03-20 20:24:04, 8.59, 0.4, 4.8, 13.79
2018-03-20 20:25:04, 8.59, 0.4, 4.8, 13.79
2018-03-20 20:26:04, 8.59, 0.4, 4.8, 13.79
2018-03-20 20:27:04, 8.59, 0.4, 4.8, 13.79
2018-03-20 20:28:04, 8.59, 0.4, 4.8, 13.79
2018-03-20 20:29:04, 2.48, 2.4, 5.1, 9.98
2018-03-20 20:30:06, 2.48, 2.4, 5.1, 9.98
2018-03-20 20:31:04, 2.48, 2.4, 5.1, 9.98
2018-03-20 20:32:04, 2.48, 2.4, 5.1, 9.98
2018-03-20 20:33:04, 2.48, 2.4, 5.1, 9.98
2018-03-20 20:34:04, 2.5, 0.9, 5.4, 8.8
2018-03-20 20:35:04, 2.5, 0.9, 5.4, 8.8
2018-03-20 20:36:04, 2.5, 0.9, 5.4, 8.8
2018-03-20 20:37:04, 2.5, 0.9, 5.4, 8.8
2018-03-20 20:38:04, 2.5, 0.9, 5.4, 8.8
2018-03-20 20:39:04, 2.48, 2.5, 5.5, 10.48
2018-03-20 20:40:04, 2.48, 2.5, 5.5, 10.48
2018-03-20 20:41:04, 2.48, 2.5, 5.5, 10.48
2018-03-20 20:42:04, 2.48, 2.5, 5.5, 10.48
2018-03-20 20:43:04, 2.48, 2.5, 5.5, 10.48
2018-03-20 20:44:03, 8.55, 0.9, 5.4, 14.85
2018-03-20 20:45:04, 8.55, 0.9, 5.4, 14.85
2018-03-20 20:46:05, 8.55, 0.9, 5.4, 14.85
2018-03-20 20:47:04, 8.55, 0.9, 5.4, 14.85
2018-03-20 20:48:04, 8.55, 0.9, 5.4, 14.85
2018-03-20 20:49:04, 2.47, 2.4, 5.5, 10.37
2018-03-20 20:50:05, 2.47, 2.4, 5.5, 10.37
2018-03-20 20:51:04, 2.47, 2.4, 5.5, 10.37
2018-03-20 20:52:04, 2.47, 2.4, 5.5, 10.37
2018-03-20 20:53:04, 2.47, 2.4, 5.5, 10.37
2018-03-20 20:54:04, 2.5, 1.2, 5.2, 8.900001
2018-03-20 20:55:04, 2.5, 1.2, 5.2, 8.900001
2018-03-20 20:56:03, 2.5, 1.2, 5.2, 8.900001
2018-03-20 20:57:04, 2.5, 1.2, 5.2, 8.900001
2018-03-20 20:58:03, 2.5, 1.2, 5.2, 8.900001
2018-03-20 20:59:04, 2.49, 0.9, 4.8, 8.190001
2018-03-20 21:00:06, 2.49, 0.9, 4.8, 8.190001
2018-03-20 21:01:04, 2.49, 0.9, 4.8, 8.190001
2018-03-20 21:02:04, 2.49, 0.9, 4.8, 8.190001
2018-03-20 21:03:04, 2.49, 0.9, 4.8, 8.190001
2018-03-20 21:04:04, 8.56, 0.9, 4.9, 14.36
2018-03-20 21:05:04, 8.56, 0.9, 4.9, 14.36
2018-03-20 21:06:04, 8.56, 0.9, 4.9, 14.36
2018-03-20 21:07:04, 8.56, 0.9, 4.9, 14.36
2018-03-20 21:08:04, 8.56, 0.9, 4.9, 14.36
2018-03-20 21:09:04, 8.58, 0.9, 5.2, 14.68
2018-03-20 21:10:04, 8.58, 0.9, 5.2, 14.68
2018-03-20 21:11:04, 8.58, 0.9, 5.2, 14.68
2018-03-20 21:12:04, 8.58, 0.9, 5.2, 14.68
2018-03-20 21:13:04, 8.58, 0.9, 5.2, 14.68
2018-03-20 21:14:04, 2.48, 2.4, 5.9, 10.78
2018-03-20 21:15:04, 2.48, 2.4, 5.9, 10.78
2018-03-20 21:16:04, 2.48, 2.4, 5.9, 10.78
2018-03-20 21:17:04, 2.48, 2.4, 5.9, 10.78
2018-03-20 21:18:04, 2.48, 2.4, 5.9, 10.78
2018-03-20 21:19:04, 2.51, 2.2, 5.2, 9.91
2018-03-20 21:20:04, 2.51, 2.2, 5.2, 9.91
2018-03-20 21:21:04, 2.51, 2.2, 5.2, 9.91
2018-03-20 21:22:04, 2.51, 2.2, 5.2, 9.91
2018-03-20 21:23:04, 2.51, 2.2, 5.2, 9.91
2018-03-20 21:24:04, 2.48, 2.4, 5.8, 10.68
2018-03-20 21:25:04, 2.48, 2.4, 5.8, 10.68
2018-03-20 21:26:03, 2.48, 2.4, 5.8, 10.68
2018-03-20 21:27:04, 2.48, 2.4, 5.8, 10.68
2018-03-20 21:28:05, 2.48, 2.4, 5.8, 10.68
2018-03-20 21:29:04, 8.61, 0.9, 4.7, 14.21
2018-03-20 21:30:07, 8.61, 0.9, 4.7, 14.21
2018-03-20 21:31:03, 8.61, 0.9, 4.7, 14.21
2018-03-20 21:32:04, 8.61, 0.9, 4.7, 14.21
2018-03-20 21:33:03, 8.61, 0.9, 4.7, 14.21
2018-03-20 21:34:05, 2.49, 2.0, 4.1, 8.59
2018-03-20 21:35:04, 2.49, 2.0, 4.1, 8.59
2018-03-20 21:36:03, 2.49, 2.0, 4.1, 8.59
2018-03-20 21:37:04, 2.49, 2.0, 4.1, 8.59
2018-03-20 21:38:04, 2.49, 2.0, 4.1, 8.59
2018-03-20 21:39:04, 2.49, 0.6, 4.7, 7.79
2018-03-20 21:40:04, 2.49, 0.6, 4.7, 7.79
2018-03-20 21:41:05, 2.49, 0.6, 4.7, 7.79
2018-03-20 21:42:03, 2.49, 0.6, 4.7, 7.79
2018-03-20 21:43:03, 2.49, 0.6, 4.7, 7.79
2018-03-20 21:44:05, 2.51, 0.6, 4.2, 7.31
2018-03-20 21:45:03, 2.51, 0.6, 4.2, 7.31
2018-03-20 21:46:04, 2.51, 0.6, 4.2, 7.31
2018-03-20 21:47:04, 2.51, 0.6, 4.2, 7.31
2018-03-20 21:48:04, 2.51, 0.6, 4.2, 7.31
2018-03-20 21:49:04, 8.53, 0.6, 4.8, 13.93
2018-03-20 21:50:04, 8.53, 0.6, 4.8, 13.93
2018-03-20 21:51:04, 8.53, 0.6, 4.8, 13.93
2018-03-20 21:52:04, 8.53, 0.6, 4.8, 13.93
2018-03-20 21:53:04, 8.53, 0.6, 4.8, 13.93
2018-03-20 21:54:04, 8.64, 0.5, 4.2, 13.34
2018-03-20 21:55:04, 8.64, 0.5, 4.2, 13.34
2018-03-20 21:56:04, 8.64, 0.5, 4.2, 13.34
2018-03-20 21:57:04, 8.64, 0.5, 4.2, 13.34
2018-03-20 21:58:04, 8.64, 0.5, 4.2, 13.34
2018-03-20 21:59:04, 2.48, 1.9, 4.8, 9.18
2018-03-20 22:00:05, 2.48, 1.9, 4.8, 9.18
2018-03-20 22:01:04, 2.48, 1.9, 4.8, 9.18
2018-03-20 22:02:04, 2.48, 1.9, 4.8, 9.18
2018-03-20 22:03:04, 2.48, 1.9, 4.8, 9.18
2018-03-20 22:04:04, 2.51, 0.6, 4.1, 7.21
2018-03-20 22:05:04, 2.51, 0.6, 4.1, 7.21
2018-03-20 22:06:04, 2.51, 0.6, 4.1, 7.21
2018-03-20 22:07:04, 2.51, 0.6, 4.1, 7.21
2018-03-20 22:08:04, 2.51, 0.6, 4.1, 7.21
2018-03-20 22:09:04, 2.49, 0.6, 4.8, 7.89
2018-03-20 22:10:04, 2.49, 0.6, 4.8, 7.89
2018-03-20 22:11:04, 2.49, 0.6, 4.8, 7.89
2018-03-20 22:12:04, 2.49, 0.6, 4.8, 7.89
2018-03-20 22:13:04, 2.49, 0.6, 4.8, 7.89
2018-03-20 22:14:04, 8.57, 0.6, 4.7, 13.87
2018-03-20 22:15:04, 8.57, 0.6, 4.7, 13.87
2018-03-20 22:16:04, 8.57, 0.6, 4.7, 13.87
2018-03-20 22:17:04, 8.57, 0.6, 4.7, 13.87
2018-03-20 22:18:04, 8.57, 0.6, 4.7, 13.87
2018-03-20 22:19:04, 2.5, 2.2, 4.7, 9.400001
2018-03-20 22:20:04, 2.5, 2.2, 4.7, 9.400001
2018-03-20 22:21:04, 2.5, 2.2, 4.7, 9.400001
2018-03-20 22:22:04, 2.5, 2.2, 4.7, 9.400001
2018-03-20 22:23:04, 2.5, 2.2, 4.7, 9.400001
2018-03-20 22:24:04, 2.49, 1.4, 4.2, 8.09
2018-03-20 22:25:05, 2.49, 1.4, 4.2, 8.09
2018-03-20 22:26:04, 2.49, 1.4, 4.2, 8.09
2018-03-20 22:27:03, 2.49, 1.4, 4.2, 8.09
2018-03-20 22:28:04, 2.49, 1.4, 4.2, 8.09
2018-03-20 22:29:04, 2.51, 0.6, 4.7, 7.81
2018-03-20 22:30:06, 2.51, 0.6, 4.7, 7.81
2018-03-20 22:31:03, 2.51, 0.6, 4.7, 7.81
2018-03-20 22:32:03, 2.51, 0.6, 4.7, 7.81
2018-03-20 22:33:03, 2.51, 0.6, 4.7, 7.81
2018-03-20 22:34:03, 8.54, 0.6, 4.7, 13.84
2018-03-20 22:35:04, 8.54, 0.6, 4.7, 13.84
2018-03-20 22:36:04, 8.54, 0.6, 4.7, 13.84
2018-03-20 22:37:05, 8.54, 0.6, 4.7, 13.84
2018-03-20 22:38:05, 8.54, 0.6, 4.7, 13.84
2018-03-20 22:39:04, 8.63, 1.5, 4.1, 14.23
2018-03-20 22:40:04, 8.63, 1.5, 4.1, 14.23
2018-03-20 22:41:05, 8.63, 1.5, 4.1, 14.23
2018-03-20 22:42:04, 8.63, 1.5, 4.1, 14.23
2018-03-20 22:43:04, 8.63, 1.5, 4.1, 14.23
2018-03-20 22:44:04, 2.48, 2.2, 4.0, 8.68
2018-03-20 22:45:04, 2.48, 2.2, 4.0, 8.68
2018-03-20 22:46:04, 2.48, 2.2, 4.0, 8.68
2018-03-20 22:47:04, 2.48, 2.2, 4.0, 8.68
2018-03-20 22:48:04, 2.48, 2.2, 4.0, 8.68
2018-03-20 22:49:04, 2.5, 0.6, 4.1, 7.2
2018-03-20 22:50:04, 2.5, 0.6, 4.1, 7.2
2018-03-20 22:51:04, 2.5, 0.6, 4.1, 7.2
2018-03-20 22:52:04, 2.5, 0.6, 4.1, 7.2
2018-03-20 22:53:04, 2.5, 0.6, 4.1, 7.2
2018-03-20 22:54:04, 2.47, 0.6, 4.8, 7.87
2018-03-20 22:55:04, 2.47, 0.6, 4.8, 7.87
2018-03-20 22:56:04, 2.47, 0.6, 4.8, 7.87
2018-03-20 22:57:04, 2.47, 0.6, 4.8, 7.87
2018-03-20 22:58:04, 2.47, 0.6, 4.8, 7.87
2018-03-20 22:59:04, 8.57, 0.6, 4.7, 13.87
2018-03-20 23:00:06, 8.57, 0.6, 4.7, 13.87
2018-03-20 23:01:04, 8.57, 0.6, 4.7, 13.87
2018-03-20 23:02:04, 8.57, 0.6, 4.7, 13.87
2018-03-20 23:03:03, 8.57, 0.6, 4.7, 13.87
2018-03-20 23:04:04, 2.5, 2.2, 4.8, 9.5
2018-03-20 23:05:04, 2.5, 2.2, 4.8, 9.5
2018-03-20 23:06:04, 2.5, 2.2, 4.8, 9.5
2018-03-20 23:07:04, 2.5, 2.2, 4.8, 9.5
2018-03-20 23:08:04, 2.5, 2.2, 4.8, 9.5
2018-03-20 23:09:03, 2.5, 2.0, 4.4, 8.9
2018-03-20 23:10:05, 2.5, 2.0, 4.4, 8.9
2018-03-20 23:11:04, 2.5, 2.0, 4.4, 8.9
2018-03-20 23:12:04, 2.5, 2.0, 4.4, 8.9
2018-03-20 23:13:05, 2.5, 2.0, 4.4, 8.9
2018-03-20 23:14:03, 2.52, 0.6, 4.7, 7.82
2018-03-20 23:15:04, 2.52, 0.6, 4.7, 7.82
2018-03-20 23:16:04, 2.52, 0.6, 4.7, 7.82
2018-03-20 23:17:05, 2.52, 0.6, 4.7, 7.82
2018-03-20 23:18:04, 2.52, 0.6, 4.7, 7.82
2018-03-20 23:19:04, 8.61, 0.6, 4.0, 13.21
2018-03-20 23:20:04, 8.61, 0.6, 4.0, 13.21
2018-03-20 23:21:03, 8.61, 0.6, 4.0, 13.21
2018-03-20 23:22:04, 8.61, 0.6, 4.0, 13.21
2018-03-20 23:23:04, 8.61, 0.6, 4.0, 13.21
2018-03-20 23:24:04, 8.64, 0.7, 4.7, 14.04
2018-03-20 23:25:04, 8.64, 0.7, 4.7, 14.04
2018-03-20 23:26:03, 8.64, 0.7, 4.7, 14.04
2018-03-20 23:27:03, 8.64, 0.7, 4.7, 14.04
2018-03-20 23:28:04, 8.64, 0.7, 4.7, 14.04
2018-03-20 23:29:04, 2.48, 2.1, 4.2, 8.780001
2018-03-20 23:30:06, 2.48, 2.1, 4.2, 8.780001
2018-03-20 23:31:04, 2.48, 2.1, 4.2, 8.780001
2018-03-20 23:32:04, 2.48, 2.1, 4.2, 8.780001
2018-03-20 23:33:04, 2.48, 2.1, 4.2, 8.780001
2018-03-20 23:34:03, 2.51, 0.9, 4.4, 7.81
2018-03-20 23:35:03, 2.51, 0.9, 4.4, 7.81
2018-03-20 23:36:03, 2.51, 0.9, 4.4, 7.81
2018-03-20 23:37:03, 2.51, 0.9, 4.4, 7.81
2018-03-20 23:38:04, 2.51, 0.9, 4.4, 7.81
2018-03-20 23:39:04, 2.49, 0.6, 4.1, 7.19
2018-03-20 23:40:04, 2.49, 0.6, 4.1, 7.19
2018-03-20 23:41:04, 2.49, 0.6, 4.1, 7.19
2018-03-20 23:42:04, 2.49, 0.6, 4.1, 7.19
2018-03-20 23:43:03, 2.49, 0.6, 4.1, 7.19
2018-03-20 23:44:03, 8.51, 0.6, 4.6, 13.71
2018-03-20 23:45:04, 8.51, 0.6, 4.6, 13.71
2018-03-20 23:46:04, 8.51, 0.6, 4.6, 13.71
2018-03-20 23:47:04, 8.51, 0.6, 4.6, 13.71
2018-03-20 23:48:04, 8.51, 0.6, 4.6, 13.71
2018-03-20 23:49:04, 2.51, 2.1, 4.7, 9.31
2018-03-20 23:50:04, 2.51, 2.1, 4.7, 9.31
2018-03-20 23:51:04, 2.51, 2.1, 4.7, 9.31
2018-03-20 23:52:04, 2.51, 2.1, 4.7, 9.31
2018-03-20 23:53:04, 2.51, 2.1, 4.7, 9.31
2018-03-20 23:54:04, 2.49, 1.1, 4.1, 7.69
2018-03-20 23:55:04, 2.49, 1.1, 4.1, 7.69
2018-03-20 23:56:04, 2.49, 1.1, 4.1, 7.69
2018-03-20 23:57:04, 2.49, 1.1, 4.1, 7.69
2018-03-20 23:58:04, 2.49, 1.1, 4.1, 7.69
2018-03-20 23:59:04, 2.51, 0.6, 4.8, 7.91
