2018-09-10 00:00:02, 1.07e-12, 2.1e-10
2018-09-10 00:00:06, 1.09e-12, 2.1e-10
2018-09-10 00:00:11, 1.15e-12, 2.1e-10
2018-09-10 00:00:15, 1.04e-12, 2.1e-10
2018-09-10 00:00:19, 1.09e-12, 2.1e-10
2018-09-10 00:00:23, 1.07e-12, 2.1e-10
2018-09-10 00:00:28, 1.06e-12, 2.1e-10
2018-09-10 00:00:32, 1.06e-12, 2.1e-10
2018-09-10 00:00:36, 1.02e-12, 2.1e-10
2018-09-10 00:00:40, 1.07e-12, 2.1e-10
2018-09-10 00:00:44, 1.07e-12, 2.1e-10
2018-09-10 00:00:49, 1.07e-12, 2.1e-10
2018-09-10 00:00:53, 9.81e-13, 2.1e-10
2018-09-10 00:00:57, 1.04e-12, 2.1e-10
2018-09-10 00:01:01, 1.04e-12, 2.1e-10
2018-09-10 00:01:05, 1.08e-12, 2.1e-10
2018-09-10 00:01:10, 1.05e-12, 2.1e-10
2018-09-10 00:01:14, 1.05e-12, 2.09e-10
2018-09-10 00:01:18, 1.11e-12, 2.1e-10
2018-09-10 00:01:22, 1.09e-12, 2.1e-10
2018-09-10 00:01:27, 1.04e-12, 2.1e-10
2018-09-10 00:01:31, 1.02e-12, 2.1e-10
2018-09-10 00:01:35, 1.1e-12, 2.1e-10
2018-09-10 00:01:39, 1.06e-12, 2.09e-10
2018-09-10 00:01:43, 1.07e-12, 2.09e-10
2018-09-10 00:01:48, 1.1e-12, 2.1e-10
2018-09-10 00:01:52, 1e-12, 2.1e-10
2018-09-10 00:01:56, 1.06e-12, 2.1e-10
2018-09-10 00:02:00, 1.12e-12, 2.1e-10
2018-09-10 00:02:05, 1.11e-12, 2.1e-10
2018-09-10 00:02:09, 1.06e-12, 2.1e-10
2018-09-10 00:02:13, 9.86e-13, 2.09e-10
2018-09-10 00:02:17, 1.05e-12, 2.1e-10
2018-09-10 00:02:21, 1.25e-12, 2.1e-10
2018-09-10 00:02:26, 1.08e-12, 2.1e-10
2018-09-10 00:02:30, 1.1e-12, 2.1e-10
2018-09-10 00:02:34, 1.06e-12, 2.1e-10
2018-09-10 00:02:38, 1.07e-12, 2.09e-10
2018-09-10 00:02:43, 1.16e-12, 2.09e-10
2018-09-10 00:02:47, 1.08e-12, 2.1e-10
2018-09-10 00:02:51, 1.07e-12, 2.1e-10
2018-09-10 00:02:55, 9.95e-13, 2.1e-10
2018-09-10 00:02:59, 1.18e-12, 2.1e-10
2018-09-10 00:03:04, 1.11e-12, 2.1e-10
2018-09-10 00:03:08, 1.05e-12, 2.09e-10
2018-09-10 00:03:12, 1.02e-12, 2.1e-10
2018-09-10 00:03:16, 1.07e-12, 2.1e-10
2018-09-10 00:03:21, 9.74e-13, 2.1e-10
2018-09-10 00:03:25, 1.03e-12, 2.1e-10
2018-09-10 00:03:29, 1.07e-12, 2.1e-10
2018-09-10 00:03:33, 1.1e-12, 2.1e-10
2018-09-10 00:03:37, 1.11e-12, 2.09e-10
2018-09-10 00:03:42, 9.8e-13, 2.09e-10
2018-09-10 00:03:46, 1.02e-12, 2.1e-10
2018-09-10 00:03:50, 1.09e-12, 2.1e-10
2018-09-10 00:03:54, 9.26e-13, 2.1e-10
2018-09-10 00:03:59, 1.06e-12, 2.1e-10
2018-09-10 00:04:03, 9.35e-13, 2.1e-10
2018-09-10 00:04:07, 1.09e-12, 2.1e-10
2018-09-10 00:04:11, 9.95e-13, 2.1e-10
2018-09-10 00:04:15, 1.22e-12, 2.1e-10
2018-09-10 00:04:20, 1.09e-12, 2.1e-10
2018-09-10 00:04:24, 1.04e-12, 2.1e-10
2018-09-10 00:04:28, 1.03e-12, 2.1e-10
2018-09-10 00:04:32, 1.04e-12, 2.1e-10
2018-09-10 00:04:37, 9.12e-13, 2.1e-10
2018-09-10 00:04:41, 1.09e-12, 2.09e-10
2018-09-10 00:04:45, 1.09e-12, 2.09e-10
2018-09-10 00:04:49, 1.07e-12, 2.1e-10
2018-09-10 00:04:53, 1.05e-12, 2.1e-10
2018-09-10 00:04:58, 1.05e-12, 2.1e-10
2018-09-10 00:05:02, 1.12e-12, 2.09e-10
2018-09-10 00:05:06, 1.06e-12, 2.1e-10
2018-09-10 00:05:10, 1.14e-12, 2.1e-10
2018-09-10 00:05:15, 9.94e-13, 2.09e-10
2018-09-10 00:05:19, 9.54e-13, 2.1e-10
2018-09-10 00:05:23, 1.09e-12, 2.1e-10
2018-09-10 00:05:27, 1.11e-12, 2.1e-10
2018-09-10 00:05:31, 1.01e-12, 2.1e-10
2018-09-10 00:05:36, 1.17e-12, 2.1e-10
2018-09-10 00:05:40, 1.06e-12, 2.1e-10
2018-09-10 00:05:44, 1.06e-12, 2.1e-10
2018-09-10 00:05:48, 1.06e-12, 2.1e-10
2018-09-10 00:05:53, 1.07e-12, 2.1e-10
2018-09-10 00:05:57, 1.12e-12, 2.1e-10
2018-09-10 00:06:01, 1.04e-12, 2.1e-10
2018-09-10 00:06:05, 1.11e-12, 2.1e-10
2018-09-10 00:06:09, 1.07e-12, 2.1e-10
2018-09-10 00:06:14, 1.04e-12, 2.11e-10
2018-09-10 00:06:18, 9.97e-13, 2.11e-10
2018-09-10 00:06:22, 1.07e-12, 2.11e-10
2018-09-10 00:06:26, 9.92e-13, 2.11e-10
2018-09-10 00:06:31, 1.12e-12, 2.1e-10
2018-09-10 00:06:35, 1.07e-12, 2.1e-10
2018-09-10 00:06:39, 1.1e-12, 2.1e-10
2018-09-10 00:06:43, 9.53e-13, 2.1e-10
2018-09-10 00:06:47, 9.84e-13, 2.11e-10
2018-09-10 00:06:52, 1.09e-12, 2.11e-10
2018-09-10 00:06:56, 1.12e-12, 2.11e-10
2018-09-10 00:07:00, 1.07e-12, 2.1e-10
2018-09-10 00:07:04, 1.11e-12, 2.1e-10
2018-09-10 00:07:09, 1.11e-12, 2.1e-10
2018-09-10 00:07:13, 1.07e-12, 2.1e-10
2018-09-10 00:07:17, 1.07e-12, 2.1e-10
2018-09-10 00:07:21, 1.03e-12, 2.11e-10
2018-09-10 00:07:25, 1.13e-12, 2.11e-10
2018-09-10 00:07:30, 1.03e-12, 2.1e-10
2018-09-10 00:07:34, 1.14e-12, 2.1e-10
2018-09-10 00:07:38, 1.04e-12, 2.1e-10
2018-09-10 00:07:42, 1.12e-12, 2.1e-10
2018-09-10 00:07:47, 1.22e-12, 2.1e-10
2018-09-10 00:07:51, 1.02e-12, 2.11e-10
2018-09-10 00:07:55, 1.07e-12, 2.11e-10
2018-09-10 00:07:59, 1.03e-12, 2.1e-10
2018-09-10 00:08:03, 1.03e-12, 2.1e-10
2018-09-10 00:08:08, 1.03e-12, 2.1e-10
2018-09-10 00:08:12, 1.15e-12, 2.1e-10
2018-09-10 00:08:16, 1.09e-12, 2.11e-10
2018-09-10 00:08:20, 1.07e-12, 2.11e-10
2018-09-10 00:08:25, 1.04e-12, 2.11e-10
2018-09-10 00:08:29, 1.09e-12, 2.11e-10
2018-09-10 00:08:33, 1.12e-12, 2.1e-10
2018-09-10 00:08:37, 1.03e-12, 2.1e-10
2018-09-10 00:08:41, 1.19e-12, 2.1e-10
2018-09-10 00:08:46, 1.29e-12, 2.11e-10
2018-09-10 00:08:50, 1.09e-12, 2.11e-10
2018-09-10 00:08:54, 1.12e-12, 2.11e-10
2018-09-10 00:08:58, 1.1e-12, 2.11e-10
2018-09-10 00:09:02, 1.1e-12, 2.1e-10
2018-09-10 00:09:07, 1.15e-12, 2.11e-10
2018-09-10 00:09:11, 1.07e-12, 2.1e-10
2018-09-10 00:09:15, 1.11e-12, 2.11e-10
2018-09-10 00:09:19, 1.01e-12, 2.11e-10
2018-09-10 00:09:24, 9.9e-13, 2.11e-10
2018-09-10 00:09:28, 1.04e-12, 2.11e-10
2018-09-10 00:09:32, 1.18e-12, 2.1e-10
2018-09-10 00:09:36, 1.09e-12, 2.1e-10
2018-09-10 00:09:40, 1.13e-12, 2.1e-10
2018-09-10 00:09:45, 1.05e-12, 2.11e-10
2018-09-10 00:09:49, 1.04e-12, 2.11e-10
2018-09-10 00:09:53, 1.06e-12, 2.11e-10
2018-09-10 00:09:57, 1.04e-12, 2.11e-10
2018-09-10 00:10:02, 1.06e-12, 2.11e-10
2018-09-10 00:10:06, 1.08e-12, 2.11e-10
2018-09-10 00:10:10, 1.07e-12, 2.1e-10
2018-09-10 00:10:14, 1.11e-12, 2.11e-10
2018-09-10 00:10:18, 1.13e-12, 2.11e-10
2018-09-10 00:10:23, 1.2e-12, 2.11e-10
2018-09-10 00:10:27, 1.08e-12, 2.11e-10
2018-09-10 00:10:31, 1.06e-12, 2.1e-10
2018-09-10 00:10:35, 1.03e-12, 2.1e-10
2018-09-10 00:10:40, 1.01e-12, 2.11e-10
2018-09-10 00:10:44, 1.08e-12, 2.11e-10
2018-09-10 00:10:48, 1.06e-12, 2.11e-10
2018-09-10 00:10:52, 1.13e-12, 2.11e-10
2018-09-10 00:10:56, 1.02e-12, 2.11e-10
2018-09-10 00:11:01, 1.06e-12, 2.11e-10
2018-09-10 00:11:05, 1.12e-12, 2.1e-10
2018-09-10 00:11:09, 9.86e-13, 2.11e-10
2018-09-10 00:11:13, 1.06e-12, 2.11e-10
2018-09-10 00:11:18, 1.05e-12, 2.11e-10
2018-09-10 00:11:22, 1.09e-12, 2.11e-10
2018-09-10 00:11:26, 1.11e-12, 2.11e-10
2018-09-10 00:11:30, 1.05e-12, 2.11e-10
2018-09-10 00:11:34, 1.03e-12, 2.1e-10
2018-09-10 00:11:39, 1.06e-12, 2.11e-10
2018-09-10 00:11:43, 1.11e-12, 2.11e-10
2018-09-10 00:11:47, 1.22e-12, 2.11e-10
2018-09-10 00:11:51, 1.1e-12, 2.11e-10
2018-09-10 00:11:56, 1.15e-12, 2.11e-10
2018-09-10 00:12:00, 1.02e-12, 2.11e-10
2018-09-10 00:12:04, 1.08e-12, 2.11e-10
2018-09-10 00:12:08, 1.11e-12, 2.11e-10
2018-09-10 00:12:12, 1.06e-12, 2.11e-10
2018-09-10 00:12:17, 1.02e-12, 2.11e-10
2018-09-10 00:12:21, 1.04e-12, 2.11e-10
2018-09-10 00:12:25, 1.04e-12, 2.11e-10
2018-09-10 00:12:29, 1.13e-12, 2.11e-10
2018-09-10 00:12:34, 1.2e-12, 2.1e-10
2018-09-10 00:12:38, 1.04e-12, 2.11e-10
2018-09-10 00:12:42, 1.12e-12, 2.11e-10
2018-09-10 00:12:46, 1.06e-12, 2.11e-10
2018-09-10 00:12:50, 1.03e-12, 2.11e-10
2018-09-10 00:12:55, 1.09e-12, 2.11e-10
2018-09-10 00:12:59, 1.12e-12, 2.11e-10
2018-09-10 00:13:03, 1.1e-12, 2.11e-10
2018-09-10 00:13:07, 1e-12, 2.11e-10
2018-09-10 00:13:12, 1.11e-12, 2.11e-10
2018-09-10 00:13:16, 1.03e-12, 2.11e-10
2018-09-10 00:13:20, 1.17e-12, 2.11e-10
2018-09-10 00:13:24, 1.16e-12, 2.11e-10
2018-09-10 00:13:28, 1.07e-12, 2.11e-10
2018-09-10 00:13:33, 1.02e-12, 2.11e-10
2018-09-10 00:13:37, 9.89e-13, 2.11e-10
2018-09-10 00:13:41, 1.08e-12, 2.11e-10
2018-09-10 00:13:45, 1.17e-12, 2.11e-10
2018-09-10 00:13:50, 1.1e-12, 2.11e-10
2018-09-10 00:13:54, 1.1e-12, 2.11e-10
2018-09-10 00:13:58, 1.09e-12, 2.11e-10
2018-09-10 00:14:02, 1.1e-12, 2.11e-10
2018-09-10 00:14:06, 1.06e-12, 2.11e-10
2018-09-10 00:14:11, 1.1e-12, 2.11e-10
2018-09-10 00:14:15, 9.72e-13, 2.11e-10
2018-09-10 00:14:19, 1.09e-12, 2.11e-10
2018-09-10 00:14:23, 1.07e-12, 2.11e-10
2018-09-10 00:14:28, 1.05e-12, 2.11e-10
2018-09-10 00:14:32, 1.07e-12, 2.11e-10
2018-09-10 00:14:36, 1.06e-12, 2.1e-10
2018-09-10 00:14:40, 1.07e-12, 2.11e-10
2018-09-10 00:14:44, 1.02e-12, 2.11e-10
2018-09-10 00:14:49, 1.06e-12, 2.11e-10
2018-09-10 00:14:53, 1.12e-12, 2.11e-10
2018-09-10 00:14:57, 9.97e-13, 2.11e-10
2018-09-10 00:15:01, 1.15e-12, 2.11e-10
2018-09-10 00:15:06, 1.12e-12, 2.1e-10
2018-09-10 00:15:10, 1.05e-12, 2.11e-10
2018-09-10 00:15:14, 1.08e-12, 2.11e-10
2018-09-10 00:15:18, 1.07e-12, 2.11e-10
2018-09-10 00:15:22, 1.04e-12, 2.11e-10
2018-09-10 00:15:27, 1.06e-12, 2.11e-10
2018-09-10 00:15:31, 1.07e-12, 2.11e-10
2018-09-10 00:15:35, 1.05e-12, 2.11e-10
2018-09-10 00:15:39, 1.08e-12, 2.11e-10
2018-09-10 00:15:44, 1.11e-12, 2.11e-10
2018-09-10 00:15:48, 1.15e-12, 2.11e-10
2018-09-10 00:15:52, 1.1e-12, 2.11e-10
2018-09-10 00:15:56, 9.89e-13, 2.11e-10
2018-09-10 00:16:00, 1.08e-12, 2.11e-10
2018-09-10 00:16:05, 1.06e-12, 2.11e-10
2018-09-10 00:16:09, 1.05e-12, 2.11e-10
2018-09-10 00:16:13, 1.07e-12, 2.11e-10
2018-09-10 00:16:17, 1.1e-12, 2.11e-10
2018-09-10 00:16:22, 1.1e-12, 2.11e-10
2018-09-10 00:16:26, 1.05e-12, 2.11e-10
2018-09-10 00:16:30, 1.11e-12, 2.11e-10
2018-09-10 00:16:34, 1.04e-12, 2.11e-10
2018-09-10 00:16:38, 1.08e-12, 2.11e-10
2018-09-10 00:16:43, 1.04e-12, 2.11e-10
2018-09-10 00:16:47, 1.04e-12, 2.11e-10
2018-09-10 00:16:51, 1.17e-12, 2.11e-10
2018-09-10 00:16:55, 1.08e-12, 2.11e-10
2018-09-10 00:17:00, 1.07e-12, 2.11e-10
2018-09-10 00:17:04, 1.05e-12, 2.11e-10
2018-09-10 00:17:08, 1.09e-12, 2.11e-10
2018-09-10 00:17:12, 1.13e-12, 2.11e-10
2018-09-10 00:17:16, 1.03e-12, 2.11e-10
2018-09-10 00:17:21, 1.12e-12, 2.11e-10
2018-09-10 00:17:25, 1.05e-12, 2.11e-10
2018-09-10 00:17:29, 1.03e-12, 2.11e-10
2018-09-10 00:17:33, 1.09e-12, 2.11e-10
2018-09-10 00:17:38, 1.09e-12, 2.11e-10
2018-09-10 00:17:42, 1.12e-12, 2.11e-10
2018-09-10 00:17:46, 1.22e-12, 2.11e-10
2018-09-10 00:17:50, 1.08e-12, 2.11e-10
2018-09-10 00:17:54, 1.07e-12, 2.11e-10
2018-09-10 00:17:59, 1.07e-12, 2.1e-10
2018-09-10 00:18:03, 1.09e-12, 2.1e-10
2018-09-10 00:18:07, 1.04e-12, 2.1e-10
2018-09-10 00:18:11, 1.1e-12, 2.11e-10
2018-09-10 00:18:16, 1.15e-12, 2.11e-10
2018-09-10 00:18:20, 1.09e-12, 2.11e-10
2018-09-10 00:18:24, 1.06e-12, 2.11e-10
2018-09-10 00:18:28, 1.07e-12, 2.1e-10
2018-09-10 00:18:33, 1.08e-12, 2.1e-10
2018-09-10 00:18:37, 1.05e-12, 2.1e-10
2018-09-10 00:18:41, 1.03e-12, 2.11e-10
2018-09-10 00:18:45, 1.06e-12, 2.11e-10
2018-09-10 00:18:49, 1.05e-12, 2.11e-10
2018-09-10 00:18:54, 1.08e-12, 2.11e-10
2018-09-10 00:18:58, 1.05e-12, 2.11e-10
2018-09-10 00:19:02, 1.09e-12, 2.11e-10
2018-09-10 00:19:06, 1.08e-12, 2.11e-10
2018-09-10 00:19:11, 1.02e-12, 2.11e-10
2018-09-10 00:19:15, 1.08e-12, 2.11e-10
2018-09-10 00:19:19, 1.07e-12, 2.11e-10
2018-09-10 00:19:23, 1.05e-12, 2.1e-10
2018-09-10 00:19:27, 1.08e-12, 2.1e-10
2018-09-10 00:19:32, 1.13e-12, 2.1e-10
2018-09-10 00:19:36, 1.07e-12, 2.1e-10
2018-09-10 00:19:40, 1.04e-12, 2.1e-10
2018-09-10 00:19:44, 1.04e-12, 2.11e-10
2018-09-10 00:19:49, 1.07e-12, 2.11e-10
2018-09-10 00:19:53, 1.08e-12, 2.1e-10
2018-09-10 00:19:57, 1.14e-12, 2.1e-10
2018-09-10 00:20:01, 1.05e-12, 2.1e-10
2018-09-10 00:20:05, 1.13e-12, 2.1e-10
2018-09-10 00:20:10, 1.05e-12, 2.1e-10
2018-09-10 00:20:14, 1.08e-12, 2.11e-10
2018-09-10 00:20:18, 1.12e-12, 2.11e-10
2018-09-10 00:20:22, 1.01e-12, 2.1e-10
2018-09-10 00:20:26, 1.06e-12, 2.1e-10
2018-09-10 00:20:31, 1.01e-12, 2.1e-10
2018-09-10 00:20:35, 1e-12, 2.1e-10
2018-09-10 00:20:39, 1.03e-12, 2.1e-10
2018-09-10 00:20:43, 1.04e-12, 2.11e-10
2018-09-10 00:20:48, 1.08e-12, 2.11e-10
2018-09-10 00:20:52, 1.07e-12, 2.1e-10
2018-09-10 00:20:56, 1.09e-12, 2.1e-10
2018-09-10 00:21:00, 1.09e-12, 2.1e-10
2018-09-10 00:21:04, 1.11e-12, 2.1e-10
2018-09-10 00:21:09, 1.11e-12, 2.1e-10
2018-09-10 00:21:13, 1.08e-12, 2.1e-10
2018-09-10 00:21:17, 1.03e-12, 2.11e-10
2018-09-10 00:21:21, 1.1e-12, 2.11e-10
2018-09-10 00:21:26, 1.05e-12, 2.1e-10
2018-09-10 00:21:30, 1.08e-12, 2.1e-10
2018-09-10 00:21:34, 1.09e-12, 2.1e-10
2018-09-10 00:21:38, 1.03e-12, 2.1e-10
2018-09-10 00:21:42, 1.08e-12, 2.11e-10
2018-09-10 00:21:47, 1.01e-12, 2.11e-10
2018-09-10 00:21:51, 9.92e-13, 2.1e-10
2018-09-10 00:21:55, 1.12e-12, 2.1e-10
2018-09-10 00:21:59, 1.1e-12, 2.1e-10
2018-09-10 00:22:04, 1.07e-12, 2.1e-10
2018-09-10 00:22:08, 1.16e-12, 2.11e-10
2018-09-10 00:22:12, 1.06e-12, 2.11e-10
2018-09-10 00:22:16, 1.1e-12, 2.11e-10
2018-09-10 00:22:20, 1.04e-12, 2.11e-10
2018-09-10 00:22:25, 1.14e-12, 2.11e-10
2018-09-10 00:22:29, 1.04e-12, 2.1e-10
2018-09-10 00:22:33, 1.1e-12, 2.11e-10
2018-09-10 00:22:37, 1.07e-12, 2.11e-10
2018-09-10 00:22:42, 1.09e-12, 2.11e-10
2018-09-10 00:22:46, 1.03e-12, 2.11e-10
2018-09-10 00:22:50, 1.08e-12, 2.11e-10
2018-09-10 00:22:54, 1.08e-12, 2.11e-10
2018-09-10 00:22:58, 1.04e-12, 2.11e-10
2018-09-10 00:23:03, 1e-12, 2.11e-10
2018-09-10 00:23:07, 1.07e-12, 2.11e-10
2018-09-10 00:23:11, 1.11e-12, 2.11e-10
2018-09-10 00:23:15, 1.21e-12, 2.11e-10
2018-09-10 00:23:20, 1.14e-12, 2.11e-10
2018-09-10 00:23:24, 1.08e-12, 2.11e-10
2018-09-10 00:23:28, 1.08e-12, 2.1e-10
2018-09-10 00:23:32, 1.12e-12, 2.1e-10
2018-09-10 00:23:36, 1.09e-12, 2.11e-10
2018-09-10 00:23:41, 1.11e-12, 2.11e-10
2018-09-10 00:23:45, 1.02e-12, 2.11e-10
2018-09-10 00:23:49, 1.04e-12, 2.11e-10
2018-09-10 00:23:53, 1.11e-12, 2.11e-10
2018-09-10 00:23:58, 1.12e-12, 2.1e-10
2018-09-10 00:24:02, 1.11e-12, 2.1e-10
2018-09-10 00:24:06, 1.14e-12, 2.11e-10
2018-09-10 00:24:10, 1.18e-12, 2.11e-10
2018-09-10 00:24:14, 1.11e-12, 2.11e-10
2018-09-10 00:24:19, 1.06e-12, 2.11e-10
2018-09-10 00:24:23, 1.11e-12, 2.11e-10
2018-09-10 00:24:27, 1.01e-12, 2.1e-10
2018-09-10 00:24:31, 1.18e-12, 2.1e-10
2018-09-10 00:24:36, 1.16e-12, 2.11e-10
2018-09-10 00:24:40, 1.09e-12, 2.11e-10
2018-09-10 00:24:44, 1.09e-12, 2.11e-10
2018-09-10 00:24:48, 1.06e-12, 2.11e-10
2018-09-10 00:24:52, 1.06e-12, 2.1e-10
2018-09-10 00:24:57, 1.08e-12, 2.1e-10
2018-09-10 00:25:01, 1.04e-12, 2.1e-10
2018-09-10 00:25:05, 1.05e-12, 2.1e-10
2018-09-10 00:25:09, 1.09e-12, 2.11e-10
2018-09-10 00:25:14, 1.08e-12, 2.11e-10
2018-09-10 00:25:18, 1.07e-12, 2.11e-10
2018-09-10 00:25:22, 1.11e-12, 2.1e-10
2018-09-10 00:25:26, 1.06e-12, 2.1e-10
2018-09-10 00:25:30, 1.02e-12, 2.1e-10
2018-09-10 00:25:35, 1.04e-12, 2.1e-10
2018-09-10 00:25:39, 1.1e-12, 2.11e-10
2018-09-10 00:25:43, 1.1e-12, 2.11e-10
2018-09-10 00:25:47, 1.09e-12, 2.1e-10
2018-09-10 00:25:52, 1.16e-12, 2.1e-10
2018-09-10 00:25:56, 1.09e-12, 2.1e-10
2018-09-10 00:26:00, 1.08e-12, 2.1e-10
2018-09-10 00:26:04, 1.1e-12, 2.1e-10
2018-09-10 00:26:08, 1.09e-12, 2.11e-10
2018-09-10 00:26:13, 1.08e-12, 2.11e-10
2018-09-10 00:26:17, 1e-12, 2.11e-10
2018-09-10 00:26:21, 1.05e-12, 2.11e-10
2018-09-10 00:26:25, 1.13e-12, 2.1e-10
2018-09-10 00:26:29, 1.06e-12, 2.1e-10
2018-09-10 00:26:34, 1.06e-12, 2.1e-10
2018-09-10 00:26:38, 1.15e-12, 2.11e-10
2018-09-10 00:26:42, 1.01e-12, 2.11e-10
2018-09-10 00:26:46, 1.15e-12, 2.11e-10
2018-09-10 00:26:51, 1.08e-12, 2.1e-10
2018-09-10 00:26:55, 1.03e-12, 2.11e-10
2018-09-10 00:26:59, 1.12e-12, 2.1e-10
2018-09-10 00:27:03, 1.09e-12, 2.1e-10
2018-09-10 00:27:07, 1.01e-12, 2.11e-10
2018-09-10 00:27:12, 1e-12, 2.11e-10
2018-09-10 00:27:16, 1.09e-12, 2.11e-10
2018-09-10 00:27:20, 1.02e-12, 2.11e-10
2018-09-10 00:27:24, 1.13e-12, 2.1e-10
2018-09-10 00:27:29, 1.06e-12, 2.1e-10
2018-09-10 00:27:33, 1.05e-12, 2.1e-10
2018-09-10 00:27:37, 9.9e-13, 2.11e-10
2018-09-10 00:27:41, 1.07e-12, 2.11e-10
2018-09-10 00:27:45, 1.07e-12, 2.11e-10
2018-09-10 00:27:50, 1.05e-12, 2.11e-10
2018-09-10 00:27:54, 1.1e-12, 2.1e-10
2018-09-10 00:27:58, 1.21e-12, 2.1e-10
2018-09-10 00:28:02, 1.12e-12, 2.11e-10
2018-09-10 00:28:07, 1.02e-12, 2.11e-10
2018-09-10 00:28:11, 1.06e-12, 2.11e-10
2018-09-10 00:28:15, 1.08e-12, 2.11e-10
2018-09-10 00:28:19, 9.22e-13, 2.11e-10
2018-09-10 00:28:23, 1.09e-12, 2.11e-10
2018-09-10 00:28:28, 1.02e-12, 2.11e-10
2018-09-10 00:28:32, 1.06e-12, 2.11e-10
2018-09-10 00:28:36, 1.12e-12, 2.11e-10
2018-09-10 00:28:40, 1.09e-12, 2.11e-10
2018-09-10 00:28:45, 1.08e-12, 2.11e-10
2018-09-10 00:28:49, 1.05e-12, 2.11e-10
2018-09-10 00:28:53, 1.07e-12, 2.11e-10
2018-09-10 00:28:57, 1.1e-12, 2.11e-10
2018-09-10 00:29:01, 1.15e-12, 2.11e-10
2018-09-10 00:29:06, 9.95e-13, 2.11e-10
2018-09-10 00:29:10, 1.06e-12, 2.11e-10
2018-09-10 00:29:14, 1.1e-12, 2.11e-10
2018-09-10 00:29:18, 1.1e-12, 2.11e-10
2018-09-10 00:29:23, 1.08e-12, 2.11e-10
2018-09-10 00:29:27, 1.15e-12, 2.11e-10
2018-09-10 00:29:31, 1.06e-12, 2.11e-10
2018-09-10 00:29:35, 1.1e-12, 2.11e-10
2018-09-10 00:29:39, 1.27e-12, 2.11e-10
2018-09-10 00:29:44, 1.04e-12, 2.11e-10
2018-09-10 00:29:48, 1.05e-12, 2.11e-10
2018-09-10 00:29:52, 1.11e-12, 2.1e-10
2018-09-10 00:29:56, 1.08e-12, 2.1e-10
2018-09-10 00:30:01, 1.08e-12, 2.11e-10
2018-09-10 00:30:05, 1.08e-12, 2.11e-10
2018-09-10 00:30:09, 1.03e-12, 2.11e-10
2018-09-10 00:30:13, 1.11e-12, 2.11e-10
2018-09-10 00:30:17, 1.07e-12, 2.11e-10
2018-09-10 00:30:22, 1.09e-12, 2.1e-10
2018-09-10 00:30:26, 1.1e-12, 2.11e-10
2018-09-10 00:30:30, 1.06e-12, 2.11e-10
2018-09-10 00:30:34, 1.08e-12, 2.11e-10
2018-09-10 00:30:39, 1.06e-12, 2.11e-10
2018-09-10 00:30:43, 1.06e-12, 2.11e-10
2018-09-10 00:30:47, 1.09e-12, 2.11e-10
2018-09-10 00:30:51, 1.16e-12, 2.11e-10
2018-09-10 00:30:55, 1.06e-12, 2.11e-10
2018-09-10 00:31:00, 1.06e-12, 2.11e-10
2018-09-10 00:31:04, 1.02e-12, 2.11e-10
2018-09-10 00:31:08, 1.1e-12, 2.11e-10
2018-09-10 00:31:12, 1.03e-12, 2.11e-10
2018-09-10 00:31:17, 1.08e-12, 2.11e-10
2018-09-10 00:31:21, 1.03e-12, 2.11e-10
2018-09-10 00:31:25, 1.01e-12, 2.11e-10
2018-09-10 00:31:29, 1.11e-12, 2.11e-10
2018-09-10 00:31:33, 1.11e-12, 2.11e-10
2018-09-10 00:31:38, 1.17e-12, 2.11e-10
2018-09-10 00:31:42, 1.09e-12, 2.11e-10
2018-09-10 00:31:46, 1.02e-12, 2.11e-10
2018-09-10 00:31:50, 1.11e-12, 2.11e-10
2018-09-10 00:31:55, 1.1e-12, 2.11e-10
2018-09-10 00:31:59, 1.12e-12, 2.11e-10
2018-09-10 00:32:03, 1.05e-12, 2.11e-10
2018-09-10 00:32:07, 1.16e-12, 2.12e-10
2018-09-10 00:32:11, 1.11e-12, 2.11e-10
2018-09-10 00:32:16, 1.07e-12, 2.11e-10
2018-09-10 00:32:20, 1.13e-12, 2.11e-10
2018-09-10 00:32:24, 1.11e-12, 2.11e-10
2018-09-10 00:32:28, 1.11e-12, 2.1e-10
2018-09-10 00:32:33, 1.02e-12, 2.11e-10
2018-09-10 00:32:37, 1.09e-12, 2.11e-10
2018-09-10 00:32:41, 1.08e-12, 2.11e-10
2018-09-10 00:32:45, 1.04e-12, 2.11e-10
2018-09-10 00:32:49, 1.03e-12, 2.11e-10
2018-09-10 00:32:54, 1.06e-12, 2.11e-10
2018-09-10 00:32:58, 1.13e-12, 2.11e-10
2018-09-10 00:33:02, 1.08e-12, 2.11e-10
2018-09-10 00:33:06, 1.01e-12, 2.11e-10
2018-09-10 00:33:10, 1.1e-12, 2.11e-10
2018-09-10 00:33:15, 1.07e-12, 2.11e-10
2018-09-10 00:33:19, 1.13e-12, 2.11e-10
2018-09-10 00:33:23, 1.01e-12, 2.11e-10
2018-09-10 00:33:27, 9.19e-13, 2.11e-10
2018-09-10 00:33:32, 1.11e-12, 2.11e-10
2018-09-10 00:33:36, 1.03e-12, 2.11e-10
2018-09-10 00:33:40, 1.07e-12, 2.11e-10
2018-09-10 00:33:44, 1.08e-12, 2.11e-10
2018-09-10 00:33:49, 1.07e-12, 2.11e-10
2018-09-10 00:33:53, 1.03e-12, 2.11e-10
2018-09-10 00:33:57, 1.11e-12, 2.11e-10
2018-09-10 00:34:01, 1.11e-12, 2.11e-10
2018-09-10 00:34:05, 1.01e-12, 2.11e-10
2018-09-10 00:34:10, 1.12e-12, 2.11e-10
2018-09-10 00:34:14, 1.08e-12, 2.12e-10
2018-09-10 00:34:18, 1.14e-12, 2.11e-10
2018-09-10 00:34:22, 1.04e-12, 2.11e-10
2018-09-10 00:34:26, 1.1e-12, 2.11e-10
2018-09-10 00:34:31, 1.05e-12, 2.11e-10
2018-09-10 00:34:35, 1.07e-12, 2.12e-10
2018-09-10 00:34:39, 1.01e-12, 2.12e-10
2018-09-10 00:34:43, 1.05e-12, 2.12e-10
2018-09-10 00:34:48, 1.11e-12, 2.11e-10
2018-09-10 00:34:52, 1.06e-12, 2.11e-10
2018-09-10 00:34:56, 1.05e-12, 2.11e-10
2018-09-10 00:35:00, 1.04e-12, 2.11e-10
2018-09-10 00:35:04, 1.06e-12, 2.12e-10
2018-09-10 00:35:09, 1.1e-12, 2.12e-10
2018-09-10 00:35:13, 1.11e-12, 2.12e-10
2018-09-10 00:35:17, 1.11e-12, 2.11e-10
2018-09-10 00:35:21, 1.03e-12, 2.11e-10
2018-09-10 00:35:26, 1.03e-12, 2.11e-10
2018-09-10 00:35:30, 1.09e-12, 2.11e-10
2018-09-10 00:35:34, 1.03e-12, 2.12e-10
2018-09-10 00:35:38, 1.13e-12, 2.12e-10
2018-09-10 00:35:42, 1.05e-12, 2.11e-10
2018-09-10 00:35:47, 1.07e-12, 2.11e-10
2018-09-10 00:35:51, 1.09e-12, 2.11e-10
2018-09-10 00:35:55, 1.04e-12, 2.11e-10
2018-09-10 00:35:59, 1.11e-12, 2.11e-10
2018-09-10 00:36:04, 9.97e-13, 2.11e-10
2018-09-10 00:36:08, 1.13e-12, 2.12e-10
2018-09-10 00:36:12, 1.07e-12, 2.12e-10
2018-09-10 00:36:16, 1.09e-12, 2.11e-10
2018-09-10 00:36:20, 1.05e-12, 2.11e-10
2018-09-10 00:36:25, 1.13e-12, 2.11e-10
2018-09-10 00:36:29, 1.09e-12, 2.11e-10
2018-09-10 00:36:33, 1.03e-12, 2.11e-10
2018-09-10 00:36:37, 1.12e-12, 2.12e-10
2018-09-10 00:36:42, 1.05e-12, 2.11e-10
2018-09-10 00:36:46, 1.04e-12, 2.11e-10
2018-09-10 00:36:50, 1.03e-12, 2.11e-10
2018-09-10 00:36:54, 1.2e-12, 2.11e-10
2018-09-10 00:36:58, 1.06e-12, 2.11e-10
2018-09-10 00:37:03, 1.14e-12, 2.12e-10
2018-09-10 00:37:07, 1.07e-12, 2.12e-10
2018-09-10 00:37:11, 1.11e-12, 2.11e-10
2018-09-10 00:37:15, 1.03e-12, 2.11e-10
2018-09-10 00:37:20, 1.08e-12, 2.11e-10
2018-09-10 00:37:24, 1.06e-12, 2.11e-10
2018-09-10 00:37:28, 1.08e-12, 2.11e-10
2018-09-10 00:37:32, 1.07e-12, 2.11e-10
2018-09-10 00:37:36, 1.07e-12, 2.12e-10
2018-09-10 00:37:41, 1.15e-12, 2.12e-10
2018-09-10 00:37:45, 1.03e-12, 2.11e-10
2018-09-10 00:37:49, 9.92e-13, 2.11e-10
2018-09-10 00:37:53, 1.08e-12, 2.11e-10
2018-09-10 00:37:58, 1.03e-12, 2.11e-10
2018-09-10 00:38:02, 1.08e-12, 2.12e-10
2018-09-10 00:38:06, 1.03e-12, 2.12e-10
2018-09-10 00:38:10, 1.02e-12, 2.12e-10
2018-09-10 00:38:14, 1.04e-12, 2.11e-10
2018-09-10 00:38:19, 1.1e-12, 2.11e-10
2018-09-10 00:38:23, 1.11e-12, 2.11e-10
2018-09-10 00:38:27, 1.08e-12, 2.11e-10
2018-09-10 00:38:31, 1.04e-12, 2.12e-10
2018-09-10 00:38:36, 1.08e-12, 2.12e-10
2018-09-10 00:38:40, 1.12e-12, 2.12e-10
2018-09-10 00:38:44, 1.12e-12, 2.11e-10
2018-09-10 00:38:48, 1.06e-12, 2.11e-10
2018-09-10 00:38:52, 9.95e-13, 2.11e-10
2018-09-10 00:38:57, 1.2e-12, 2.11e-10
2018-09-10 00:39:01, 1.11e-12, 2.11e-10
2018-09-10 00:39:05, 1.05e-12, 2.12e-10
2018-09-10 00:39:09, 1.05e-12, 2.11e-10
2018-09-10 00:39:14, 1.07e-12, 2.11e-10
2018-09-10 00:39:18, 1.06e-12, 2.11e-10
2018-09-10 00:39:22, 1.08e-12, 2.11e-10
2018-09-10 00:39:26, 1.12e-12, 2.11e-10
2018-09-10 00:39:30, 1.05e-12, 2.11e-10
2018-09-10 00:39:35, 1.09e-12, 2.12e-10
2018-09-10 00:39:39, 1.02e-12, 2.12e-10
2018-09-10 00:39:43, 1.04e-12, 2.11e-10
2018-09-10 00:39:47, 9.89e-13, 2.11e-10
2018-09-10 00:39:52, 1.09e-12, 2.11e-10
2018-09-10 00:39:56, 1.15e-12, 2.11e-10
2018-09-10 00:40:00, 1.09e-12, 2.12e-10
2018-09-10 00:40:04, 1.08e-12, 2.12e-10
2018-09-10 00:40:08, 1.12e-12, 2.12e-10
2018-09-10 00:40:13, 1.02e-12, 2.11e-10
2018-09-10 00:40:17, 1.1e-12, 2.11e-10
2018-09-10 00:40:21, 1.05e-12, 2.11e-10
2018-09-10 00:40:25, 1.09e-12, 2.11e-10
2018-09-10 00:40:29, 1.07e-12, 2.11e-10
2018-09-10 00:40:34, 1.11e-12, 2.12e-10
2018-09-10 00:40:38, 1.1e-12, 2.12e-10
2018-09-10 00:40:42, 1.16e-12, 2.12e-10
2018-09-10 00:40:46, 1.08e-12, 2.11e-10
2018-09-10 00:40:51, 1.04e-12, 2.11e-10
2018-09-10 00:40:55, 1.11e-12, 2.11e-10
2018-09-10 00:40:59, 1.07e-12, 2.11e-10
2018-09-10 00:41:03, 1.09e-12, 2.11e-10
2018-09-10 00:41:07, 1.2e-12, 2.12e-10
2018-09-10 00:41:12, 1.05e-12, 2.11e-10
2018-09-10 00:41:16, 1.06e-12, 2.11e-10
2018-09-10 00:41:20, 1.08e-12, 2.11e-10
2018-09-10 00:41:24, 1.06e-12, 2.11e-10
2018-09-10 00:41:29, 1.01e-12, 2.11e-10
2018-09-10 00:41:33, 1.05e-12, 2.12e-10
2018-09-10 00:41:37, 1.11e-12, 2.11e-10
2018-09-10 00:41:41, 1.1e-12, 2.11e-10
2018-09-10 00:41:45, 1.17e-12, 2.11e-10
2018-09-10 00:41:50, 9.81e-13, 2.11e-10
2018-09-10 00:41:54, 1.03e-12, 2.11e-10
2018-09-10 00:41:58, 1.09e-12, 2.11e-10
2018-09-10 00:42:02, 1.08e-12, 2.11e-10
2018-09-10 00:42:07, 1.06e-12, 2.11e-10
2018-09-10 00:42:11, 1.13e-12, 2.11e-10
2018-09-10 00:42:15, 1.09e-12, 2.11e-10
2018-09-10 00:42:19, 1.13e-12, 2.11e-10
2018-09-10 00:42:23, 1.06e-12, 2.11e-10
2018-09-10 00:42:28, 1.06e-12, 2.11e-10
2018-09-10 00:42:32, 1.16e-12, 2.11e-10
2018-09-10 00:42:36, 1.11e-12, 2.11e-10
2018-09-10 00:42:40, 1.07e-12, 2.11e-10
2018-09-10 00:42:45, 1.08e-12, 2.11e-10
2018-09-10 00:42:49, 1.08e-12, 2.1e-10
2018-09-10 00:42:53, 1.1e-12, 2.11e-10
2018-09-10 00:42:57, 1.1e-12, 2.11e-10
2018-09-10 00:43:01, 1.06e-12, 2.11e-10
2018-09-10 00:43:06, 1.01e-12, 2.12e-10
2018-09-10 00:43:10, 1.11e-12, 2.11e-10
2018-09-10 00:43:14, 1.07e-12, 2.11e-10
2018-09-10 00:43:18, 1.1e-12, 2.11e-10
2018-09-10 00:43:23, 1.09e-12, 2.11e-10
2018-09-10 00:43:27, 1.04e-12, 2.11e-10
2018-09-10 00:43:31, 1.05e-12, 2.11e-10
2018-09-10 00:43:35, 1.02e-12, 2.11e-10
2018-09-10 00:43:39, 9.78e-13, 2.11e-10
2018-09-10 00:43:44, 1.03e-12, 2.11e-10
2018-09-10 00:43:48, 1.07e-12, 2.11e-10
2018-09-10 00:43:52, 1.09e-12, 2.1e-10
2018-09-10 00:43:56, 1.03e-12, 2.11e-10
2018-09-10 00:44:01, 1.22e-12, 2.11e-10
2018-09-10 00:44:05, 9.6e-13, 2.11e-10
2018-09-10 00:44:09, 1.15e-12, 2.11e-10
2018-09-10 00:44:13, 1.05e-12, 2.11e-10
2018-09-10 00:44:17, 1.03e-12, 2.11e-10
2018-09-10 00:44:22, 1.14e-12, 2.1e-10
2018-09-10 00:44:26, 1.08e-12, 2.11e-10
2018-09-10 00:44:30, 1.16e-12, 2.11e-10
2018-09-10 00:44:34, 1.04e-12, 2.11e-10
2018-09-10 00:44:39, 1.05e-12, 2.11e-10
2018-09-10 00:44:43, 1.1e-12, 2.11e-10
2018-09-10 00:44:47, 1.1e-12, 2.1e-10
2018-09-10 00:44:51, 1.26e-12, 2.1e-10
2018-09-10 00:44:55, 1.21e-12, 2.11e-10
2018-09-10 00:45:00, 1.08e-12, 2.11e-10
2018-09-10 00:45:04, 1.05e-12, 2.11e-10
2018-09-10 00:45:08, 1.04e-12, 2.11e-10
2018-09-10 00:45:12, 1.08e-12, 2.1e-10
2018-09-10 00:45:17, 1.13e-12, 2.1e-10
2018-09-10 00:45:21, 1.1e-12, 2.1e-10
2018-09-10 00:45:25, 9.66e-13, 2.11e-10
2018-09-10 00:45:29, 1.04e-12, 2.11e-10
2018-09-10 00:45:33, 1.03e-12, 2.11e-10
2018-09-10 00:45:38, 1.06e-12, 2.11e-10
2018-09-10 00:45:42, 1.1e-12, 2.1e-10
2018-09-10 00:45:46, 1.1e-12, 2.1e-10
2018-09-10 00:45:50, 1.07e-12, 2.1e-10
2018-09-10 00:45:55, 1.1e-12, 2.1e-10
2018-09-10 00:45:59, 1.05e-12, 2.11e-10
2018-09-10 00:46:03, 1.11e-12, 2.11e-10
2018-09-10 00:46:07, 1.07e-12, 2.11e-10
2018-09-10 00:46:11, 1.16e-12, 2.11e-10
2018-09-10 00:46:16, 1.05e-12, 2.1e-10
2018-09-10 00:46:20, 1.06e-12, 2.1e-10
2018-09-10 00:46:24, 1.08e-12, 2.1e-10
2018-09-10 00:46:28, 1.05e-12, 2.11e-10
2018-09-10 00:46:33, 1.17e-12, 2.11e-10
2018-09-10 00:46:37, 1.14e-12, 2.11e-10
2018-09-10 00:46:41, 1.08e-12, 2.1e-10
2018-09-10 00:46:45, 1.02e-12, 2.1e-10
2018-09-10 00:46:49, 1.06e-12, 2.1e-10
2018-09-10 00:46:54, 1.04e-12, 2.1e-10
2018-09-10 00:46:58, 1.04e-12, 2.11e-10
2018-09-10 00:47:02, 1.08e-12, 2.11e-10
2018-09-10 00:47:06, 1.13e-12, 2.11e-10
2018-09-10 00:47:11, 1.06e-12, 2.1e-10
2018-09-10 00:47:15, 1.04e-12, 2.1e-10
2018-09-10 00:47:19, 1.08e-12, 2.1e-10
2018-09-10 00:47:23, 9.9e-13, 2.1e-10
2018-09-10 00:47:27, 1.05e-12, 2.1e-10
2018-09-10 00:47:32, 1.05e-12, 2.11e-10
2018-09-10 00:47:36, 1.02e-12, 2.11e-10
2018-09-10 00:47:40, 1.04e-12, 2.1e-10
2018-09-10 00:47:44, 1.09e-12, 2.1e-10
2018-09-10 00:47:49, 1.09e-12, 2.1e-10
2018-09-10 00:47:53, 1.1e-12, 2.11e-10
2018-09-10 00:47:57, 1.08e-12, 2.11e-10
2018-09-10 00:48:01, 8.96e-13, 2.11e-10
2018-09-10 00:48:05, 1.2e-12, 2.11e-10
2018-09-10 00:48:10, 1.08e-12, 2.11e-10
2018-09-10 00:48:14, 1.06e-12, 2.1e-10
2018-09-10 00:48:18, 1.07e-12, 2.1e-10
2018-09-10 00:48:22, 1e-12, 2.1e-10
2018-09-10 00:48:27, 1.08e-12, 2.11e-10
2018-09-10 00:48:31, 1.07e-12, 2.11e-10
2018-09-10 00:48:35, 1.19e-12, 2.11e-10
2018-09-10 00:48:39, 1.06e-12, 2.1e-10
2018-09-10 00:48:43, 1.07e-12, 2.1e-10
2018-09-10 00:48:48, 1.07e-12, 2.1e-10
2018-09-10 00:48:52, 1.02e-12, 2.1e-10
2018-09-10 00:48:56, 1.11e-12, 2.1e-10
2018-09-10 00:49:00, 1.07e-12, 2.11e-10
2018-09-10 00:49:05, 1.02e-12, 2.11e-10
2018-09-10 00:49:09, 1.18e-12, 2.11e-10
2018-09-10 00:49:13, 1.08e-12, 2.1e-10
2018-09-10 00:49:17, 1.13e-12, 2.1e-10
2018-09-10 00:49:21, 1.08e-12, 2.1e-10
2018-09-10 00:49:26, 1.01e-12, 2.11e-10
2018-09-10 00:49:30, 1.07e-12, 2.11e-10
2018-09-10 00:49:34, 1.21e-12, 2.11e-10
2018-09-10 00:49:38, 1.13e-12, 2.1e-10
2018-09-10 00:49:43, 1.01e-12, 2.1e-10
2018-09-10 00:49:47, 1.05e-12, 2.1e-10
2018-09-10 00:49:51, 1.09e-12, 2.1e-10
2018-09-10 00:49:55, 1.08e-12, 2.11e-10
2018-09-10 00:49:59, 1.07e-12, 2.11e-10
2018-09-10 00:50:04, 1.06e-12, 2.11e-10
2018-09-10 00:50:08, 1.07e-12, 2.11e-10
2018-09-10 00:50:12, 1.1e-12, 2.1e-10
2018-09-10 00:50:16, 1.14e-12, 2.1e-10
2018-09-10 00:50:20, 1.05e-12, 2.1e-10
2018-09-10 00:50:25, 1.08e-12, 2.11e-10
2018-09-10 00:50:29, 1.14e-12, 2.11e-10
2018-09-10 00:50:33, 1.08e-12, 2.11e-10
2018-09-10 00:50:37, 1.08e-12, 2.11e-10
2018-09-10 00:50:42, 1.11e-12, 2.1e-10
2018-09-10 00:50:46, 1.05e-12, 2.1e-10
2018-09-10 00:50:50, 1.02e-12, 2.1e-10
2018-09-10 00:50:54, 1.03e-12, 2.11e-10
2018-09-10 00:50:58, 1.09e-12, 2.11e-10
2018-09-10 00:51:03, 1.02e-12, 2.11e-10
2018-09-10 00:51:07, 1.06e-12, 2.11e-10
2018-09-10 00:51:11, 1.08e-12, 2.1e-10
2018-09-10 00:51:15, 1.04e-12, 2.1e-10
2018-09-10 00:51:20, 1.11e-12, 2.11e-10
2018-09-10 00:51:24, 1e-12, 2.1e-10
2018-09-10 00:51:28, 1.09e-12, 2.11e-10
2018-09-10 00:51:32, 1.03e-12, 2.11e-10
2018-09-10 00:51:36, 1.05e-12, 2.11e-10
2018-09-10 00:51:41, 1.09e-12, 2.11e-10
2018-09-10 00:51:45, 1.09e-12, 2.1e-10
2018-09-10 00:51:49, 1.05e-12, 2.1e-10
2018-09-10 00:51:53, 1.06e-12, 2.11e-10
2018-09-10 00:51:58, 1.06e-12, 2.11e-10
2018-09-10 00:52:02, 1.06e-12, 2.11e-10
2018-09-10 00:52:06, 1.06e-12, 2.11e-10
2018-09-10 00:52:10, 1.14e-12, 2.1e-10
2018-09-10 00:52:14, 1.09e-12, 2.1e-10
2018-09-10 00:52:19, 1.12e-12, 2.1e-10
2018-09-10 00:52:23, 1.03e-12, 2.11e-10
2018-09-10 00:52:27, 1.06e-12, 2.11e-10
2018-09-10 00:52:31, 1.07e-12, 2.11e-10
2018-09-10 00:52:36, 1.06e-12, 2.11e-10
2018-09-10 00:52:40, 1.03e-12, 2.11e-10
2018-09-10 00:52:44, 1.06e-12, 2.1e-10
2018-09-10 00:52:48, 1.06e-12, 2.11e-10
2018-09-10 00:52:52, 1.11e-12, 2.11e-10
2018-09-10 00:52:57, 1.05e-12, 2.11e-10
2018-09-10 00:53:01, 1.08e-12, 2.11e-10
2018-09-10 00:53:05, 1.06e-12, 2.1e-10
2018-09-10 00:53:09, 1.04e-12, 2.1e-10
2018-09-10 00:53:14, 1.08e-12, 2.1e-10
2018-09-10 00:53:18, 1.04e-12, 2.1e-10
2018-09-10 00:53:22, 1.1e-12, 2.11e-10
2018-09-10 00:53:26, 1.14e-12, 2.11e-10
2018-09-10 00:53:30, 1.18e-12, 2.11e-10
2018-09-10 00:53:35, 1.09e-12, 2.11e-10
2018-09-10 00:53:39, 1.1e-12, 2.1e-10
2018-09-10 00:53:43, 1.08e-12, 2.1e-10
2018-09-10 00:53:47, 1.07e-12, 2.11e-10
2018-09-10 00:53:52, 1.08e-12, 2.11e-10
2018-09-10 00:53:56, 1.08e-12, 2.11e-10
2018-09-10 00:54:00, 1.07e-12, 2.11e-10
2018-09-10 00:54:04, 1.08e-12, 2.11e-10
2018-09-10 00:54:08, 1.19e-12, 2.1e-10
2018-09-10 00:54:13, 1.08e-12, 2.1e-10
2018-09-10 00:54:17, 1.04e-12, 2.11e-10
2018-09-10 00:54:21, 1.13e-12, 2.11e-10
2018-09-10 00:54:25, 1.1e-12, 2.11e-10
2018-09-10 00:54:30, 1.08e-12, 2.12e-10
2018-09-10 00:54:34, 1.09e-12, 2.11e-10
2018-09-10 00:54:38, 1.09e-12, 2.11e-10
2018-09-10 00:54:42, 1.09e-12, 2.1e-10
2018-09-10 00:54:46, 1.06e-12, 2.1e-10
2018-09-10 00:54:51, 1.07e-12, 2.11e-10
2018-09-10 00:54:55, 1.08e-12, 2.11e-10
2018-09-10 00:54:59, 1.01e-12, 2.11e-10
2018-09-10 00:55:03, 1.03e-12, 2.11e-10
2018-09-10 00:55:08, 1.01e-12, 2.11e-10
2018-09-10 00:55:12, 1.08e-12, 2.11e-10
2018-09-10 00:55:16, 1.03e-12, 2.11e-10
2018-09-10 00:55:20, 1.15e-12, 2.11e-10
2018-09-10 00:55:24, 1.14e-12, 2.11e-10
2018-09-10 00:55:29, 1.1e-12, 2.11e-10
2018-09-10 00:55:33, 1.06e-12, 2.11e-10
2018-09-10 00:55:37, 1.07e-12, 2.11e-10
2018-09-10 00:55:41, 1.09e-12, 2.1e-10
2018-09-10 00:55:46, 1.1e-12, 2.11e-10
2018-09-10 00:55:50, 1.09e-12, 2.11e-10
2018-09-10 00:55:54, 1.06e-12, 2.11e-10
2018-09-10 00:55:58, 1.06e-12, 2.11e-10
2018-09-10 00:56:02, 1.07e-12, 2.11e-10
2018-09-10 00:56:07, 1.09e-12, 2.11e-10
2018-09-10 00:56:11, 1.11e-12, 2.1e-10
2018-09-10 00:56:15, 1.12e-12, 2.11e-10
2018-09-10 00:56:19, 1.12e-12, 2.11e-10
2018-09-10 00:56:24, 1.09e-12, 2.11e-10
2018-09-10 00:56:28, 1.01e-12, 2.11e-10
2018-09-10 00:56:32, 1.11e-12, 2.11e-10
2018-09-10 00:56:36, 1.07e-12, 2.11e-10
2018-09-10 00:56:40, 1.04e-12, 2.1e-10
2018-09-10 00:56:45, 1.07e-12, 2.1e-10
2018-09-10 00:56:49, 1.13e-12, 2.11e-10
2018-09-10 00:56:53, 1.07e-12, 2.11e-10
2018-09-10 00:56:57, 1.01e-12, 2.11e-10
2018-09-10 00:57:02, 1.09e-12, 2.11e-10
2018-09-10 00:57:06, 1.08e-12, 2.11e-10
2018-09-10 00:57:10, 1.09e-12, 2.1e-10
2018-09-10 00:57:14, 1.05e-12, 2.11e-10
2018-09-10 00:57:18, 1.09e-12, 2.11e-10
2018-09-10 00:57:23, 1.09e-12, 2.11e-10
2018-09-10 00:57:27, 1.15e-12, 2.11e-10
2018-09-10 00:57:31, 1.26e-12, 2.11e-10
2018-09-10 00:57:35, 1.12e-12, 2.1e-10
2018-09-10 00:57:40, 1.06e-12, 2.1e-10
2018-09-10 00:57:44, 1.04e-12, 2.1e-10
2018-09-10 00:57:48, 1.04e-12, 2.1e-10
2018-09-10 00:57:52, 1.03e-12, 2.11e-10
2018-09-10 00:57:56, 1.1e-12, 2.11e-10
2018-09-10 00:58:01, 1.04e-12, 2.11e-10
2018-09-10 00:58:05, 1.07e-12, 2.1e-10
2018-09-10 00:58:09, 1.08e-12, 2.1e-10
2018-09-10 00:58:13, 1.07e-12, 2.1e-10
2018-09-10 00:58:18, 9.09e-13, 2.1e-10
2018-09-10 00:58:22, 1.06e-12, 2.11e-10
2018-09-10 00:58:26, 1.05e-12, 2.11e-10
2018-09-10 00:58:30, 1.1e-12, 2.11e-10
2018-09-10 00:58:34, 1.04e-12, 2.11e-10
2018-09-10 00:58:39, 1.06e-12, 2.11e-10
2018-09-10 00:58:43, 1.13e-12, 2.1e-10
2018-09-10 00:58:47, 1.06e-12, 2.1e-10
2018-09-10 00:58:51, 1.06e-12, 2.11e-10
2018-09-10 00:58:56, 1.04e-12, 2.11e-10
2018-09-10 00:59:00, 1.05e-12, 2.11e-10
2018-09-10 00:59:04, 1.05e-12, 2.11e-10
2018-09-10 00:59:08, 9.42e-13, 2.1e-10
2018-09-10 00:59:12, 1.07e-12, 2.1e-10
2018-09-10 00:59:17, 1.06e-12, 2.1e-10
2018-09-10 00:59:21, 1.04e-12, 2.11e-10
2018-09-10 00:59:25, 1.08e-12, 2.11e-10
2018-09-10 00:59:29, 1.07e-12, 2.11e-10
2018-09-10 00:59:34, 1.11e-12, 2.11e-10
2018-09-10 00:59:38, 1.06e-12, 2.11e-10
2018-09-10 00:59:42, 1.07e-12, 2.1e-10
2018-09-10 00:59:46, 1.08e-12, 2.11e-10
2018-09-10 00:59:50, 1.1e-12, 2.11e-10
2018-09-10 00:59:55, 1.07e-12, 2.11e-10
2018-09-10 00:59:59, 1.12e-12, 2.11e-10
2018-09-10 01:00:03, 1.08e-12, 2.11e-10
2018-09-10 01:00:07, 1.08e-12, 2.11e-10
2018-09-10 01:00:12, 1.04e-12, 2.1e-10
2018-09-10 01:00:16, 1.14e-12, 2.1e-10
2018-09-10 01:00:20, 1.11e-12, 2.11e-10
2018-09-10 01:00:24, 1.11e-12, 2.11e-10
2018-09-10 01:00:28, 1.06e-12, 2.11e-10
2018-09-10 01:00:33, 1.01e-12, 2.11e-10
2018-09-10 01:00:37, 1.03e-12, 2.1e-10
2018-09-10 01:00:41, 1.12e-12, 2.1e-10
2018-09-10 01:00:45, 1.11e-12, 2.1e-10
2018-09-10 01:00:50, 1.09e-12, 2.11e-10
2018-09-10 01:00:54, 1.12e-12, 2.11e-10
2018-09-10 01:00:58, 1.09e-12, 2.11e-10
2018-09-10 01:01:02, 9.62e-13, 2.1e-10
2018-09-10 01:01:06, 1.19e-12, 2.1e-10
2018-09-10 01:01:11, 9.88e-13, 2.1e-10
2018-09-10 01:01:15, 1.04e-12, 2.11e-10
2018-09-10 01:01:19, 1.07e-12, 2.11e-10
2018-09-10 01:01:23, 1.07e-12, 2.11e-10
2018-09-10 01:01:28, 1.08e-12, 2.11e-10
2018-09-10 01:01:32, 1.06e-12, 2.11e-10
2018-09-10 01:01:36, 1.13e-12, 2.1e-10
2018-09-10 01:01:40, 1.01e-12, 2.1e-10
2018-09-10 01:01:44, 9.97e-13, 2.1e-10
2018-09-10 01:01:49, 1.13e-12, 2.11e-10
2018-09-10 01:01:53, 1.1e-12, 2.11e-10
2018-09-10 01:01:57, 1.03e-12, 2.11e-10
2018-09-10 01:02:01, 1.06e-12, 2.11e-10
2018-09-10 01:02:06, 1.05e-12, 2.1e-10
2018-09-10 01:02:10, 1.08e-12, 2.1e-10
2018-09-10 01:02:14, 1.07e-12, 2.1e-10
2018-09-10 01:02:18, 1.12e-12, 2.11e-10
2018-09-10 01:02:22, 1.04e-12, 2.11e-10
2018-09-10 01:02:27, 1.11e-12, 2.11e-10
2018-09-10 01:02:31, 1.03e-12, 2.11e-10
2018-09-10 01:02:35, 1.09e-12, 2.11e-10
2018-09-10 01:02:39, 1.12e-12, 2.1e-10
2018-09-10 01:02:44, 1.06e-12, 2.11e-10
2018-09-10 01:02:48, 1.08e-12, 2.11e-10
2018-09-10 01:02:52, 9.97e-13, 2.11e-10
2018-09-10 01:02:56, 1.07e-12, 2.11e-10
2018-09-10 01:03:00, 1.09e-12, 2.11e-10
2018-09-10 01:03:05, 1.06e-12, 2.11e-10
2018-09-10 01:03:09, 1.08e-12, 2.1e-10
2018-09-10 01:03:13, 1.08e-12, 2.1e-10
2018-09-10 01:03:17, 1.1e-12, 2.11e-10
2018-09-10 01:03:22, 1.04e-12, 2.11e-10
2018-09-10 01:03:26, 1.12e-12, 2.11e-10
2018-09-10 01:03:30, 1e-12, 2.11e-10
2018-09-10 01:03:34, 1.12e-12, 2.11e-10
2018-09-10 01:03:38, 1.02e-12, 2.11e-10
2018-09-10 01:03:43, 1.2e-12, 2.1e-10
2018-09-10 01:03:47, 9.5e-13, 2.11e-10
2018-09-10 01:03:51, 1.09e-12, 2.11e-10
2018-09-10 01:03:55, 1.05e-12, 2.11e-10
2018-09-10 01:04:00, 1.04e-12, 2.11e-10
2018-09-10 01:04:04, 1.06e-12, 2.1e-10
2018-09-10 01:04:08, 1.07e-12, 2.11e-10
2018-09-10 01:04:12, 1.06e-12, 2.11e-10
2018-09-10 01:04:16, 1.04e-12, 2.11e-10
2018-09-10 01:04:21, 1.1e-12, 2.11e-10
2018-09-10 01:04:25, 1.06e-12, 2.11e-10
2018-09-10 01:04:29, 1.12e-12, 2.11e-10
2018-09-10 01:04:33, 1.02e-12, 2.1e-10
2018-09-10 01:04:37, 1.06e-12, 2.1e-10
2018-09-10 01:04:42, 1.1e-12, 2.1e-10
2018-09-10 01:04:46, 1.14e-12, 2.11e-10
2018-09-10 01:04:50, 1.14e-12, 2.11e-10
2018-09-10 01:04:54, 1.1e-12, 2.11e-10
2018-09-10 01:04:59, 1.13e-12, 2.11e-10
2018-09-10 01:05:03, 1.11e-12, 2.1e-10
2018-09-10 01:05:07, 1.09e-12, 2.1e-10
2018-09-10 01:05:11, 1.06e-12, 2.11e-10
2018-09-10 01:05:15, 1.05e-12, 2.11e-10
2018-09-10 01:05:20, 1.09e-12, 2.11e-10
2018-09-10 01:05:24, 1.06e-12, 2.11e-10
2018-09-10 01:05:28, 1.12e-12, 2.11e-10
2018-09-10 01:05:32, 9.91e-13, 2.11e-10
2018-09-10 01:05:37, 1.01e-12, 2.1e-10
2018-09-10 01:05:41, 1.07e-12, 2.1e-10
2018-09-10 01:05:45, 1.22e-12, 2.11e-10
2018-09-10 01:05:49, 1.08e-12, 2.11e-10
2018-09-10 01:05:53, 1.06e-12, 2.11e-10
2018-09-10 01:05:58, 1.04e-12, 2.11e-10
2018-09-10 01:06:02, 1.08e-12, 2.1e-10
2018-09-10 01:06:06, 1.07e-12, 2.1e-10
2018-09-10 01:06:10, 1.06e-12, 2.1e-10
2018-09-10 01:06:15, 1.07e-12, 2.11e-10
2018-09-10 01:06:19, 1.1e-12, 2.11e-10
2018-09-10 01:06:23, 1.09e-12, 2.11e-10
2018-09-10 01:06:27, 1.09e-12, 2.11e-10
2018-09-10 01:06:31, 1.07e-12, 2.1e-10
2018-09-10 01:06:36, 1.05e-12, 2.1e-10
2018-09-10 01:06:40, 1.14e-12, 2.1e-10
2018-09-10 01:06:44, 1.12e-12, 2.11e-10
2018-09-10 01:06:48, 1.12e-12, 2.11e-10
2018-09-10 01:06:53, 9.42e-13, 2.11e-10
2018-09-10 01:06:57, 1.05e-12, 2.1e-10
2018-09-10 01:07:01, 1.09e-12, 2.1e-10
2018-09-10 01:07:05, 1.1e-12, 2.1e-10
2018-09-10 01:07:09, 1.09e-12, 2.1e-10
2018-09-10 01:07:14, 1.09e-12, 2.1e-10
2018-09-10 01:07:18, 1.06e-12, 2.11e-10
2018-09-10 01:07:22, 1.07e-12, 2.11e-10
2018-09-10 01:07:26, 1.02e-12, 2.1e-10
2018-09-10 01:07:31, 1.04e-12, 2.1e-10
2018-09-10 01:07:35, 1.05e-12, 2.1e-10
2018-09-10 01:07:39, 1.15e-12, 2.1e-10
2018-09-10 01:07:43, 1.09e-12, 2.1e-10
2018-09-10 01:07:47, 1.01e-12, 2.1e-10
2018-09-10 01:07:52, 1.06e-12, 2.1e-10
2018-09-10 01:07:56, 1.08e-12, 2.1e-10
2018-09-10 01:08:00, 1.05e-12, 2.1e-10
2018-09-10 01:08:04, 1.27e-12, 2.1e-10
2018-09-10 01:08:09, 1.05e-12, 2.1e-10
2018-09-10 01:08:13, 1.1e-12, 2.1e-10
2018-09-10 01:08:17, 1e-12, 2.1e-10
2018-09-10 01:08:21, 1.16e-12, 2.1e-10
2018-09-10 01:08:25, 9.37e-13, 2.1e-10
2018-09-10 01:08:30, 1.08e-12, 2.1e-10
2018-09-10 01:08:34, 1.09e-12, 2.1e-10
2018-09-10 01:08:38, 1.07e-12, 2.1e-10
2018-09-10 01:08:42, 1.28e-12, 2.1e-10
2018-09-10 01:08:47, 9.71e-13, 2.11e-10
2018-09-10 01:08:51, 1.05e-12, 2.11e-10
2018-09-10 01:08:55, 1.09e-12, 2.1e-10
2018-09-10 01:08:59, 1.07e-12, 2.1e-10
2018-09-10 01:09:03, 1.08e-12, 2.1e-10
2018-09-10 01:09:08, 1.03e-12, 2.1e-10
2018-09-10 01:09:12, 1.09e-12, 2.1e-10
2018-09-10 01:09:16, 1.1e-12, 2.1e-10
2018-09-10 01:09:20, 1.12e-12, 2.1e-10
2018-09-10 01:09:25, 8.57e-13, 2.1e-10
2018-09-10 01:09:29, 1.16e-12, 2.1e-10
2018-09-10 01:09:33, 1.11e-12, 2.1e-10
2018-09-10 01:09:37, 1.01e-12, 2.1e-10
2018-09-10 01:09:41, 9.95e-13, 2.1e-10
2018-09-10 01:09:46, 1.04e-12, 2.1e-10
2018-09-10 01:09:50, 9.55e-13, 2.1e-10
2018-09-10 01:09:54, 1.07e-12, 2.1e-10
2018-09-10 01:09:58, 1.1e-12, 2.1e-10
2018-09-10 01:10:03, 1.04e-12, 2.1e-10
2018-09-10 01:10:07, 1.08e-12, 2.1e-10
2018-09-10 01:10:11, 1.07e-12, 2.1e-10
2018-09-10 01:10:15, 1.09e-12, 2.1e-10
2018-09-10 01:10:19, 1.12e-12, 2.11e-10
2018-09-10 01:10:24, 1.06e-12, 2.1e-10
2018-09-10 01:10:28, 1.06e-12, 2.1e-10
2018-09-10 01:10:32, 1.02e-12, 2.09e-10
2018-09-10 01:10:36, 1.17e-12, 2.09e-10
2018-09-10 01:10:41, 8.92e-13, 2.1e-10
2018-09-10 01:10:45, 1.09e-12, 2.1e-10
2018-09-10 01:10:49, 1.08e-12, 2.1e-10
2018-09-10 01:10:53, 1.03e-12, 2.1e-10
2018-09-10 01:10:57, 1.06e-12, 2.1e-10
2018-09-10 01:11:02, 1.11e-12, 2.1e-10
2018-09-10 01:11:06, 1.05e-12, 2.1e-10
2018-09-10 01:11:10, 1.08e-12, 2.1e-10
2018-09-10 01:11:14, 1.06e-12, 2.1e-10
2018-09-10 01:11:19, 9.46e-13, 2.1e-10
2018-09-10 01:11:23, 1.08e-12, 2.1e-10
2018-09-10 01:11:27, 1.09e-12, 2.1e-10
2018-09-10 01:11:31, 1.04e-12, 2.1e-10
2018-09-10 01:11:35, 1.09e-12, 2.1e-10
2018-09-10 01:11:40, 1.08e-12, 2.1e-10
2018-09-10 01:11:44, 1.19e-12, 2.1e-10
2018-09-10 01:11:48, 1.08e-12, 2.11e-10
2018-09-10 01:11:52, 1.06e-12, 2.1e-10
2018-09-10 01:11:57, 1.05e-12, 2.1e-10
2018-09-10 01:12:01, 1.07e-12, 2.1e-10
2018-09-10 01:12:05, 1e-12, 2.1e-10
2018-09-10 01:12:09, 1.06e-12, 2.1e-10
2018-09-10 01:12:13, 9.67e-13, 2.1e-10
2018-09-10 01:12:18, 1.1e-12, 2.1e-10
2018-09-10 01:12:22, 1.07e-12, 2.1e-10
2018-09-10 01:12:26, 1.13e-12, 2.1e-10
2018-09-10 01:12:30, 1.11e-12, 2.09e-10
2018-09-10 01:12:35, 1.02e-12, 2.09e-10
2018-09-10 01:12:39, 1.04e-12, 2.1e-10
2018-09-10 01:12:43, 1.11e-12, 2.1e-10
2018-09-10 01:12:47, 1.03e-12, 2.1e-10
2018-09-10 01:12:51, 1.09e-12, 2.1e-10
2018-09-10 01:12:56, 1.1e-12, 2.1e-10
2018-09-10 01:13:00, 1.08e-12, 2.09e-10
2018-09-10 01:13:04, 1.01e-12, 2.09e-10
2018-09-10 01:13:08, 1.08e-12, 2.09e-10
2018-09-10 01:13:13, 1.03e-12, 2.1e-10
2018-09-10 01:13:17, 1.17e-12, 2.1e-10
2018-09-10 01:13:21, 1.09e-12, 2.1e-10
2018-09-10 01:13:25, 1.13e-12, 2.1e-10
2018-09-10 01:13:29, 1.15e-12, 2.1e-10
2018-09-10 01:13:34, 1.02e-12, 2.1e-10
2018-09-10 01:13:38, 1.11e-12, 2.1e-10
2018-09-10 01:13:42, 1.1e-12, 2.1e-10
2018-09-10 01:13:46, 1.11e-12, 2.1e-10
2018-09-10 01:13:51, 1.11e-12, 2.1e-10
2018-09-10 01:13:55, 1.07e-12, 2.1e-10
2018-09-10 01:13:59, 1.08e-12, 2.09e-10
2018-09-10 01:14:03, 1.08e-12, 2.09e-10
2018-09-10 01:14:07, 1.04e-12, 2.1e-10
2018-09-10 01:14:12, 1.09e-12, 2.1e-10
2018-09-10 01:14:16, 1.12e-12, 2.1e-10
2018-09-10 01:14:20, 1.1e-12, 2.1e-10
2018-09-10 01:14:24, 1.03e-12, 2.1e-10
2018-09-10 01:14:28, 9.48e-13, 2.09e-10
2018-09-10 01:14:33, 1.08e-12, 2.09e-10
2018-09-10 01:14:37, 1.05e-12, 2.1e-10
2018-09-10 01:14:41, 1.12e-12, 2.1e-10
2018-09-10 01:14:45, 1.03e-12, 2.1e-10
2018-09-10 01:14:50, 1.04e-12, 2.1e-10
2018-09-10 01:14:54, 1.05e-12, 2.1e-10
2018-09-10 01:14:58, 1.04e-12, 2.1e-10
2018-09-10 01:15:02, 1.03e-12, 2.09e-10
2018-09-10 01:15:06, 1.02e-12, 2.09e-10
2018-09-10 01:15:11, 1.04e-12, 2.1e-10
2018-09-10 01:15:15, 1.23e-12, 2.1e-10
2018-09-10 01:15:19, 1e-12, 2.1e-10
2018-09-10 01:15:23, 1.1e-12, 2.1e-10
2018-09-10 01:15:28, 1.11e-12, 2.1e-10
2018-09-10 01:15:32, 1.12e-12, 2.1e-10
2018-09-10 01:15:36, 1.06e-12, 2.09e-10
2018-09-10 01:15:40, 1.09e-12, 2.1e-10
2018-09-10 01:15:44, 1.1e-12, 2.1e-10
2018-09-10 01:15:49, 1.05e-12, 2.11e-10
2018-09-10 01:15:53, 1.13e-12, 2.1e-10
2018-09-10 01:15:57, 1.24e-12, 2.1e-10
2018-09-10 01:16:01, 1.06e-12, 2.1e-10
2018-09-10 01:16:06, 9.7e-13, 2.1e-10
2018-09-10 01:16:10, 1.05e-12, 2.1e-10
2018-09-10 01:16:14, 1.04e-12, 2.1e-10
2018-09-10 01:16:18, 1.06e-12, 2.1e-10
2018-09-10 01:16:22, 9.64e-13, 2.1e-10
2018-09-10 01:16:27, 1.11e-12, 2.1e-10
2018-09-10 01:16:31, 1.09e-12, 2.1e-10
2018-09-10 01:16:35, 1.08e-12, 2.1e-10
2018-09-10 01:16:39, 1.06e-12, 2.1e-10
2018-09-10 01:16:44, 1.09e-12, 2.1e-10
2018-09-10 01:16:48, 1.03e-12, 2.1e-10
2018-09-10 01:16:52, 1.07e-12, 2.1e-10
2018-09-10 01:16:56, 1.04e-12, 2.1e-10
2018-09-10 01:17:00, 1.1e-12, 2.1e-10
2018-09-10 01:17:05, 1.2e-12, 2.1e-10
2018-09-10 01:17:09, 1.06e-12, 2.1e-10
2018-09-10 01:17:13, 1.13e-12, 2.1e-10
2018-09-10 01:17:17, 1.11e-12, 2.1e-10
2018-09-10 01:17:22, 1.07e-12, 2.1e-10
2018-09-10 01:17:26, 1.1e-12, 2.1e-10
2018-09-10 01:17:30, 1.05e-12, 2.09e-10
2018-09-10 01:17:34, 1.08e-12, 2.09e-10
2018-09-10 01:17:38, 9.61e-13, 2.1e-10
2018-09-10 01:17:43, 1.04e-12, 2.1e-10
2018-09-10 01:17:47, 1.05e-12, 2.1e-10
2018-09-10 01:17:51, 1.08e-12, 2.1e-10
2018-09-10 01:17:55, 1.08e-12, 2.1e-10
2018-09-10 01:18:00, 1.04e-12, 2.09e-10
2018-09-10 01:18:04, 9.87e-13, 2.1e-10
2018-09-10 01:18:08, 1.01e-12, 2.1e-10
2018-09-10 01:18:12, 1.14e-12, 2.1e-10
2018-09-10 01:18:16, 1.02e-12, 2.1e-10
2018-09-10 01:18:21, 1.07e-12, 2.1e-10
2018-09-10 01:18:25, 1.06e-12, 2.1e-10
2018-09-10 01:18:29, 1.07e-12, 2.1e-10
2018-09-10 01:18:33, 1.03e-12, 2.1e-10
2018-09-10 01:18:38, 1.08e-12, 2.1e-10
2018-09-10 01:18:42, 9.98e-13, 2.1e-10
2018-09-10 01:18:46, 1.09e-12, 2.1e-10
2018-09-10 01:18:50, 1.07e-12, 2.1e-10
2018-09-10 01:18:54, 1.05e-12, 2.1e-10
2018-09-10 01:18:59, 1.21e-12, 2.09e-10
2018-09-10 01:19:03, 1.08e-12, 2.1e-10
2018-09-10 01:19:07, 9.97e-13, 2.1e-10
2018-09-10 01:19:11, 1.11e-12, 2.1e-10
2018-09-10 01:19:16, 1.14e-12, 2.1e-10
2018-09-10 01:19:20, 1.07e-12, 2.1e-10
2018-09-10 01:19:24, 1.14e-12, 2.1e-10
2018-09-10 01:19:28, 1.09e-12, 2.1e-10
2018-09-10 01:19:32, 1.08e-12, 2.1e-10
2018-09-10 01:19:37, 1.09e-12, 2.1e-10
2018-09-10 01:19:41, 1.06e-12, 2.1e-10
2018-09-10 01:19:45, 1.05e-12, 2.1e-10
2018-09-10 01:19:49, 1.02e-12, 2.1e-10
2018-09-10 01:19:54, 1.08e-12, 2.1e-10
2018-09-10 01:19:58, 1.11e-12, 2.1e-10
2018-09-10 01:20:02, 1.04e-12, 2.1e-10
2018-09-10 01:20:06, 1.05e-12, 2.1e-10
2018-09-10 01:20:10, 1.08e-12, 2.1e-10
2018-09-10 01:20:15, 1.05e-12, 2.11e-10
2018-09-10 01:20:19, 1.03e-12, 2.1e-10
2018-09-10 01:20:23, 1.04e-12, 2.1e-10
2018-09-10 01:20:27, 1.11e-12, 2.1e-10
2018-09-10 01:20:32, 1.07e-12, 2.1e-10
2018-09-10 01:20:36, 1.09e-12, 2.1e-10
2018-09-10 01:20:40, 9.83e-13, 2.1e-10
2018-09-10 01:20:44, 1.14e-12, 2.11e-10
2018-09-10 01:20:48, 1.27e-12, 2.11e-10
2018-09-10 01:20:53, 1.07e-12, 2.1e-10
2018-09-10 01:20:57, 1.08e-12, 2.1e-10
2018-09-10 01:21:01, 1.1e-12, 2.1e-10
2018-09-10 01:21:05, 1.05e-12, 2.1e-10
2018-09-10 01:21:10, 1.04e-12, 2.11e-10
2018-09-10 01:21:14, 1.03e-12, 2.11e-10
2018-09-10 01:21:18, 1.07e-12, 2.11e-10
2018-09-10 01:21:22, 1.11e-12, 2.1e-10
2018-09-10 01:21:26, 1.05e-12, 2.1e-10
2018-09-10 01:21:31, 1.04e-12, 2.1e-10
2018-09-10 01:21:35, 1.1e-12, 2.1e-10
2018-09-10 01:21:39, 1.09e-12, 2.1e-10
2018-09-10 01:21:43, 1.06e-12, 2.11e-10
2018-09-10 01:21:48, 1.04e-12, 2.11e-10
2018-09-10 01:21:52, 1.08e-12, 2.1e-10
2018-09-10 01:21:56, 1.11e-12, 2.1e-10
2018-09-10 01:22:00, 1.03e-12, 2.1e-10
2018-09-10 01:22:04, 1.09e-12, 2.1e-10
2018-09-10 01:22:09, 9.12e-13, 2.1e-10
2018-09-10 01:22:13, 1.11e-12, 2.11e-10
2018-09-10 01:22:17, 1.09e-12, 2.11e-10
2018-09-10 01:22:21, 1.03e-12, 2.1e-10
2018-09-10 01:22:26, 1.06e-12, 2.1e-10
2018-09-10 01:22:30, 1.08e-12, 2.1e-10
2018-09-10 01:22:34, 1.13e-12, 2.1e-10
2018-09-10 01:22:38, 1.15e-12, 2.1e-10
2018-09-10 01:22:42, 1.03e-12, 2.1e-10
2018-09-10 01:22:47, 1.11e-12, 2.11e-10
2018-09-10 01:22:51, 1.08e-12, 2.1e-10
2018-09-10 01:22:55, 1.08e-12, 2.1e-10
2018-09-10 01:22:59, 1.08e-12, 2.1e-10
2018-09-10 01:23:04, 1.08e-12, 2.1e-10
2018-09-10 01:23:08, 1.06e-12, 2.1e-10
2018-09-10 01:23:12, 9.96e-13, 2.11e-10
2018-09-10 01:23:16, 1.09e-12, 2.1e-10
2018-09-10 01:23:20, 1.05e-12, 2.1e-10
2018-09-10 01:23:25, 1.1e-12, 2.1e-10
2018-09-10 01:23:29, 1.07e-12, 2.1e-10
2018-09-10 01:23:33, 1.06e-12, 2.1e-10
2018-09-10 01:23:37, 1.1e-12, 2.11e-10
2018-09-10 01:23:42, 9.93e-13, 2.11e-10
2018-09-10 01:23:46, 1.09e-12, 2.11e-10
2018-09-10 01:23:50, 1.08e-12, 2.1e-10
2018-09-10 01:23:54, 1.07e-12, 2.1e-10
2018-09-10 01:23:58, 1.09e-12, 2.1e-10
2018-09-10 01:24:03, 9.24e-13, 2.1e-10
2018-09-10 01:24:07, 1.15e-12, 2.1e-10
2018-09-10 01:24:11, 1.07e-12, 2.11e-10
2018-09-10 01:24:15, 1.08e-12, 2.11e-10
2018-09-10 01:24:20, 1.04e-12, 2.11e-10
2018-09-10 01:24:24, 1.07e-12, 2.1e-10
2018-09-10 01:24:28, 9.32e-13, 2.1e-10
2018-09-10 01:24:32, 1.05e-12, 2.1e-10
2018-09-10 01:24:36, 1.07e-12, 2.11e-10
2018-09-10 01:24:41, 1.1e-12, 2.11e-10
2018-09-10 01:24:45, 1.1e-12, 2.11e-10
2018-09-10 01:24:49, 1.1e-12, 2.11e-10
2018-09-10 01:24:53, 1.08e-12, 2.1e-10
2018-09-10 01:24:58, 1.04e-12, 2.1e-10
2018-09-10 01:25:02, 1.13e-12, 2.1e-10
2018-09-10 01:25:06, 1.1e-12, 2.11e-10
2018-09-10 01:25:10, 1.02e-12, 2.11e-10
2018-09-10 01:25:14, 1.09e-12, 2.11e-10
2018-09-10 01:25:19, 1.05e-12, 2.11e-10
2018-09-10 01:25:23, 1.06e-12, 2.1e-10
2018-09-10 01:25:27, 1.07e-12, 2.1e-10
2018-09-10 01:25:31, 1.04e-12, 2.1e-10
2018-09-10 01:25:36, 1.1e-12, 2.11e-10
2018-09-10 01:25:40, 1.07e-12, 2.11e-10
2018-09-10 01:25:44, 1.04e-12, 2.11e-10
2018-09-10 01:25:48, 1.08e-12, 2.11e-10
2018-09-10 01:25:52, 1.05e-12, 2.1e-10
2018-09-10 01:25:57, 1.08e-12, 2.1e-10
2018-09-10 01:26:01, 1.1e-12, 2.1e-10
2018-09-10 01:26:05, 1.08e-12, 2.11e-10
2018-09-10 01:26:09, 1.12e-12, 2.11e-10
2018-09-10 01:26:14, 1.04e-12, 2.11e-10
2018-09-10 01:26:18, 1.08e-12, 2.1e-10
2018-09-10 01:26:22, 1.08e-12, 2.1e-10
2018-09-10 01:26:26, 1.1e-12, 2.1e-10
2018-09-10 01:26:30, 1.12e-12, 2.1e-10
2018-09-10 01:26:35, 1.04e-12, 2.1e-10
2018-09-10 01:26:39, 1.05e-12, 2.11e-10
2018-09-10 01:26:43, 1.02e-12, 2.11e-10
2018-09-10 01:26:47, 1.11e-12, 2.11e-10
2018-09-10 01:26:52, 1.1e-12, 2.1e-10
2018-09-10 01:26:56, 1.08e-12, 2.1e-10
2018-09-10 01:27:00, 1.09e-12, 2.1e-10
2018-09-10 01:27:04, 1.05e-12, 2.11e-10
2018-09-10 01:27:08, 9.9e-13, 2.11e-10
2018-09-10 01:27:13, 1.09e-12, 2.11e-10
2018-09-10 01:27:17, 1.07e-12, 2.1e-10
2018-09-10 01:27:21, 1.13e-12, 2.1e-10
2018-09-10 01:27:25, 1.1e-12, 2.1e-10
2018-09-10 01:27:30, 1.07e-12, 2.1e-10
2018-09-10 01:27:34, 1.04e-12, 2.1e-10
2018-09-10 01:27:38, 1.07e-12, 2.11e-10
2018-09-10 01:27:42, 1.06e-12, 2.11e-10
2018-09-10 01:27:46, 1.18e-12, 2.1e-10
2018-09-10 01:27:51, 1.12e-12, 2.1e-10
2018-09-10 01:27:55, 1.05e-12, 2.1e-10
2018-09-10 01:27:59, 1.15e-12, 2.1e-10
2018-09-10 01:28:03, 1.11e-12, 2.1e-10
2018-09-10 01:28:07, 1.08e-12, 2.11e-10
2018-09-10 01:28:12, 1.08e-12, 2.11e-10
2018-09-10 01:28:16, 1.09e-12, 2.1e-10
2018-09-10 01:28:20, 1.09e-12, 2.1e-10
2018-09-10 01:28:24, 1.01e-12, 2.1e-10
2018-09-10 01:28:29, 1.06e-12, 2.1e-10
2018-09-10 01:28:33, 1.05e-12, 2.1e-10
2018-09-10 01:28:37, 1.11e-12, 2.1e-10
2018-09-10 01:28:41, 1.06e-12, 2.11e-10
2018-09-10 01:28:45, 1.07e-12, 2.1e-10
2018-09-10 01:28:50, 1.11e-12, 2.1e-10
2018-09-10 01:28:54, 1.06e-12, 2.1e-10
2018-09-10 01:28:58, 1.08e-12, 2.1e-10
2018-09-10 01:29:02, 1.09e-12, 2.1e-10
2018-09-10 01:29:07, 1.11e-12, 2.11e-10
2018-09-10 01:29:11, 1.05e-12, 2.11e-10
2018-09-10 01:29:15, 1.07e-12, 2.1e-10
2018-09-10 01:29:19, 1.04e-12, 2.1e-10
2018-09-10 01:29:23, 1.02e-12, 2.1e-10
2018-09-10 01:29:28, 1.01e-12, 2.1e-10
2018-09-10 01:29:32, 1.06e-12, 2.1e-10
2018-09-10 01:29:36, 9.19e-13, 2.11e-10
2018-09-10 01:29:40, 1.1e-12, 2.11e-10
2018-09-10 01:29:45, 1.06e-12, 2.11e-10
2018-09-10 01:29:49, 1.05e-12, 2.1e-10
2018-09-10 01:29:53, 1.06e-12, 2.1e-10
2018-09-10 01:29:57, 1.03e-12, 2.1e-10
2018-09-10 01:30:01, 1.05e-12, 2.11e-10
2018-09-10 01:30:06, 1.07e-12, 2.11e-10
2018-09-10 01:30:10, 1.13e-12, 2.11e-10
