2025-11-22, 00:00:01, 8.51e-13, 2.13e-11
2025-11-22, 00:00:04, 8.08e-13, 2.12e-11
2025-11-22, 00:00:07, 7.71e-13, 2.13e-11
2025-11-22, 00:00:11, 8.45e-13, 2.14e-11
2025-11-22, 00:00:14, 7.62e-13, 2.13e-11
2025-11-22, 00:00:17, 7.86e-13, 2.1e-11
2025-11-22, 00:00:20, 8.58e-13, 2.13e-11
2025-11-22, 00:00:24, 7.99e-13, 2.14e-11
2025-11-22, 00:00:27, 8.05e-13, 2.14e-11
2025-11-22, 00:00:30, 8.24e-13, 2.13e-11
2025-11-22, 00:00:33, 7.67e-13, 2.13e-11
2025-11-22, 00:00:36, 8.02e-13, 2.11e-11
2025-11-22, 00:00:40, 8.08e-13, 2.11e-11
2025-11-22, 00:00:43, 8.27e-13, 2.14e-11
2025-11-22, 00:00:46, 7.99e-13, 2.14e-11
2025-11-22, 00:00:49, 7.85e-13, 2.13e-11
2025-11-22, 00:00:53, 8.25e-13, 2.13e-11
2025-11-22, 00:00:56, 8.38e-13, 2.12e-11
2025-11-22, 00:00:59, 7.3e-13, 2.14e-11
2025-11-22, 00:01:02, 7.46e-13, 2.13e-11
2025-11-22, 00:01:05, 7.52e-13, 2.14e-11
2025-11-22, 00:01:09, 7.85e-13, 2.14e-11
2025-11-22, 00:01:12, 9.48e-13, 2.12e-11
2025-11-22, 00:01:15, 7.63e-13, 2.13e-11
2025-11-22, 00:01:18, 7.74e-13, 2.11e-11
2025-11-22, 00:01:22, 7.86e-13, 2.13e-11
2025-11-22, 00:01:25, 7.46e-13, 2.12e-11
2025-11-22, 00:01:28, 7.63e-13, 2.09e-11
2025-11-22, 00:01:31, 8.21e-13, 2.09e-11
2025-11-22, 00:01:34, 7.03e-13, 2.05e-11
2025-11-22, 00:01:38, 8.12e-13, 2.07e-11
2025-11-22, 00:01:41, 7.28e-13, 2.09e-11
2025-11-22, 00:01:44, 8.26e-13, 2.08e-11
2025-11-22, 00:01:47, 7.51e-13, 2.07e-11
2025-11-22, 00:01:50, 7.65e-13, 2.06e-11
2025-11-22, 00:01:54, 7.13e-13, 2.07e-11
2025-11-22, 00:01:57, 8.04e-13, 2.06e-11
2025-11-22, 00:02:00, 7.39e-13, 2.06e-11
2025-11-22, 00:02:03, 8.6e-13, 2.08e-11
2025-11-22, 00:02:07, 7.48e-13, 2.07e-11
2025-11-22, 00:02:10, 7.63e-13, 2.09e-11
2025-11-22, 00:02:13, 8.1e-13, 2.08e-11
2025-11-22, 00:02:16, 7.78e-13, 2.11e-11
2025-11-22, 00:02:19, 7.58e-13, 2.09e-11
2025-11-22, 00:02:23, 9.02e-13, 2.08e-11
2025-11-22, 00:02:26, 7.56e-13, 2.09e-11
2025-11-22, 00:02:29, 7.52e-13, 2.11e-11
2025-11-22, 00:02:32, 8.28e-13, 2.08e-11
2025-11-22, 00:02:36, 8.09e-13, 2.09e-11
2025-11-22, 00:02:39, 7.57e-13, 2.1e-11
2025-11-22, 00:02:42, 8.17e-13, 2.08e-11
2025-11-22, 00:02:45, 8.05e-13, 2.07e-11
2025-11-22, 00:02:49, 7.26e-13, 2.07e-11
2025-11-22, 00:02:52, 8.17e-13, 2.07e-11
2025-11-22, 00:02:55, 8.25e-13, 2.1e-11
2025-11-22, 00:02:58, 8.4e-13, 2.07e-11
2025-11-22, 00:03:01, 7.23e-13, 2.11e-11
2025-11-22, 00:03:05, 6.73e-13, 2.08e-11
2025-11-22, 00:03:08, 9.49e-13, 2.08e-11
2025-11-22, 00:03:11, 8.06e-13, 2.09e-11
2025-11-22, 00:03:14, 7.91e-13, 2.09e-11
2025-11-22, 00:03:18, 7.37e-13, 2.1e-11
2025-11-22, 00:03:21, 7.53e-13, 2.08e-11
2025-11-22, 00:03:24, 6.99e-13, 2.1e-11
2025-11-22, 00:03:27, 8.49e-13, 2.08e-11
2025-11-22, 00:03:30, 8.42e-13, 2.07e-11
2025-11-22, 00:03:34, 8.39e-13, 2.07e-11
2025-11-22, 00:03:37, 7.64e-13, 2.07e-11
2025-11-22, 00:03:40, 6.92e-13, 2.07e-11
2025-11-22, 00:03:43, 7.78e-13, 2.05e-11
2025-11-22, 00:03:47, 7.67e-13, 2.09e-11
2025-11-22, 00:03:50, 8.26e-13, 2.09e-11
2025-11-22, 00:03:53, 7.78e-13, 2.09e-11
2025-11-22, 00:03:56, 8.41e-13, 2.08e-11
2025-11-22, 00:03:59, 8.15e-13, 2.09e-11
2025-11-22, 00:04:03, 8.25e-13, 2.09e-11
2025-11-22, 00:04:06, 7.94e-13, 2.07e-11
2025-11-22, 00:04:09, 8.18e-13, 2.03e-11
2025-11-22, 00:04:12, 7.55e-13, 2.07e-11
2025-11-22, 00:04:15, 7.52e-13, 2.08e-11
2025-11-22, 00:04:19, 7.41e-13, 2.08e-11
2025-11-22, 00:04:22, 9.57e-13, 2.08e-11
2025-11-22, 00:04:25, 7.74e-13, 2.08e-11
2025-11-22, 00:04:28, 7.17e-13, 2.05e-11
2025-11-22, 00:04:32, 8.3e-13, 2.06e-11
2025-11-22, 00:04:35, 7.93e-13, 2.08e-11
2025-11-22, 00:04:38, 8.29e-13, 2.08e-11
2025-11-22, 00:04:41, 6.42e-13, 2.08e-11
2025-11-22, 00:04:44, 7.39e-13, 2.08e-11
2025-11-22, 00:04:48, 7.16e-13, 2.06e-11
2025-11-22, 00:04:51, 7.51e-13, 2.05e-11
2025-11-22, 00:04:54, 7.84e-13, 2.07e-11
2025-11-22, 00:04:57, 7.63e-13, 2.09e-11
2025-11-22, 00:05:01, 7.88e-13, 2.07e-11
2025-11-22, 00:05:04, 7.94e-13, 2.06e-11
2025-11-22, 00:05:07, 7.87e-13, 2.08e-11
2025-11-22, 00:05:10, 7.38e-13, 2.07e-11
2025-11-22, 00:05:13, 7.99e-13, 2.08e-11
2025-11-22, 00:05:17, 6.36e-13, 2.08e-11
2025-11-22, 00:05:20, 8.27e-13, 2.09e-11
2025-11-22, 00:05:23, 8.01e-13, 2.07e-11
2025-11-22, 00:05:26, 8.1e-13, 2.08e-11
2025-11-22, 00:05:30, 8.91e-13, 2.07e-11
2025-11-22, 00:05:33, 7.47e-13, 2.06e-11
2025-11-22, 00:05:36, 8.01e-13, 2.09e-11
2025-11-22, 00:05:39, 7.3e-13, 2.1e-11
2025-11-22, 00:05:42, 8.04e-13, 2.09e-11
2025-11-22, 00:05:46, 8.17e-13, 2.08e-11
2025-11-22, 00:05:49, 6.31e-13, 2.06e-11
2025-11-22, 00:05:52, 8.2e-13, 2.08e-11
2025-11-22, 00:05:55, 7.54e-13, 2.09e-11
2025-11-22, 00:05:59, 7.9e-13, 2.08e-11
2025-11-22, 00:06:02, 7.76e-13, 2.06e-11
2025-11-22, 00:06:05, 7.57e-13, 2.09e-11
2025-11-22, 00:06:08, 7.01e-13, 2.08e-11
2025-11-22, 00:06:11, 7.93e-13, 2.07e-11
2025-11-22, 00:06:15, 8.23e-13, 2.08e-11
2025-11-22, 00:06:18, 8.18e-13, 2.07e-11
2025-11-22, 00:06:21, 7.64e-13, 2.08e-11
2025-11-22, 00:06:24, 7.82e-13, 2.07e-11
2025-11-22, 00:06:28, 8.16e-13, 2.08e-11
2025-11-22, 00:06:31, 8e-13, 2.08e-11
2025-11-22, 00:06:34, 7.63e-13, 2.09e-11
2025-11-22, 00:06:37, 7.76e-13, 2.07e-11
2025-11-22, 00:06:40, 7.56e-13, 2.07e-11
2025-11-22, 00:06:44, 8.5e-13, 2.09e-11
2025-11-22, 00:06:47, 8.12e-13, 2.1e-11
2025-11-22, 00:06:50, 7.76e-13, 2.09e-11
2025-11-22, 00:06:53, 7.73e-13, 2.08e-11
2025-11-22, 00:06:57, 7.99e-13, 2.09e-11
2025-11-22, 00:07:00, 8.01e-13, 2.07e-11
2025-11-22, 00:07:03, 7.96e-13, 2.09e-11
2025-11-22, 00:07:06, 8.31e-13, 2.09e-11
2025-11-22, 00:07:09, 7.47e-13, 2.09e-11
2025-11-22, 00:07:13, 7.43e-13, 2.11e-11
2025-11-22, 00:07:16, 7.12e-13, 2.09e-11
2025-11-22, 00:07:19, 7.32e-13, 2.11e-11
2025-11-22, 00:07:22, 8.19e-13, 2.09e-11
2025-11-22, 00:07:25, 8.19e-13, 2.09e-11
2025-11-22, 00:07:29, 7.65e-13, 2.07e-11
2025-11-22, 00:07:32, 9.2e-13, 2.12e-11
2025-11-22, 00:07:35, 8.3e-13, 2.09e-11
2025-11-22, 00:07:38, 8.17e-13, 2.09e-11
2025-11-22, 00:07:42, 8.03e-13, 2.11e-11
2025-11-22, 00:07:45, 7e-13, 2.11e-11
2025-11-22, 00:07:48, 8.47e-13, 2.1e-11
2025-11-22, 00:07:51, 7.79e-13, 2.09e-11
2025-11-22, 00:07:54, 7.58e-13, 2.09e-11
2025-11-22, 00:07:58, 7.48e-13, 2.07e-11
2025-11-22, 00:08:01, 8.1e-13, 2.09e-11
2025-11-22, 00:08:04, 8.07e-13, 2.09e-11
2025-11-22, 00:08:07, 8.61e-13, 2.11e-11
2025-11-22, 00:08:11, 8.81e-13, 2.09e-11
2025-11-22, 00:08:14, 7.69e-13, 2.09e-11
2025-11-22, 00:08:17, 7.32e-13, 2.09e-11
2025-11-22, 00:08:20, 7.43e-13, 2.1e-11
2025-11-22, 00:08:23, 7.08e-13, 2.1e-11
2025-11-22, 00:08:27, 7.22e-13, 2.09e-11
2025-11-22, 00:08:30, 7.81e-13, 2.1e-11
2025-11-22, 00:08:33, 8.42e-13, 2.09e-11
2025-11-22, 00:08:36, 8.16e-13, 2.09e-11
2025-11-22, 00:08:40, 8.12e-13, 2.09e-11
2025-11-22, 00:08:43, 8.65e-13, 2.1e-11
2025-11-22, 00:08:46, 8.52e-13, 2.09e-11
2025-11-22, 00:08:49, 7.45e-13, 2.1e-11
2025-11-22, 00:08:52, 8.23e-13, 2.11e-11
2025-11-22, 00:08:56, 7.66e-13, 2.09e-11
2025-11-22, 00:08:59, 8.29e-13, 2.1e-11
2025-11-22, 00:09:02, 8.27e-13, 2.08e-11
2025-11-22, 00:09:05, 7.23e-13, 2.07e-11
2025-11-22, 00:09:09, 9.27e-13, 2.1e-11
2025-11-22, 00:09:12, 7.66e-13, 2.09e-11
2025-11-22, 00:09:15, 8.27e-13, 2.09e-11
2025-11-22, 00:09:18, 8e-13, 2.08e-11
2025-11-22, 00:09:21, 7.93e-13, 2.06e-11
2025-11-22, 00:09:25, 8.07e-13, 2.11e-11
2025-11-22, 00:09:28, 8.32e-13, 2.12e-11
2025-11-22, 00:09:31, 8.02e-13, 2.1e-11
2025-11-22, 00:09:34, 7.76e-13, 2.09e-11
2025-11-22, 00:09:38, 7.58e-13, 2.1e-11
2025-11-22, 00:09:41, 8.05e-13, 2.09e-11
2025-11-22, 00:09:44, 7.84e-13, 2.11e-11
2025-11-22, 00:09:47, 7.51e-13, 2.1e-11
2025-11-22, 00:09:50, 8.74e-13, 2.08e-11
2025-11-22, 00:09:54, 7.88e-13, 2.1e-11
2025-11-22, 00:09:57, 7.63e-13, 2.11e-11
2025-11-22, 00:10:00, 7.04e-13, 2.08e-11
2025-11-22, 00:10:03, 8.36e-13, 2.11e-11
2025-11-22, 00:10:07, 7.64e-13, 2.11e-11
2025-11-22, 00:10:10, 8.12e-13, 2.1e-11
2025-11-22, 00:10:13, 8.7e-13, 2.11e-11
2025-11-22, 00:10:16, 7.96e-13, 2.11e-11
2025-11-22, 00:10:19, 8.12e-13, 2.09e-11
2025-11-22, 00:10:23, 7.61e-13, 2.1e-11
2025-11-22, 00:10:26, 8.37e-13, 2.11e-11
2025-11-22, 00:10:29, 9.06e-13, 2.08e-11
2025-11-22, 00:10:32, 6.95e-13, 2.1e-11
2025-11-22, 00:10:35, 7.81e-13, 2.1e-11
2025-11-22, 00:10:39, 7.71e-13, 2.09e-11
2025-11-22, 00:10:42, 7.68e-13, 2.11e-11
2025-11-22, 00:10:45, 8.02e-13, 2.1e-11
2025-11-22, 00:10:48, 7.51e-13, 2.1e-11
2025-11-22, 00:10:52, 8.59e-13, 2.11e-11
2025-11-22, 00:10:55, 8.66e-13, 2.09e-11
2025-11-22, 00:10:58, 7.47e-13, 2.11e-11
2025-11-22, 00:11:01, 7.5e-13, 2.1e-11
2025-11-22, 00:11:04, 7.46e-13, 2.09e-11
2025-11-22, 00:11:08, 6.9e-13, 2.1e-11
2025-11-22, 00:11:11, 7.73e-13, 2.07e-11
2025-11-22, 00:11:14, 7.78e-13, 2.09e-11
2025-11-22, 00:11:17, 7.73e-13, 2.11e-11
2025-11-22, 00:11:21, 7.79e-13, 2.08e-11
2025-11-22, 00:11:24, 7.48e-13, 2.09e-11
2025-11-22, 00:11:27, 7.55e-13, 2.1e-11
2025-11-22, 00:11:30, 8.09e-13, 2.09e-11
2025-11-22, 00:11:33, 8.4e-13, 2.09e-11
2025-11-22, 00:11:37, 8.49e-13, 2.09e-11
2025-11-22, 00:11:40, 7.81e-13, 2.1e-11
2025-11-22, 00:11:43, 7.77e-13, 2.1e-11
2025-11-22, 00:11:46, 7.97e-13, 2.09e-11
2025-11-22, 00:11:50, 7.83e-13, 2.07e-11
2025-11-22, 00:11:53, 7.82e-13, 2.09e-11
2025-11-22, 00:11:56, 7.78e-13, 2.1e-11
2025-11-22, 00:11:59, 7.81e-13, 2.08e-11
2025-11-22, 00:12:02, 7.39e-13, 2.09e-11
2025-11-22, 00:12:06, 8.06e-13, 2.08e-11
2025-11-22, 00:12:09, 7.45e-13, 2.09e-11
2025-11-22, 00:12:12, 7.9e-13, 2.09e-11
2025-11-22, 00:12:15, 7.75e-13, 2.09e-11
2025-11-22, 00:12:19, 7.93e-13, 2.1e-11
2025-11-22, 00:12:22, 8.45e-13, 2.09e-11
2025-11-22, 00:12:25, 8.05e-13, 2.06e-11
2025-11-22, 00:12:28, 7.86e-13, 2.09e-11
2025-11-22, 00:12:31, 8.59e-13, 2.09e-11
2025-11-22, 00:12:35, 7.45e-13, 2.08e-11
2025-11-22, 00:12:38, 7.65e-13, 2.1e-11
2025-11-22, 00:12:41, 7.96e-13, 2.11e-11
2025-11-22, 00:12:44, 7.72e-13, 2.07e-11
2025-11-22, 00:12:48, 6.93e-13, 2.09e-11
2025-11-22, 00:12:51, 7.94e-13, 2.08e-11
2025-11-22, 00:12:54, 8.25e-13, 2.1e-11
2025-11-22, 00:12:57, 7.62e-13, 2.11e-11
2025-11-22, 00:13:00, 7.63e-13, 2.1e-11
2025-11-22, 00:13:04, 7.87e-13, 2.09e-11
2025-11-22, 00:13:07, 8.1e-13, 2.08e-11
2025-11-22, 00:13:10, 7.54e-13, 2.09e-11
2025-11-22, 00:13:13, 8.26e-13, 2.11e-11
2025-11-22, 00:13:17, 7.37e-13, 2.07e-11
2025-11-22, 00:13:20, 8.42e-13, 2.1e-11
2025-11-22, 00:13:23, 7.48e-13, 2.08e-11
2025-11-22, 00:13:26, 8.24e-13, 2.09e-11
2025-11-22, 00:13:29, 8.26e-13, 2.08e-11
2025-11-22, 00:13:33, 7.69e-13, 2.09e-11
2025-11-22, 00:13:36, 8.47e-13, 2.1e-11
2025-11-22, 00:13:39, 7.85e-13, 2.07e-11
2025-11-22, 00:13:42, 7.62e-13, 2.06e-11
2025-11-22, 00:13:46, 7e-13, 2.09e-11
2025-11-22, 00:13:49, 7.07e-13, 2.09e-11
2025-11-22, 00:13:52, 8.12e-13, 2.08e-11
2025-11-22, 00:13:55, 7.77e-13, 2.06e-11
2025-11-22, 00:13:58, 7.63e-13, 2.09e-11
2025-11-22, 00:14:02, 7.98e-13, 2.08e-11
2025-11-22, 00:14:05, 7.54e-13, 2.1e-11
2025-11-22, 00:14:08, 7.77e-13, 2.07e-11
2025-11-22, 00:14:11, 7.89e-13, 2.08e-11
2025-11-22, 00:14:14, 7.63e-13, 2.06e-11
2025-11-22, 00:14:18, 7.85e-13, 2.08e-11
2025-11-22, 00:14:21, 7.79e-13, 2.07e-11
2025-11-22, 00:14:24, 7.45e-13, 2.04e-11
2025-11-22, 00:14:27, 7.99e-13, 2.04e-11
2025-11-22, 00:14:31, 8.16e-13, 2.04e-11
2025-11-22, 00:14:34, 7.78e-13, 2.04e-11
2025-11-22, 00:14:37, 8.02e-13, 2.05e-11
2025-11-22, 00:14:40, 8.09e-13, 2.1e-11
2025-11-22, 00:14:44, 6.24e-13, 2.09e-11
2025-11-22, 00:14:47, 7.17e-13, 2.08e-11
2025-11-22, 00:14:50, 7.31e-13, 2.07e-11
2025-11-22, 00:14:53, 7.39e-13, 2.1e-11
2025-11-22, 00:14:56, 9.58e-13, 2.08e-11
2025-11-22, 00:15:00, 7.34e-13, 2.09e-11
2025-11-22, 00:15:03, 8.03e-13, 2.1e-11
2025-11-22, 00:15:06, 8.84e-13, 2.1e-11
2025-11-22, 00:15:09, 7.95e-13, 2.08e-11
2025-11-22, 00:15:16, 7.76e-13, 2.08e-11
2025-11-22, 00:15:19, 7.23e-13, 2.08e-11
2025-11-22, 00:15:22, 7.54e-13, 2.07e-11
2025-11-22, 00:15:25, 7.54e-13, 2.1e-11
2025-11-22, 00:15:29, 7.99e-13, 2.09e-11
2025-11-22, 00:15:32, 7.82e-13, 2.1e-11
2025-11-22, 00:15:35, 7.2e-13, 2.07e-11
2025-11-22, 00:15:38, 8.07e-13, 2.09e-11
2025-11-22, 00:15:42, 7.69e-13, 2.1e-11
2025-11-22, 00:15:45, 7.95e-13, 2.09e-11
2025-11-22, 00:15:48, 7.46e-13, 2.09e-11
2025-11-22, 00:15:51, 7.88e-13, 2.09e-11
2025-11-22, 00:15:54, 8.51e-13, 2.09e-11
2025-11-22, 00:15:58, 6.69e-13, 2.09e-11
2025-11-22, 00:16:01, 7.75e-13, 2.08e-11
2025-11-22, 00:16:04, 7.64e-13, 2.09e-11
2025-11-22, 00:16:07, 7.46e-13, 2.09e-11
2025-11-22, 00:16:11, 7.95e-13, 2.09e-11
2025-11-22, 00:16:14, 8.13e-13, 2.11e-11
2025-11-22, 00:16:17, 8.47e-13, 2.1e-11
2025-11-22, 00:16:20, 8e-13, 2.07e-11
2025-11-22, 00:16:23, 7.99e-13, 2.1e-11
2025-11-22, 00:16:27, 7.94e-13, 2.1e-11
2025-11-22, 00:16:30, 8.1e-13, 2.1e-11
2025-11-22, 00:16:33, 7.95e-13, 2.08e-11
2025-11-22, 00:16:36, 7.75e-13, 2.1e-11
2025-11-22, 00:16:40, 8.48e-13, 2.09e-11
2025-11-22, 00:16:43, 8.5e-13, 2.08e-11
2025-11-22, 00:16:46, 7.05e-13, 2.09e-11
2025-11-22, 00:16:49, 8.05e-13, 2.09e-11
2025-11-22, 00:16:52, 7.38e-13, 2.09e-11
2025-11-22, 00:16:56, 7.91e-13, 2.1e-11
2025-11-22, 00:16:59, 7.53e-13, 2.08e-11
2025-11-22, 00:17:02, 8.86e-13, 2.07e-11
2025-11-22, 00:17:05, 7.4e-13, 2.07e-11
2025-11-22, 00:17:09, 8.04e-13, 2.09e-11
2025-11-22, 00:17:12, 7.81e-13, 2.09e-11
2025-11-22, 00:17:15, 8.05e-13, 2.08e-11
2025-11-22, 00:17:18, 7.87e-13, 2.06e-11
2025-11-22, 00:17:21, 8.01e-13, 2.09e-11
2025-11-22, 00:17:25, 9.35e-13, 2.1e-11
2025-11-22, 00:17:28, 7.56e-13, 2.08e-11
2025-11-22, 00:17:31, 7.01e-13, 2.08e-11
2025-11-22, 00:17:34, 9.26e-13, 2.09e-11
2025-11-22, 00:17:38, 7.62e-13, 2.09e-11
2025-11-22, 00:17:41, 7.86e-13, 2.08e-11
2025-11-22, 00:17:44, 8.25e-13, 2.09e-11
2025-11-22, 00:17:47, 8.04e-13, 2.1e-11
2025-11-22, 00:17:50, 7.66e-13, 2.1e-11
2025-11-22, 00:17:54, 7.02e-13, 2.11e-11
2025-11-22, 00:17:57, 8.51e-13, 2.11e-11
2025-11-22, 00:18:00, 7.88e-13, 2.06e-11
2025-11-22, 00:18:03, 7.79e-13, 2.1e-11
2025-11-22, 00:18:06, 7.54e-13, 2.08e-11
2025-11-22, 00:18:10, 8.16e-13, 2.1e-11
2025-11-22, 00:18:13, 7.81e-13, 2.11e-11
2025-11-22, 00:18:16, 7.66e-13, 2.08e-11
2025-11-22, 00:18:19, 7.95e-13, 2.05e-11
2025-11-22, 00:18:23, 7.6e-13, 2.09e-11
2025-11-22, 00:18:26, 7.85e-13, 2.09e-11
2025-11-22, 00:18:29, 7.83e-13, 2.1e-11
2025-11-22, 00:18:32, 7.52e-13, 2.11e-11
2025-11-22, 00:18:35, 7.62e-13, 2.1e-11
2025-11-22, 00:18:39, 7.41e-13, 2.1e-11
2025-11-22, 00:18:42, 6.32e-13, 2.1e-11
2025-11-22, 00:18:45, 8.09e-13, 2.1e-11
2025-11-22, 00:18:48, 7.38e-13, 2.12e-11
2025-11-22, 00:18:52, 7.71e-13, 2.1e-11
2025-11-22, 00:18:55, 7.94e-13, 2.07e-11
2025-11-22, 00:18:58, 7.89e-13, 2.12e-11
2025-11-22, 00:19:01, 7.53e-13, 2.09e-11
2025-11-22, 00:19:04, 8.39e-13, 2.11e-11
2025-11-22, 00:19:08, 6.9e-13, 2.09e-11
2025-11-22, 00:19:11, 7.4e-13, 2.09e-11
2025-11-22, 00:19:14, 7.87e-13, 2.09e-11
2025-11-22, 00:19:17, 8.04e-13, 2.08e-11
2025-11-22, 00:19:21, 7.87e-13, 2.1e-11
2025-11-22, 00:19:24, 8.23e-13, 2.11e-11
2025-11-22, 00:19:27, 8.39e-13, 2.1e-11
2025-11-22, 00:19:30, 8.01e-13, 2.11e-11
2025-11-22, 00:19:33, 8.05e-13, 2.12e-11
2025-11-22, 00:19:37, 7.74e-13, 2.09e-11
2025-11-22, 00:19:40, 8.1e-13, 2.11e-11
2025-11-22, 00:19:43, 7.71e-13, 2.09e-11
2025-11-22, 00:19:46, 8.04e-13, 2.08e-11
2025-11-22, 00:19:50, 8.83e-13, 2.11e-11
2025-11-22, 00:19:53, 7.58e-13, 2.07e-11
2025-11-22, 00:19:56, 8.2e-13, 2.07e-11
2025-11-22, 00:19:59, 7.42e-13, 2.11e-11
2025-11-22, 00:20:02, 7e-13, 2.1e-11
2025-11-22, 00:20:06, 7.61e-13, 2.12e-11
2025-11-22, 00:20:09, 7.18e-13, 2.09e-11
2025-11-22, 00:20:12, 6.54e-13, 2.11e-11
2025-11-22, 00:20:15, 7.46e-13, 2.11e-11
2025-11-22, 00:20:19, 8.23e-13, 2.1e-11
2025-11-22, 00:20:22, 8.05e-13, 2.13e-11
2025-11-22, 00:20:25, 7.46e-13, 2.1e-11
2025-11-22, 00:20:28, 9.3e-13, 2.08e-11
2025-11-22, 00:20:31, 8.13e-13, 2.09e-11
2025-11-22, 00:20:35, 7.15e-13, 2.08e-11
2025-11-22, 00:20:38, 7.79e-13, 2.09e-11
2025-11-22, 00:20:41, 8.01e-13, 2.11e-11
2025-11-22, 00:20:44, 7.95e-13, 2.12e-11
2025-11-22, 00:20:48, 8.08e-13, 2.12e-11
2025-11-22, 00:20:51, 7.76e-13, 2.1e-11
2025-11-22, 00:20:54, 7.89e-13, 2.11e-11
2025-11-22, 00:20:57, 8.09e-13, 2.1e-11
2025-11-22, 00:21:00, 8.14e-13, 2.09e-11
2025-11-22, 00:21:04, 8.87e-13, 2.12e-11
2025-11-22, 00:21:07, 7.67e-13, 2.12e-11
2025-11-22, 00:21:10, 8.24e-13, 2.11e-11
2025-11-22, 00:21:13, 7.61e-13, 2.11e-11
2025-11-22, 00:21:16, 7.56e-13, 2.12e-11
2025-11-22, 00:21:20, 7.57e-13, 2.1e-11
2025-11-22, 00:21:23, 7.84e-13, 2.12e-11
2025-11-22, 00:21:26, 8.17e-13, 2.11e-11
2025-11-22, 00:21:29, 7.7e-13, 2.09e-11
2025-11-22, 00:21:33, 7.52e-13, 2.12e-11
2025-11-22, 00:21:36, 8.93e-13, 2.13e-11
2025-11-22, 00:21:39, 7.35e-13, 2.12e-11
2025-11-22, 00:21:42, 7.59e-13, 2.11e-11
2025-11-22, 00:21:45, 7.69e-13, 2.1e-11
2025-11-22, 00:21:49, 7.44e-13, 2.11e-11
2025-11-22, 00:21:52, 7.98e-13, 2.09e-11
2025-11-22, 00:21:55, 7.92e-13, 2.11e-11
2025-11-22, 00:21:58, 7.39e-13, 2.12e-11
2025-11-22, 00:22:02, 8.39e-13, 2.12e-11
2025-11-22, 00:22:05, 7.94e-13, 2.11e-11
2025-11-22, 00:22:08, 8e-13, 2.11e-11
2025-11-22, 00:22:11, 7.87e-13, 2.1e-11
2025-11-22, 00:22:14, 7.78e-13, 2.09e-11
2025-11-22, 00:22:18, 8.14e-13, 2.12e-11
2025-11-22, 00:22:21, 7.98e-13, 2.12e-11
2025-11-22, 00:22:24, 8.92e-13, 2.13e-11
2025-11-22, 00:22:27, 7.68e-13, 2.12e-11
2025-11-22, 00:22:31, 8.43e-13, 2.12e-11
2025-11-22, 00:22:34, 8.44e-13, 2.12e-11
2025-11-22, 00:22:37, 7.56e-13, 2.12e-11
2025-11-22, 00:22:40, 9.21e-13, 2.11e-11
2025-11-22, 00:22:43, 7.76e-13, 2.13e-11
2025-11-22, 00:22:47, 7.75e-13, 2.1e-11
2025-11-22, 00:22:50, 7.86e-13, 2.11e-11
2025-11-22, 00:22:53, 7.7e-13, 2.12e-11
2025-11-22, 00:22:56, 8.46e-13, 2.09e-11
2025-11-22, 00:23:00, 8.09e-13, 2.12e-11
2025-11-22, 00:23:03, 7.94e-13, 2.1e-11
2025-11-22, 00:23:06, 7.89e-13, 2.11e-11
2025-11-22, 00:23:09, 8.1e-13, 2.12e-11
2025-11-22, 00:23:12, 8.16e-13, 2.12e-11
2025-11-22, 00:23:16, 7.43e-13, 2.1e-11
2025-11-22, 00:23:19, 8.31e-13, 2.11e-11
2025-11-22, 00:23:22, 6.65e-13, 2.1e-11
2025-11-22, 00:23:25, 8e-13, 2.1e-11
2025-11-22, 00:23:29, 8.12e-13, 2.11e-11
2025-11-22, 00:23:32, 7.7e-13, 2.09e-11
2025-11-22, 00:23:35, 8.3e-13, 2.09e-11
2025-11-22, 00:23:38, 8.09e-13, 2.12e-11
2025-11-22, 00:23:41, 7.77e-13, 2.1e-11
2025-11-22, 00:23:45, 7.99e-13, 2.13e-11
2025-11-22, 00:23:48, 8.57e-13, 2.1e-11
2025-11-22, 00:23:51, 7.59e-13, 2.12e-11
2025-11-22, 00:23:54, 7.35e-13, 2.1e-11
2025-11-22, 00:23:57, 8.07e-13, 2.09e-11
2025-11-22, 00:24:01, 6.24e-13, 2.12e-11
2025-11-22, 00:24:04, 8.56e-13, 2.1e-11
2025-11-22, 00:24:07, 8.65e-13, 2.08e-11
2025-11-22, 00:24:10, 8.25e-13, 2.08e-11
2025-11-22, 00:24:14, 7.99e-13, 2.1e-11
2025-11-22, 00:24:17, 8.64e-13, 2.12e-11
2025-11-22, 00:24:20, 8.11e-13, 2.09e-11
2025-11-22, 00:24:23, 7.51e-13, 2.08e-11
2025-11-22, 00:24:26, 8.32e-13, 2.06e-11
2025-11-22, 00:24:30, 7.29e-13, 2.09e-11
2025-11-22, 00:24:33, 8.62e-13, 2.09e-11
2025-11-22, 00:24:36, 7.84e-13, 2.09e-11
2025-11-22, 00:24:39, 7.67e-13, 2.09e-11
2025-11-22, 00:24:43, 8.5e-13, 2.08e-11
2025-11-22, 00:24:46, 7.55e-13, 2.06e-11
2025-11-22, 00:24:49, 7.36e-13, 2.1e-11
2025-11-22, 00:24:52, 7.72e-13, 2.06e-11
2025-11-22, 00:24:55, 7.47e-13, 2.07e-11
2025-11-22, 00:24:59, 8.14e-13, 2.08e-11
2025-11-22, 00:25:02, 8.17e-13, 2.09e-11
2025-11-22, 00:25:05, 8.65e-13, 2.1e-11
2025-11-22, 00:25:08, 8.28e-13, 2.09e-11
2025-11-22, 00:25:12, 6.79e-13, 2.08e-11
2025-11-22, 00:25:15, 8.49e-13, 2.09e-11
2025-11-22, 00:25:18, 8.24e-13, 2.1e-11
2025-11-22, 00:25:21, 8.35e-13, 2.1e-11
2025-11-22, 00:25:24, 7.91e-13, 2.09e-11
2025-11-22, 00:25:28, 7.62e-13, 2.08e-11
2025-11-22, 00:25:31, 7.94e-13, 2.08e-11
2025-11-22, 00:25:34, 7.57e-13, 2.05e-11
2025-11-22, 00:25:37, 7.69e-13, 2.05e-11
2025-11-22, 00:25:41, 7.77e-13, 2.05e-11
2025-11-22, 00:25:44, 8.42e-13, 2.05e-11
2025-11-22, 00:25:47, 8.03e-13, 2.05e-11
2025-11-22, 00:25:50, 9.37e-13, 2.05e-11
2025-11-22, 00:25:53, 7.2e-13, 2.05e-11
2025-11-22, 00:25:57, 7.49e-13, 2.04e-11
2025-11-22, 00:26:00, 7.97e-13, 2.09e-11
2025-11-22, 00:26:03, 7.59e-13, 2.1e-11
2025-11-22, 00:26:06, 7.77e-13, 2.1e-11
2025-11-22, 00:26:10, 7.58e-13, 2.09e-11
2025-11-22, 00:26:13, 7.5e-13, 2.1e-11
2025-11-22, 00:26:16, 8.11e-13, 2.09e-11
2025-11-22, 00:26:19, 8.34e-13, 2.1e-11
2025-11-22, 00:26:22, 7.33e-13, 2.1e-11
2025-11-22, 00:26:26, 8.72e-13, 2.11e-11
2025-11-22, 00:26:29, 8.2e-13, 2.1e-11
2025-11-22, 00:26:32, 7.7e-13, 2.08e-11
2025-11-22, 00:26:35, 8.12e-13, 2.1e-11
2025-11-22, 00:26:39, 7.35e-13, 2.08e-11
2025-11-22, 00:26:42, 7.95e-13, 2.11e-11
2025-11-22, 00:26:45, 7.98e-13, 2.08e-11
2025-11-22, 00:26:48, 7.96e-13, 2.1e-11
2025-11-22, 00:26:51, 8.19e-13, 2.11e-11
2025-11-22, 00:26:55, 7.29e-13, 2.11e-11
2025-11-22, 00:26:58, 7.78e-13, 2.11e-11
2025-11-22, 00:27:01, 7.61e-13, 2.1e-11
2025-11-22, 00:27:04, 8.32e-13, 2.08e-11
2025-11-22, 00:27:07, 8.43e-13, 2.1e-11
2025-11-22, 00:27:11, 8.5e-13, 2.1e-11
2025-11-22, 00:27:14, 7.52e-13, 2.1e-11
2025-11-22, 00:27:17, 7.65e-13, 2.11e-11
2025-11-22, 00:27:20, 7.62e-13, 2.09e-11
2025-11-22, 00:27:24, 7.61e-13, 2.08e-11
2025-11-22, 00:27:27, 8.55e-13, 2.11e-11
2025-11-22, 00:27:30, 7.79e-13, 2.09e-11
2025-11-22, 00:27:33, 8.27e-13, 2.08e-11
2025-11-22, 00:27:36, 8.75e-13, 2.08e-11
2025-11-22, 00:27:40, 7.77e-13, 2.1e-11
2025-11-22, 00:27:43, 7.46e-13, 2.08e-11
2025-11-22, 00:27:46, 7.93e-13, 2.09e-11
2025-11-22, 00:27:49, 8.15e-13, 2.08e-11
2025-11-22, 00:27:53, 8.37e-13, 2.1e-11
2025-11-22, 00:27:56, 8.2e-13, 2.1e-11
2025-11-22, 00:27:59, 7.43e-13, 2.08e-11
2025-11-22, 00:28:02, 8.44e-13, 2.1e-11
2025-11-22, 00:28:05, 7.86e-13, 2.08e-11
2025-11-22, 00:28:09, 8.14e-13, 2.09e-11
2025-11-22, 00:28:12, 7.85e-13, 2.09e-11
2025-11-22, 00:28:15, 8.17e-13, 2.08e-11
2025-11-22, 00:28:18, 7.9e-13, 2.1e-11
2025-11-22, 00:28:22, 8.29e-13, 2.07e-11
2025-11-22, 00:28:25, 7.52e-13, 2.09e-11
2025-11-22, 00:28:28, 8.3e-13, 2.1e-11
2025-11-22, 00:28:31, 7.98e-13, 2.08e-11
2025-11-22, 00:28:34, 8.15e-13, 2.05e-11
2025-11-22, 00:28:38, 8.79e-13, 2.05e-11
2025-11-22, 00:28:41, 7.81e-13, 2.05e-11
2025-11-22, 00:28:44, 8.17e-13, 2.06e-11
2025-11-22, 00:28:47, 7.14e-13, 2.06e-11
2025-11-22, 00:28:51, 8.49e-13, 2.05e-11
2025-11-22, 00:28:54, 7.77e-13, 2.04e-11
2025-11-22, 00:28:57, 7.47e-13, 2.04e-11
2025-11-22, 00:29:00, 7.53e-13, 2.05e-11
2025-11-22, 00:29:03, 7.71e-13, 2.05e-11
2025-11-22, 00:29:07, 7.62e-13, 2.06e-11
2025-11-22, 00:29:10, 7.62e-13, 2.09e-11
2025-11-22, 00:29:13, 7.55e-13, 2.07e-11
2025-11-22, 00:29:16, 7.35e-13, 2.08e-11
2025-11-22, 00:29:20, 8.67e-13, 2.08e-11
2025-11-22, 00:29:23, 8.49e-13, 2.11e-11
2025-11-22, 00:29:26, 7.47e-13, 2.09e-11
2025-11-22, 00:29:29, 8.18e-13, 2.09e-11
2025-11-22, 00:29:32, 7.67e-13, 2.07e-11
2025-11-22, 00:29:36, 8.19e-13, 2.11e-11
2025-11-22, 00:29:39, 7.66e-13, 2.09e-11
2025-11-22, 00:29:42, 7.42e-13, 2.09e-11
2025-11-22, 00:29:45, 7.57e-13, 2.1e-11
2025-11-22, 00:29:48, 8.13e-13, 2.11e-11
2025-11-22, 00:29:52, 8.55e-13, 2.08e-11
2025-11-22, 00:29:55, 7.52e-13, 2.08e-11
2025-11-22, 00:29:58, 9.09e-13, 2.09e-11
2025-11-22, 00:30:01, 9.28e-13, 2.08e-11
2025-11-22, 00:30:05, 8.79e-13, 2.1e-11
2025-11-22, 00:30:08, 7.96e-13, 2.08e-11
2025-11-22, 00:30:11, 8.58e-13, 2.09e-11
2025-11-22, 00:30:14, 7.77e-13, 2.07e-11
2025-11-22, 00:30:17, 6.56e-13, 2.08e-11
2025-11-22, 00:30:21, 8.34e-13, 2.05e-11
2025-11-22, 00:30:24, 7.69e-13, 2.06e-11
2025-11-22, 00:30:27, 7.89e-13, 2.06e-11
2025-11-22, 00:30:30, 7.52e-13, 2.09e-11
2025-11-22, 00:30:34, 7.89e-13, 2.09e-11
2025-11-22, 00:30:37, 8.21e-13, 2.06e-11
2025-11-22, 00:30:40, 7.77e-13, 2.09e-11
2025-11-22, 00:30:43, 7.91e-13, 2.09e-11
2025-11-22, 00:30:46, 8e-13, 2.1e-11
2025-11-22, 00:30:50, 8.18e-13, 2.09e-11
2025-11-22, 00:30:53, 7.32e-13, 2.09e-11
2025-11-22, 00:30:56, 7.58e-13, 2.07e-11
2025-11-22, 00:30:59, 7.97e-13, 2.1e-11
2025-11-22, 00:31:03, 8.13e-13, 2.09e-11
2025-11-22, 00:31:06, 7.74e-13, 2.1e-11
2025-11-22, 00:31:09, 6.82e-13, 2.1e-11
2025-11-22, 00:31:12, 8.21e-13, 2.1e-11
2025-11-22, 00:31:15, 7.92e-13, 2.1e-11
2025-11-22, 00:31:19, 8.22e-13, 2.12e-11
2025-11-22, 00:31:22, 7.62e-13, 2.1e-11
2025-11-22, 00:31:25, 7.51e-13, 2.09e-11
2025-11-22, 00:31:28, 7.17e-13, 2.1e-11
2025-11-22, 00:31:32, 8.68e-13, 2.09e-11
2025-11-22, 00:31:35, 8.57e-13, 2.1e-11
2025-11-22, 00:31:38, 7.73e-13, 2.09e-11
2025-11-22, 00:31:41, 8.31e-13, 2.11e-11
2025-11-22, 00:31:44, 7.74e-13, 2.11e-11
2025-11-22, 00:31:48, 8.49e-13, 2.1e-11
2025-11-22, 00:31:51, 7.98e-13, 2.09e-11
2025-11-22, 00:31:54, 7.78e-13, 2.1e-11
2025-11-22, 00:31:57, 8.11e-13, 2.1e-11
2025-11-22, 00:32:01, 6.57e-13, 2.08e-11
2025-11-22, 00:32:04, 8.08e-13, 2.11e-11
2025-11-22, 00:32:07, 8.38e-13, 2.09e-11
2025-11-22, 00:32:10, 7.62e-13, 2.09e-11
2025-11-22, 00:32:13, 7.76e-13, 2.08e-11
2025-11-22, 00:32:17, 7.67e-13, 2.09e-11
2025-11-22, 00:32:20, 7.51e-13, 2.11e-11
2025-11-22, 00:32:23, 8.39e-13, 2.1e-11
2025-11-22, 00:32:26, 7.98e-13, 2.11e-11
2025-11-22, 00:32:30, 7.57e-13, 2.1e-11
2025-11-22, 00:32:33, 8.15e-13, 2.08e-11
2025-11-22, 00:32:36, 6.93e-13, 2.11e-11
2025-11-22, 00:32:39, 8.21e-13, 2.09e-11
2025-11-22, 00:32:42, 7.77e-13, 2.1e-11
2025-11-22, 00:32:46, 7.52e-13, 2.09e-11
2025-11-22, 00:32:49, 8.35e-13, 2.11e-11
2025-11-22, 00:32:52, 7.27e-13, 2.11e-11
2025-11-22, 00:32:55, 7.89e-13, 2.09e-11
2025-11-22, 00:32:59, 7.71e-13, 2.11e-11
2025-11-22, 00:33:02, 7.88e-13, 2.1e-11
2025-11-22, 00:33:05, 8.03e-13, 2.07e-11
2025-11-22, 00:33:08, 7.85e-13, 2.07e-11
2025-11-22, 00:33:11, 7.6e-13, 2.06e-11
2025-11-22, 00:33:15, 7.7e-13, 2.08e-11
2025-11-22, 00:33:18, 7.5e-13, 2.08e-11
2025-11-22, 00:33:21, 6.76e-13, 2.09e-11
2025-11-22, 00:33:24, 8.76e-13, 2.09e-11
2025-11-22, 00:33:27, 7.71e-13, 2.07e-11
2025-11-22, 00:33:31, 8.03e-13, 2.08e-11
2025-11-22, 00:33:34, 7.66e-13, 2.07e-11
2025-11-22, 00:33:37, 7.57e-13, 2.1e-11
2025-11-22, 00:33:40, 7.9e-13, 2.08e-11
2025-11-22, 00:33:44, 7.87e-13, 2.1e-11
2025-11-22, 00:33:47, 8.23e-13, 2.09e-11
2025-11-22, 00:33:50, 7.85e-13, 2.1e-11
2025-11-22, 00:33:53, 9e-13, 2.09e-11
2025-11-22, 00:33:56, 7.32e-13, 2.1e-11
2025-11-22, 00:34:00, 7.75e-13, 2.07e-11
2025-11-22, 00:34:03, 7.56e-13, 2.06e-11
2025-11-22, 00:34:06, 7.92e-13, 2.09e-11
2025-11-22, 00:34:09, 7.78e-13, 2.09e-11
2025-11-22, 00:34:13, 7.99e-13, 2.05e-11
2025-11-22, 00:34:16, 8e-13, 2.07e-11
2025-11-22, 00:34:19, 7.96e-13, 2.1e-11
2025-11-22, 00:34:22, 8.2e-13, 2.11e-11
2025-11-22, 00:34:25, 8.19e-13, 2.07e-11
2025-11-22, 00:34:29, 8.3e-13, 2.1e-11
2025-11-22, 00:34:32, 8.12e-13, 2.1e-11
2025-11-22, 00:34:35, 7.15e-13, 2.08e-11
2025-11-22, 00:34:38, 7.83e-13, 2.1e-11
2025-11-22, 00:34:42, 8.25e-13, 2.12e-11
2025-11-22, 00:34:45, 7.5e-13, 2.07e-11
2025-11-22, 00:34:48, 7.99e-13, 2.09e-11
2025-11-22, 00:34:51, 7.93e-13, 2.11e-11
2025-11-22, 00:34:54, 7.91e-13, 2.1e-11
2025-11-22, 00:34:58, 8e-13, 2.1e-11
2025-11-22, 00:35:01, 7.84e-13, 2.12e-11
2025-11-22, 00:35:04, 8.24e-13, 2.09e-11
2025-11-22, 00:35:07, 7.39e-13, 2.1e-11
2025-11-22, 00:35:11, 8.18e-13, 2.09e-11
2025-11-22, 00:35:14, 7.31e-13, 2.08e-11
2025-11-22, 00:35:17, 8.51e-13, 2.08e-11
2025-11-22, 00:35:20, 8.13e-13, 2.1e-11
2025-11-22, 00:35:23, 8.09e-13, 2.08e-11
2025-11-22, 00:35:27, 7.58e-13, 2.08e-11
2025-11-22, 00:35:30, 7.65e-13, 2.09e-11
2025-11-22, 00:35:33, 7.52e-13, 2.09e-11
2025-11-22, 00:35:36, 7.99e-13, 2.09e-11
2025-11-22, 00:35:40, 8.22e-13, 2.04e-11
2025-11-22, 00:35:43, 8.77e-13, 2.03e-11
2025-11-22, 00:35:46, 7.67e-13, 2.04e-11
2025-11-22, 00:35:49, 7.79e-13, 2.05e-11
2025-11-22, 00:35:52, 7.89e-13, 2.04e-11
2025-11-22, 00:35:56, 7.72e-13, 2.04e-11
2025-11-22, 00:35:59, 7.72e-13, 2.04e-11
2025-11-22, 00:36:02, 7.3e-13, 2.04e-11
2025-11-22, 00:36:05, 7.83e-13, 2.05e-11
2025-11-22, 00:36:09, 7.56e-13, 2.04e-11
2025-11-22, 00:36:12, 8e-13, 2.04e-11
2025-11-22, 00:36:15, 9.24e-13, 2.04e-11
2025-11-22, 00:36:18, 8.32e-13, 2.04e-11
2025-11-22, 00:36:21, 7.54e-13, 2.03e-11
2025-11-22, 00:36:25, 7.6e-13, 2.04e-11
2025-11-22, 00:36:28, 7.71e-13, 2.05e-11
2025-11-22, 00:36:31, 7.8e-13, 2.05e-11
2025-11-22, 00:36:34, 8.23e-13, 2.04e-11
2025-11-22, 00:36:37, 7.78e-13, 2.04e-11
2025-11-22, 00:36:41, 8.77e-13, 2.04e-11
2025-11-22, 00:36:44, 7.75e-13, 2.04e-11
2025-11-22, 00:36:47, 7.94e-13, 2.04e-11
2025-11-22, 00:36:50, 8.26e-13, 2.04e-11
2025-11-22, 00:36:54, 8.27e-13, 2.05e-11
2025-11-22, 00:36:57, 8.37e-13, 2.04e-11
2025-11-22, 00:37:00, 7.66e-13, 2.05e-11
2025-11-22, 00:37:03, 7.93e-13, 2.05e-11
2025-11-22, 00:37:06, 7.23e-13, 2.05e-11
2025-11-22, 00:37:10, 8.23e-13, 2.04e-11
2025-11-22, 00:37:13, 7.51e-13, 2.04e-11
2025-11-22, 00:37:16, 7.72e-13, 2.04e-11
2025-11-22, 00:37:19, 9.39e-13, 2.09e-11
2025-11-22, 00:37:23, 7.95e-13, 2.08e-11
2025-11-22, 00:37:26, 9.18e-13, 2.08e-11
2025-11-22, 00:37:29, 7.9e-13, 2.09e-11
2025-11-22, 00:37:32, 7.94e-13, 2.08e-11
2025-11-22, 00:37:35, 7.45e-13, 2.1e-11
2025-11-22, 00:37:39, 7.87e-13, 2.07e-11
2025-11-22, 00:37:42, 8e-13, 2.06e-11
2025-11-22, 00:37:45, 7.39e-13, 2.09e-11
2025-11-22, 00:37:48, 7.99e-13, 2.07e-11
2025-11-22, 00:37:52, 7.33e-13, 2.07e-11
2025-11-22, 00:37:55, 8e-13, 2.09e-11
2025-11-22, 00:37:58, 7.68e-13, 2.09e-11
2025-11-22, 00:38:01, 7.92e-13, 2.09e-11
2025-11-22, 00:38:04, 6.59e-13, 2.11e-11
2025-11-22, 00:38:08, 7.8e-13, 2.1e-11
2025-11-22, 00:38:11, 8.06e-13, 2.1e-11
2025-11-22, 00:38:14, 8.56e-13, 2.08e-11
2025-11-22, 00:38:17, 9.15e-13, 2.09e-11
2025-11-22, 00:38:21, 8.18e-13, 2.07e-11
2025-11-22, 00:38:24, 7.89e-13, 2.1e-11
2025-11-22, 00:38:27, 7.48e-13, 2.09e-11
2025-11-22, 00:38:30, 8.21e-13, 2.04e-11
2025-11-22, 00:38:33, 8.06e-13, 2.06e-11
2025-11-22, 00:38:37, 7.86e-13, 2.08e-11
2025-11-22, 00:38:40, 8.18e-13, 2.07e-11
2025-11-22, 00:38:43, 8.08e-13, 2.07e-11
2025-11-22, 00:38:46, 7.68e-13, 2.06e-11
2025-11-22, 00:38:50, 7.92e-13, 2.09e-11
2025-11-22, 00:38:53, 7.58e-13, 2.07e-11
2025-11-22, 00:38:56, 7.32e-13, 2.08e-11
2025-11-22, 00:38:59, 8.03e-13, 2.05e-11
2025-11-22, 00:39:02, 8.57e-13, 2.07e-11
2025-11-22, 00:39:06, 7.1e-13, 2.08e-11
2025-11-22, 00:39:09, 7.26e-13, 2.08e-11
2025-11-22, 00:39:12, 7.71e-13, 2.06e-11
2025-11-22, 00:39:15, 8.33e-13, 2.05e-11
2025-11-22, 00:39:19, 8.59e-13, 2.04e-11
2025-11-22, 00:39:22, 8.31e-13, 2.05e-11
2025-11-22, 00:39:25, 7.9e-13, 2.03e-11
2025-11-22, 00:39:28, 8.13e-13, 2.03e-11
2025-11-22, 00:39:31, 7.89e-13, 2.02e-11
2025-11-22, 00:39:35, 7.25e-13, 2.02e-11
2025-11-22, 00:39:38, 7.45e-13, 2.02e-11
2025-11-22, 00:39:41, 7.81e-13, 2.02e-11
2025-11-22, 00:39:44, 8.41e-13, 2.01e-11
2025-11-22, 00:39:47, 8.68e-13, 2.02e-11
2025-11-22, 00:39:51, 7.79e-13, 2.02e-11
2025-11-22, 00:39:54, 7.87e-13, 2.03e-11
2025-11-22, 00:39:57, 7.91e-13, 2.01e-11
2025-11-22, 00:40:00, 7.31e-13, 2.05e-11
2025-11-22, 00:40:04, 7.9e-13, 2.06e-11
2025-11-22, 00:40:07, 8.08e-13, 2.05e-11
2025-11-22, 00:40:10, 7.64e-13, 2.08e-11
2025-11-22, 00:40:13, 7.29e-13, 2.09e-11
2025-11-22, 00:40:16, 7.8e-13, 2.07e-11
2025-11-22, 00:40:20, 8.09e-13, 2.09e-11
2025-11-22, 00:40:23, 7.55e-13, 2.07e-11
2025-11-22, 00:40:26, 7.68e-13, 2.07e-11
2025-11-22, 00:40:29, 7.95e-13, 2.06e-11
2025-11-22, 00:40:33, 8.1e-13, 2.07e-11
2025-11-22, 00:40:36, 7.97e-13, 2.06e-11
2025-11-22, 00:40:39, 7.27e-13, 2.06e-11
2025-11-22, 00:40:42, 8.05e-13, 2.07e-11
2025-11-22, 00:40:45, 7.3e-13, 2.07e-11
2025-11-22, 00:40:49, 9.31e-13, 2.05e-11
2025-11-22, 00:40:52, 7.85e-13, 2.08e-11
2025-11-22, 00:40:55, 7.56e-13, 2.06e-11
2025-11-22, 00:40:58, 8.13e-13, 2.08e-11
2025-11-22, 00:41:02, 8e-13, 2.08e-11
2025-11-22, 00:41:05, 7.68e-13, 2.07e-11
2025-11-22, 00:41:08, 7.44e-13, 2.08e-11
2025-11-22, 00:41:11, 7.95e-13, 2.05e-11
2025-11-22, 00:41:14, 8.01e-13, 2.07e-11
2025-11-22, 00:41:18, 7.88e-13, 2.06e-11
2025-11-22, 00:41:21, 6.72e-13, 2.07e-11
2025-11-22, 00:41:24, 7.82e-13, 2.07e-11
2025-11-22, 00:41:27, 7.37e-13, 2.07e-11
2025-11-22, 00:41:31, 8.07e-13, 2.06e-11
2025-11-22, 00:41:34, 7.64e-13, 2.07e-11
2025-11-22, 00:41:37, 8.29e-13, 2.08e-11
2025-11-22, 00:41:40, 7.42e-13, 2.08e-11
2025-11-22, 00:41:43, 7.53e-13, 2.07e-11
2025-11-22, 00:41:47, 7.82e-13, 2.08e-11
2025-11-22, 00:41:50, 7.68e-13, 2.07e-11
2025-11-22, 00:41:53, 8.12e-13, 2.04e-11
2025-11-22, 00:41:56, 7.72e-13, 2.06e-11
2025-11-22, 00:42:00, 9.19e-13, 2.06e-11
2025-11-22, 00:42:03, 9.87e-13, 2.06e-11
2025-11-22, 00:42:06, 7.42e-13, 2.07e-11
2025-11-22, 00:42:09, 7.92e-13, 2.05e-11
2025-11-22, 00:42:12, 8.42e-13, 2.08e-11
2025-11-22, 00:42:16, 8.69e-13, 2.08e-11
2025-11-22, 00:42:19, 7.35e-13, 2.08e-11
2025-11-22, 00:42:22, 6.73e-13, 2.08e-11
2025-11-22, 00:42:25, 7.98e-13, 2.06e-11
2025-11-22, 00:42:29, 7.84e-13, 2.07e-11
2025-11-22, 00:42:32, 8.2e-13, 2.08e-11
2025-11-22, 00:42:35, 8.23e-13, 2.07e-11
2025-11-22, 00:42:38, 7.26e-13, 2.07e-11
2025-11-22, 00:42:41, 8.09e-13, 2.06e-11
2025-11-22, 00:42:45, 7.57e-13, 2.05e-11
2025-11-22, 00:42:48, 7.83e-13, 2.07e-11
2025-11-22, 00:42:51, 8.29e-13, 2.05e-11
2025-11-22, 00:42:54, 9.4e-13, 2.08e-11
2025-11-22, 00:42:57, 8.4e-13, 2.06e-11
2025-11-22, 00:43:01, 7.89e-13, 2.06e-11
2025-11-22, 00:43:04, 7.65e-13, 2.08e-11
2025-11-22, 00:43:07, 9.03e-13, 2.1e-11
2025-11-22, 00:43:10, 8.3e-13, 2.09e-11
2025-11-22, 00:43:14, 7.73e-13, 2.09e-11
2025-11-22, 00:43:17, 7.94e-13, 2.09e-11
2025-11-22, 00:43:20, 8.07e-13, 2.07e-11
2025-11-22, 00:43:23, 7.37e-13, 2.08e-11
2025-11-22, 00:43:26, 7.75e-13, 2.07e-11
2025-11-22, 00:43:30, 6.51e-13, 2.06e-11
2025-11-22, 00:43:33, 8.01e-13, 2.06e-11
2025-11-22, 00:43:36, 7.94e-13, 2.06e-11
2025-11-22, 00:43:39, 8.42e-13, 2.03e-11
2025-11-22, 00:43:43, 7.86e-13, 2.07e-11
2025-11-22, 00:43:46, 7.76e-13, 2.08e-11
2025-11-22, 00:43:49, 8.29e-13, 2.07e-11
2025-11-22, 00:43:52, 8.67e-13, 2.06e-11
2025-11-22, 00:43:55, 7.31e-13, 2.05e-11
2025-11-22, 00:43:59, 8.66e-13, 2.05e-11
2025-11-22, 00:44:02, 7.96e-13, 2.09e-11
2025-11-22, 00:44:05, 8.5e-13, 2.1e-11
2025-11-22, 00:44:08, 7.42e-13, 2.09e-11
2025-11-22, 00:44:12, 7.97e-13, 2.07e-11
2025-11-22, 00:44:15, 7.23e-13, 2.09e-11
2025-11-22, 00:44:18, 8.18e-13, 2.06e-11
2025-11-22, 00:44:21, 7.68e-13, 2.07e-11
2025-11-22, 00:44:24, 8.62e-13, 2.07e-11
2025-11-22, 00:44:28, 7.88e-13, 2.11e-11
2025-11-22, 00:44:31, 8.59e-13, 2.09e-11
2025-11-22, 00:44:34, 7.53e-13, 2.09e-11
2025-11-22, 00:44:37, 7.79e-13, 2.1e-11
2025-11-22, 00:44:41, 7.96e-13, 2.12e-11
2025-11-22, 00:44:44, 7.59e-13, 2.12e-11
2025-11-22, 00:44:47, 7.42e-13, 2.1e-11
2025-11-22, 00:44:50, 7.65e-13, 2.12e-11
2025-11-22, 00:44:53, 7.17e-13, 2.11e-11
2025-11-22, 00:44:57, 7.93e-13, 2.09e-11
2025-11-22, 00:45:00, 9.42e-13, 2.07e-11
2025-11-22, 00:45:03, 8.44e-13, 2.07e-11
2025-11-22, 00:45:06, 8.25e-13, 2.08e-11
2025-11-22, 00:45:10, 7.16e-13, 2.08e-11
2025-11-22, 00:45:13, 7.58e-13, 2.11e-11
2025-11-22, 00:45:16, 8.29e-13, 2.11e-11
2025-11-22, 00:45:19, 7.73e-13, 2.11e-11
2025-11-22, 00:45:22, 7.67e-13, 2.1e-11
2025-11-22, 00:45:26, 7.16e-13, 2.09e-11
2025-11-22, 00:45:29, 8.31e-13, 2.1e-11
2025-11-22, 00:45:32, 8.77e-13, 2.11e-11
2025-11-22, 00:45:35, 7.67e-13, 2.1e-11
2025-11-22, 00:45:39, 7.61e-13, 2.09e-11
2025-11-22, 00:45:42, 7.81e-13, 2.09e-11
2025-11-22, 00:45:45, 7.7e-13, 2.12e-11
2025-11-22, 00:45:48, 8.58e-13, 2.08e-11
2025-11-22, 00:45:51, 7.92e-13, 2.1e-11
2025-11-22, 00:45:55, 7.08e-13, 2.08e-11
2025-11-22, 00:45:58, 7.11e-13, 2.09e-11
2025-11-22, 00:46:01, 8.78e-13, 2.09e-11
2025-11-22, 00:46:04, 8.08e-13, 2.11e-11
2025-11-22, 00:46:08, 8.78e-13, 2.08e-11
2025-11-22, 00:46:11, 7.61e-13, 2.07e-11
2025-11-22, 00:46:14, 9.22e-13, 2.09e-11
2025-11-22, 00:46:17, 7.8e-13, 2.1e-11
2025-11-22, 00:46:20, 8.09e-13, 2.08e-11
2025-11-22, 00:46:24, 7.89e-13, 2.09e-11
2025-11-22, 00:46:27, 8.33e-13, 2.09e-11
2025-11-22, 00:46:30, 7.73e-13, 2.08e-11
2025-11-22, 00:46:33, 9.02e-13, 2.08e-11
2025-11-22, 00:46:36, 8.85e-13, 2.08e-11
2025-11-22, 00:46:40, 7.49e-13, 2.09e-11
2025-11-22, 00:46:43, 7.93e-13, 2.08e-11
2025-11-22, 00:46:46, 7.87e-13, 2.08e-11
2025-11-22, 00:46:49, 7.56e-13, 2.1e-11
2025-11-22, 00:46:53, 7.45e-13, 2.09e-11
2025-11-22, 00:46:56, 8.24e-13, 2.09e-11
2025-11-22, 00:46:59, 9.11e-13, 2.07e-11
2025-11-22, 00:47:02, 7.56e-13, 2.1e-11
2025-11-22, 00:47:05, 8.25e-13, 2.08e-11
2025-11-22, 00:47:09, 8.54e-13, 2.1e-11
2025-11-22, 00:47:12, 7.92e-13, 2.12e-11
2025-11-22, 00:47:15, 7.82e-13, 2.09e-11
2025-11-22, 00:47:18, 8.06e-13, 2.1e-11
2025-11-22, 00:47:22, 7.34e-13, 2.11e-11
2025-11-22, 00:47:25, 7.77e-13, 2.13e-11
2025-11-22, 00:47:28, 8.5e-13, 2.09e-11
2025-11-22, 00:47:31, 8e-13, 2.1e-11
2025-11-22, 00:47:34, 7.5e-13, 2.1e-11
2025-11-22, 00:47:38, 9.14e-13, 2.12e-11
2025-11-22, 00:47:41, 8.05e-13, 2.1e-11
2025-11-22, 00:47:44, 7.88e-13, 2.07e-11
2025-11-22, 00:47:47, 7.75e-13, 2.1e-11
2025-11-22, 00:47:51, 7.56e-13, 2.1e-11
2025-11-22, 00:47:54, 7.58e-13, 2.08e-11
2025-11-22, 00:47:57, 8.1e-13, 2.09e-11
2025-11-22, 00:48:00, 7.47e-13, 2.1e-11
2025-11-22, 00:48:03, 7.7e-13, 2.08e-11
2025-11-22, 00:48:07, 7.65e-13, 2.09e-11
2025-11-22, 00:48:10, 6.81e-13, 2.09e-11
2025-11-22, 00:48:13, 7.55e-13, 2.11e-11
2025-11-22, 00:48:16, 7.48e-13, 2.11e-11
2025-11-22, 00:48:20, 8.83e-13, 2.13e-11
2025-11-22, 00:48:23, 7.65e-13, 2.07e-11
2025-11-22, 00:48:26, 7.85e-13, 2.1e-11
2025-11-22, 00:48:29, 7.66e-13, 2.1e-11
2025-11-22, 00:48:32, 7.36e-13, 2.12e-11
2025-11-22, 00:48:36, 7.57e-13, 2.11e-11
2025-11-22, 00:48:39, 7.99e-13, 2.1e-11
2025-11-22, 00:48:42, 8.14e-13, 2.12e-11
2025-11-22, 00:48:45, 7.03e-13, 2.11e-11
2025-11-22, 00:48:49, 7.52e-13, 2.09e-11
2025-11-22, 00:48:52, 7.57e-13, 2.1e-11
2025-11-22, 00:48:55, 7.79e-13, 2.07e-11
2025-11-22, 00:48:58, 7.95e-13, 2.07e-11
2025-11-22, 00:49:01, 7.47e-13, 2.06e-11
2025-11-22, 00:49:05, 7.65e-13, 2.1e-11
2025-11-22, 00:49:08, 7.23e-13, 2.11e-11
2025-11-22, 00:49:11, 7.98e-13, 2.1e-11
2025-11-22, 00:49:14, 7.36e-13, 2.1e-11
2025-11-22, 00:49:18, 7.75e-13, 2.1e-11
2025-11-22, 00:49:21, 7.26e-13, 2.08e-11
2025-11-22, 00:49:24, 8.35e-13, 2.09e-11
2025-11-22, 00:49:27, 8.42e-13, 2.09e-11
2025-11-22, 00:49:30, 8.44e-13, 2.08e-11
2025-11-22, 00:49:34, 8.14e-13, 2.09e-11
2025-11-22, 00:49:37, 8.05e-13, 2.09e-11
2025-11-22, 00:49:40, 7.67e-13, 2.11e-11
2025-11-22, 00:49:43, 8.44e-13, 2.1e-11
2025-11-22, 00:49:46, 7.41e-13, 2.12e-11
2025-11-22, 00:49:50, 7.62e-13, 2.09e-11
2025-11-22, 00:49:53, 8.61e-13, 2.1e-11
2025-11-22, 00:49:56, 7.47e-13, 2.09e-11
2025-11-22, 00:49:59, 7.66e-13, 2.1e-11
2025-11-22, 00:50:03, 8.21e-13, 2.1e-11
2025-11-22, 00:50:06, 7.15e-13, 2.1e-11
2025-11-22, 00:50:09, 7.95e-13, 2.09e-11
2025-11-22, 00:50:12, 8.59e-13, 2.1e-11
2025-11-22, 00:50:15, 8.13e-13, 2.09e-11
2025-11-22, 00:50:19, 8.45e-13, 2.14e-11
2025-11-22, 00:50:22, 7.73e-13, 2.11e-11
2025-11-22, 00:50:25, 8.09e-13, 2.08e-11
2025-11-22, 00:50:28, 8e-13, 2.11e-11
2025-11-22, 00:50:32, 7.4e-13, 2.08e-11
2025-11-22, 00:50:35, 8.47e-13, 2.08e-11
2025-11-22, 00:50:38, 7.66e-13, 2.08e-11
2025-11-22, 00:50:41, 8.16e-13, 2.07e-11
2025-11-22, 00:50:44, 7.87e-13, 2.08e-11
2025-11-22, 00:50:48, 7.39e-13, 2.09e-11
2025-11-22, 00:50:51, 7.85e-13, 2.08e-11
2025-11-22, 00:50:54, 7.22e-13, 2.09e-11
2025-11-22, 00:50:57, 7.66e-13, 2.08e-11
2025-11-22, 00:51:01, 7.78e-13, 2.08e-11
2025-11-22, 00:51:04, 6.74e-13, 2.08e-11
2025-11-22, 00:51:07, 7.9e-13, 2.06e-11
2025-11-22, 00:51:10, 7.48e-13, 2.06e-11
2025-11-22, 00:51:13, 6.83e-13, 2.08e-11
2025-11-22, 00:51:17, 8.14e-13, 2.1e-11
2025-11-22, 00:51:20, 7.47e-13, 2.09e-11
2025-11-22, 00:51:23, 7.49e-13, 2.08e-11
2025-11-22, 00:51:26, 8.22e-13, 2.11e-11
2025-11-22, 00:51:30, 7.68e-13, 2.1e-11
2025-11-22, 00:51:33, 8.24e-13, 2.09e-11
2025-11-22, 00:51:36, 8.04e-13, 2.1e-11
2025-11-22, 00:51:39, 7.66e-13, 2.1e-11
2025-11-22, 00:51:42, 8.01e-13, 2.09e-11
2025-11-22, 00:51:46, 7.87e-13, 2.06e-11
2025-11-22, 00:51:49, 7.73e-13, 2.1e-11
2025-11-22, 00:51:52, 7.83e-13, 2.08e-11
2025-11-22, 00:51:55, 7.79e-13, 2.09e-11
2025-11-22, 00:51:59, 7.92e-13, 2.09e-11
2025-11-22, 00:52:02, 8.15e-13, 2.08e-11
2025-11-22, 00:52:05, 7.58e-13, 2.08e-11
2025-11-22, 00:52:08, 8.03e-13, 2.1e-11
2025-11-22, 00:52:11, 7.21e-13, 2.08e-11
2025-11-22, 00:52:15, 8.22e-13, 2.09e-11
2025-11-22, 00:52:18, 7.98e-13, 2.09e-11
2025-11-22, 00:52:21, 8.11e-13, 2.09e-11
2025-11-22, 00:52:24, 7.58e-13, 2.08e-11
2025-11-22, 00:52:28, 7.4e-13, 2.11e-11
2025-11-22, 00:52:31, 8.06e-13, 2.1e-11
2025-11-22, 00:52:34, 8.99e-13, 2.13e-11
2025-11-22, 00:52:37, 8.07e-13, 2.1e-11
2025-11-22, 00:52:40, 7.85e-13, 2.09e-11
2025-11-22, 00:52:44, 7.26e-13, 2.11e-11
2025-11-22, 00:52:47, 7.69e-13, 2.09e-11
2025-11-22, 00:52:50, 8.2e-13, 2.11e-11
2025-11-22, 00:52:53, 7.94e-13, 2.12e-11
2025-11-22, 00:52:56, 8.43e-13, 2.1e-11
2025-11-22, 00:53:00, 7.52e-13, 2.09e-11
2025-11-22, 00:53:03, 8.53e-13, 2.1e-11
2025-11-22, 00:53:06, 7.61e-13, 2.1e-11
2025-11-22, 00:53:09, 8.19e-13, 2.11e-11
2025-11-22, 00:53:13, 7.7e-13, 2.11e-11
2025-11-22, 00:53:16, 7.55e-13, 2.1e-11
2025-11-22, 00:53:19, 8.19e-13, 2.1e-11
2025-11-22, 00:53:22, 8.2e-13, 2.1e-11
2025-11-22, 00:53:25, 8.17e-13, 2.09e-11
2025-11-22, 00:53:29, 7.98e-13, 2.06e-11
2025-11-22, 00:53:32, 7.61e-13, 2.09e-11
2025-11-22, 00:53:35, 7.29e-13, 2.1e-11
2025-11-22, 00:53:38, 7.69e-13, 2.08e-11
2025-11-22, 00:53:42, 7.63e-13, 2.09e-11
2025-11-22, 00:53:45, 8.05e-13, 2.11e-11
2025-11-22, 00:53:48, 7.74e-13, 2.09e-11
2025-11-22, 00:53:51, 7.42e-13, 2.1e-11
2025-11-22, 00:53:54, 7.76e-13, 2.08e-11
2025-11-22, 00:53:58, 8.41e-13, 2.12e-11
2025-11-22, 00:54:01, 7.41e-13, 2.11e-11
2025-11-22, 00:54:04, 8.52e-13, 2.1e-11
2025-11-22, 00:54:07, 8.19e-13, 2.1e-11
2025-11-22, 00:54:11, 7.63e-13, 2.1e-11
2025-11-22, 00:54:14, 8.04e-13, 2.09e-11
2025-11-22, 00:54:17, 7.95e-13, 2.1e-11
2025-11-22, 00:54:20, 7.44e-13, 2.09e-11
2025-11-22, 00:54:23, 8.05e-13, 2.08e-11
2025-11-22, 00:54:27, 8.15e-13, 2.1e-11
2025-11-22, 00:54:30, 8.06e-13, 2.11e-11
2025-11-22, 00:54:33, 7.53e-13, 2.1e-11
2025-11-22, 00:54:36, 7.79e-13, 2.09e-11
2025-11-22, 00:54:40, 7.64e-13, 2.08e-11
2025-11-22, 00:54:43, 8.07e-13, 2.09e-11
2025-11-22, 00:54:46, 8.22e-13, 2.1e-11
2025-11-22, 00:54:49, 7.48e-13, 2.08e-11
2025-11-22, 00:54:52, 8.25e-13, 2.08e-11
2025-11-22, 00:54:56, 7.77e-13, 2.08e-11
2025-11-22, 00:54:59, 7.59e-13, 2.1e-11
2025-11-22, 00:55:02, 7.89e-13, 2.1e-11
2025-11-22, 00:55:05, 7.93e-13, 2.09e-11
2025-11-22, 00:55:09, 7.4e-13, 2.1e-11
2025-11-22, 00:55:12, 7.74e-13, 2.09e-11
2025-11-22, 00:55:15, 7.75e-13, 2.08e-11
2025-11-22, 00:55:18, 8.73e-13, 2.12e-11
2025-11-22, 00:55:21, 8.18e-13, 2.12e-11
2025-11-22, 00:55:25, 7.58e-13, 2.11e-11
2025-11-22, 00:55:28, 7.98e-13, 2.1e-11
2025-11-22, 00:55:31, 7.18e-13, 2.12e-11
2025-11-22, 00:55:34, 7.49e-13, 2.08e-11
2025-11-22, 00:55:38, 7.41e-13, 2.09e-11
2025-11-22, 00:55:41, 7.01e-13, 2.1e-11
2025-11-22, 00:55:44, 7.98e-13, 2.1e-11
2025-11-22, 00:55:47, 8.18e-13, 2.08e-11
2025-11-22, 00:55:50, 7.03e-13, 2.11e-11
2025-11-22, 00:55:54, 8.1e-13, 2.1e-11
2025-11-22, 00:55:57, 7.91e-13, 2.11e-11
2025-11-22, 00:56:00, 7.5e-13, 2.1e-11
2025-11-22, 00:56:03, 7.75e-13, 2.11e-11
2025-11-22, 00:56:06, 7.97e-13, 2.04e-11
2025-11-22, 00:56:10, 8.56e-13, 2.05e-11
2025-11-22, 00:56:13, 8.01e-13, 2.09e-11
2025-11-22, 00:56:16, 7.46e-13, 2.1e-11
2025-11-22, 00:56:19, 7.76e-13, 2.12e-11
2025-11-22, 00:56:23, 7.3e-13, 2.08e-11
2025-11-22, 00:56:26, 7.63e-13, 2.1e-11
2025-11-22, 00:56:29, 7.98e-13, 2.12e-11
2025-11-22, 00:56:32, 8.04e-13, 2.09e-11
2025-11-22, 00:56:35, 7.41e-13, 2.1e-11
2025-11-22, 00:56:39, 7.26e-13, 2.1e-11
2025-11-22, 00:56:42, 7.53e-13, 2.11e-11
2025-11-22, 00:56:45, 8.59e-13, 2.09e-11
2025-11-22, 00:56:48, 7.4e-13, 2.1e-11
2025-11-22, 00:56:52, 7.84e-13, 2.08e-11
2025-11-22, 00:56:55, 7.66e-13, 2.1e-11
2025-11-22, 00:56:58, 8.13e-13, 2.09e-11
2025-11-22, 00:57:01, 7.52e-13, 2.1e-11
2025-11-22, 00:57:04, 7.43e-13, 2.11e-11
2025-11-22, 00:57:08, 8.17e-13, 2.1e-11
2025-11-22, 00:57:11, 7.65e-13, 2.09e-11
2025-11-22, 00:57:14, 7.56e-13, 2.11e-11
2025-11-22, 00:57:17, 8.85e-13, 2.07e-11
2025-11-22, 00:57:21, 7.85e-13, 2.09e-11
2025-11-22, 00:57:24, 7.87e-13, 2.12e-11
2025-11-22, 00:57:27, 7.84e-13, 2.1e-11
2025-11-22, 00:57:30, 7.86e-13, 2.1e-11
2025-11-22, 00:57:33, 8.1e-13, 2.1e-11
2025-11-22, 00:57:37, 7.52e-13, 2.09e-11
2025-11-22, 00:57:40, 7.17e-13, 2.07e-11
2025-11-22, 00:57:43, 8.34e-13, 2.08e-11
2025-11-22, 00:57:46, 8.35e-13, 2.08e-11
2025-11-22, 00:57:50, 7.13e-13, 2.08e-11
2025-11-22, 00:57:53, 9.12e-13, 2.09e-11
2025-11-22, 00:57:56, 6.42e-13, 2.09e-11
2025-11-22, 00:57:59, 7.09e-13, 2.08e-11
2025-11-22, 00:58:02, 7.98e-13, 2.09e-11
2025-11-22, 00:58:06, 7.76e-13, 2.09e-11
2025-11-22, 00:58:09, 7.7e-13, 2.08e-11
2025-11-22, 00:58:12, 7.94e-13, 2.07e-11
2025-11-22, 00:58:15, 7.71e-13, 2.09e-11
2025-11-22, 00:58:19, 7.54e-13, 2.09e-11
2025-11-22, 00:58:22, 7.79e-13, 2.1e-11
2025-11-22, 00:58:25, 8.22e-13, 2.13e-11
2025-11-22, 00:58:28, 8.34e-13, 2.1e-11
2025-11-22, 00:58:31, 8.38e-13, 2.11e-11
2025-11-22, 00:58:35, 7.02e-13, 2.09e-11
2025-11-22, 00:58:38, 7.83e-13, 2.08e-11
2025-11-22, 00:58:41, 7.84e-13, 2.1e-11
2025-11-22, 00:58:44, 8.38e-13, 2.11e-11
2025-11-22, 00:58:48, 7.89e-13, 2.11e-11
2025-11-22, 00:58:51, 1.03e-12, 2.11e-11
2025-11-22, 00:58:54, 8.91e-13, 2.11e-11
2025-11-22, 00:58:57, 8.35e-13, 2.09e-11
2025-11-22, 00:59:00, 8.14e-13, 2.1e-11
2025-11-22, 00:59:04, 7.19e-13, 2.1e-11
2025-11-22, 00:59:07, 7.78e-13, 2.1e-11
2025-11-22, 00:59:10, 8.09e-13, 2.08e-11
2025-11-22, 00:59:13, 8.16e-13, 2.09e-11
2025-11-22, 00:59:16, 8.28e-13, 2.1e-11
2025-11-22, 00:59:20, 7.24e-13, 2.11e-11
2025-11-22, 00:59:23, 7.49e-13, 2.08e-11
2025-11-22, 00:59:26, 7.45e-13, 2.11e-11
2025-11-22, 00:59:29, 7.96e-13, 2.09e-11
2025-11-22, 00:59:33, 7.74e-13, 2.12e-11
2025-11-22, 00:59:36, 6.79e-13, 2.08e-11
2025-11-22, 00:59:39, 6.97e-13, 2.11e-11
2025-11-22, 00:59:42, 8.37e-13, 2.09e-11
2025-11-22, 00:59:45, 7.27e-13, 2.06e-11
2025-11-22, 00:59:49, 8.11e-13, 2.08e-11
2025-11-22, 00:59:52, 7.12e-13, 2.05e-11
2025-11-22, 00:59:55, 8.05e-13, 2.05e-11
2025-11-22, 00:59:58, 7.45e-13, 2.08e-11
2025-11-22, 01:00:02, 7.48e-13, 2.06e-11
