2025-12-11, 00:00:01, 132.23, 54.25, 23.64, 23.73, 9999.0, 14.05, 13.75, 23.75, 9999.0, 22.89, 9999.0, 128.66, 133.0, 113.0, 91.0, 136.2
2025-12-11, 00:00:05, 132.23, 54.25, 23.64, 23.73, 9999.0, 14.07, 13.75, 23.75, 9999.0, 22.86, 9999.0, 128.64, 133.0, 113.0, 91.0, 136.2
2025-12-11, 00:00:09, 132.2, 54.25, 23.66, 23.7, 9999.0, 14.09, 13.75, 23.75, 9999.0, 22.84, 9999.0, 128.64, 133.0, 113.0, 91.0, 136.2
2025-12-11, 00:00:13, 132.23, 54.25, 23.66, 23.7, 9999.0, 14.11, 13.75, 23.75, 9999.0, 22.8, 9999.0, 128.64, 133.0, 113.0, 91.0, 136.2
2025-12-11, 00:00:17, 132.23, 54.25, 23.66, 23.7, 9999.0, 14.14, 13.75, 23.75, 9999.0, 22.75, 9999.0, 128.66, 133.0, 113.0, 91.0, 136.2
2025-12-11, 00:00:21, 132.2, 54.25, 23.66, 23.7, 9999.0, 14.14, 13.75, 23.75, 9999.0, 22.73, 9999.0, 128.68, 133.0, 113.0, 91.0, 136.23
2025-12-11, 00:00:25, 132.2, 54.25, 23.66, 23.7, 9999.0, 14.16, 13.75, 23.75, 9999.0, 22.7, 9999.0, 128.68, 133.0, 113.0, 91.0, 136.23
2025-12-11, 00:00:29, 132.2, 54.25, 23.64, 23.7, 9999.0, 14.16, 13.75, 23.75, 9999.0, 22.7, 9999.0, 128.68, 133.0, 113.0, 91.0, 136.2
2025-12-11, 00:00:33, 132.18, 54.25, 23.61, 23.7, 9999.0, 14.16, 13.75, 23.75, 9999.0, 22.7, 9999.0, 128.7, 133.0, 113.0, 91.0, 136.23
2025-12-11, 00:00:37, 132.18, 54.25, 23.64, 23.7, 9999.0, 14.14, 13.75, 23.75, 9999.0, 22.73, 9999.0, 128.73, 133.0, 113.0, 91.0, 136.23
2025-12-11, 00:00:41, 132.18, 54.25, 23.61, 23.7, 9999.0, 14.14, 13.75, 23.75, 9999.0, 22.75, 9999.0, 128.75, 133.0, 113.0, 91.0, 136.23
2025-12-11, 00:00:45, 132.18, 54.25, 23.61, 23.7, 9999.0, 14.11, 13.75, 23.75, 9999.0, 22.77, 9999.0, 128.77, 133.02, 113.0, 91.0, 136.23
2025-12-11, 00:00:49, 132.18, 54.25, 23.64, 23.68, 9999.0, 14.09, 13.75, 23.75, 9999.0, 22.77, 9999.0, 128.8, 133.02, 113.0, 91.0, 136.23
2025-12-11, 00:00:53, 132.2, 54.25, 23.61, 23.68, 9999.0, 14.07, 13.75, 23.75, 9999.0, 22.77, 9999.0, 128.77, 133.02, 113.0, 91.0, 136.23
2025-12-11, 00:00:57, 132.2, 54.25, 23.61, 23.7, 9999.0, 14.05, 13.75, 23.75, 9999.0, 22.8, 9999.0, 128.77, 133.02, 113.0, 91.0, 136.23
2025-12-11, 00:01:01, 132.2, 54.25, 23.61, 23.68, 9999.0, 14.02, 13.75, 23.75, 9999.0, 22.82, 9999.0, 128.73, 133.02, 113.0, 91.0, 136.23
2025-12-11, 00:01:05, 132.23, 54.25, 23.59, 23.68, 9999.0, 14.02, 13.75, 23.75, 9999.0, 22.82, 9999.0, 128.68, 133.02, 113.0, 91.0, 136.23
2025-12-11, 00:01:09, 132.2, 54.25, 23.59, 23.68, 9999.0, 14.0, 13.75, 23.75, 9999.0, 22.82, 9999.0, 128.66, 133.02, 113.0, 91.0, 136.2
2025-12-11, 00:01:13, 132.18, 54.25, 23.59, 23.68, 9999.0, 14.0, 13.75, 23.75, 9999.0, 22.82, 9999.0, 128.64, 133.02, 113.0, 91.0, 136.23
2025-12-11, 00:01:17, 132.18, 54.25, 23.59, 23.68, 9999.0, 14.02, 13.75, 23.75, 9999.0, 22.82, 9999.0, 128.61, 133.02, 113.0, 91.0, 136.23
2025-12-11, 00:01:21, 132.18, 54.25, 23.59, 23.68, 9999.0, 14.05, 13.75, 23.75, 9999.0, 22.8, 9999.0, 128.61, 133.02, 113.0, 91.0, 136.23
2025-12-11, 00:01:25, 132.18, 54.25, 23.61, 23.68, 9999.0, 14.07, 13.75, 23.75, 9999.0, 22.77, 9999.0, 128.61, 133.02, 113.0, 91.0, 136.23
2025-12-11, 00:01:29, 132.16, 54.25, 23.61, 23.66, 9999.0, 14.09, 13.75, 23.75, 9999.0, 22.75, 9999.0, 128.61, 133.0, 113.0, 91.0, 136.23
2025-12-11, 00:01:33, 132.16, 54.25, 23.59, 23.68, 9999.0, 14.11, 13.75, 23.75, 9999.0, 22.73, 9999.0, 128.64, 133.0, 113.0, 91.0, 136.23
2025-12-11, 00:01:37, 132.16, 54.25, 23.59, 23.7, 9999.0, 14.11, 13.75, 23.75, 9999.0, 22.7, 9999.0, 128.66, 133.0, 113.0, 91.0, 136.23
2025-12-11, 00:01:41, 132.16, 54.25, 23.57, 23.68, 9999.0, 14.11, 13.75, 23.75, 9999.0, 22.7, 9999.0, 128.68, 133.0, 112.98, 91.0, 136.23
2025-12-11, 00:01:45, 132.16, 54.25, 23.59, 23.68, 9999.0, 14.11, 13.75, 23.75, 9999.0, 22.7, 9999.0, 128.7, 133.0, 112.98, 91.0, 136.23
2025-12-11, 00:01:49, 132.16, 54.25, 23.59, 23.66, 9999.0, 14.11, 13.75, 23.75, 9999.0, 22.73, 9999.0, 128.75, 133.0, 112.98, 91.0, 136.23
2025-12-11, 00:01:53, 132.18, 54.25, 23.57, 23.66, 9999.0, 14.11, 13.75, 23.75, 9999.0, 22.75, 9999.0, 128.77, 133.0, 112.98, 91.0, 136.23
2025-12-11, 00:01:57, 132.2, 54.25, 23.57, 23.66, 9999.0, 14.11, 13.75, 23.75, 9999.0, 22.77, 9999.0, 128.8, 133.0, 112.98, 91.0, 136.23
2025-12-11, 00:02:01, 132.23, 54.25, 23.59, 23.66, 9999.0, 14.09, 13.75, 23.75, 9999.0, 22.8, 9999.0, 128.82, 133.0, 112.98, 91.0, 136.23
2025-12-11, 00:02:05, 132.2, 54.25, 23.59, 23.66, 9999.0, 14.07, 13.75, 23.75, 9999.0, 22.82, 9999.0, 128.82, 133.0, 112.98, 91.0, 136.23
2025-12-11, 00:02:09, 132.2, 54.25, 23.59, 23.66, 9999.0, 14.05, 13.75, 23.75, 9999.0, 22.84, 9999.0, 128.82, 133.0, 112.98, 91.0, 136.23
2025-12-11, 00:02:13, 132.23, 54.25, 23.59, 23.68, 9999.0, 14.02, 13.75, 23.75, 9999.0, 22.84, 9999.0, 128.8, 133.0, 112.98, 91.0, 136.23
2025-12-11, 00:02:17, 132.23, 54.25, 23.59, 23.68, 9999.0, 14.0, 13.75, 23.75, 9999.0, 22.86, 9999.0, 128.75, 133.0, 112.98, 91.0, 136.2
2025-12-11, 00:02:21, 132.23, 54.25, 23.59, 23.66, 9999.0, 14.0, 13.75, 23.75, 9999.0, 22.89, 9999.0, 128.73, 133.0, 112.98, 91.0, 136.2
2025-12-11, 00:02:25, 132.23, 54.25, 23.61, 23.66, 9999.0, 14.0, 13.75, 23.75, 9999.0, 22.89, 9999.0, 128.68, 133.0, 113.0, 91.0, 136.2
2025-12-11, 00:02:29, 132.23, 54.25, 23.61, 23.68, 9999.0, 14.02, 13.75, 23.75, 9999.0, 22.89, 9999.0, 128.66, 133.0, 113.0, 91.0, 136.2
2025-12-11, 00:02:33, 132.23, 54.25, 23.61, 23.7, 9999.0, 14.05, 13.75, 23.75, 9999.0, 22.86, 9999.0, 128.61, 133.0, 112.98, 91.0, 136.2
2025-12-11, 00:02:37, 132.2, 54.25, 23.61, 23.7, 9999.0, 14.07, 13.75, 23.75, 9999.0, 22.84, 9999.0, 128.61, 133.0, 112.98, 91.0, 136.23
2025-12-11, 00:02:42, 132.2, 54.25, 23.61, 23.7, 9999.0, 14.09, 13.75, 23.75, 9999.0, 22.82, 9999.0, 128.61, 133.0, 112.98, 91.0, 136.23
2025-12-11, 00:02:46, 132.18, 54.25, 23.61, 23.7, 9999.0, 14.11, 13.75, 23.75, 9999.0, 22.8, 9999.0, 128.64, 133.0, 112.98, 91.0, 136.23
2025-12-11, 00:02:50, 132.2, 54.25, 23.61, 23.7, 9999.0, 14.14, 13.75, 23.75, 9999.0, 22.75, 9999.0, 128.64, 133.0, 112.98, 91.0, 136.23
2025-12-11, 00:02:54, 132.2, 54.25, 23.59, 23.7, 9999.0, 14.14, 13.75, 23.75, 9999.0, 22.73, 9999.0, 128.64, 133.02, 112.98, 91.0, 136.23
2025-12-11, 00:02:58, 132.2, 54.25, 23.61, 23.68, 9999.0, 14.14, 13.75, 23.73, 9999.0, 22.73, 9999.0, 128.66, 133.02, 112.98, 91.0, 136.2
2025-12-11, 00:03:02, 132.18, 54.25, 23.64, 23.68, 9999.0, 14.14, 13.75, 23.73, 9999.0, 22.73, 9999.0, 128.68, 133.02, 112.98, 91.0, 136.2
2025-12-11, 00:03:06, 132.16, 54.25, 23.64, 23.7, 9999.0, 14.14, 13.75, 23.73, 9999.0, 22.75, 9999.0, 128.7, 133.02, 112.98, 91.0, 136.2
2025-12-11, 00:03:10, 132.16, 54.25, 23.61, 23.73, 9999.0, 14.14, 13.75, 23.73, 9999.0, 22.77, 9999.0, 128.73, 133.05, 112.95, 91.0, 136.2
2025-12-11, 00:03:14, 132.16, 54.27, 23.61, 23.73, 9999.0, 14.11, 13.75, 23.73, 9999.0, 22.77, 9999.0, 128.75, 133.05, 112.95, 91.0, 136.2
2025-12-11, 00:03:18, 132.16, 54.27, 23.64, 23.7, 9999.0, 14.09, 13.75, 23.73, 9999.0, 22.77, 9999.0, 128.77, 133.05, 112.98, 91.0, 136.2
2025-12-11, 00:03:22, 132.16, 54.27, 23.64, 23.68, 9999.0, 14.07, 13.75, 23.73, 9999.0, 22.77, 9999.0, 128.77, 133.05, 112.98, 91.0, 136.18
2025-12-11, 00:03:26, 132.16, 54.27, 23.64, 23.68, 9999.0, 14.05, 13.75, 23.73, 9999.0, 22.77, 9999.0, 128.77, 133.05, 112.95, 91.0, 136.16
2025-12-11, 00:03:30, 132.18, 54.27, 23.61, 23.66, 9999.0, 14.02, 13.75, 23.7, 9999.0, 22.77, 9999.0, 128.73, 133.05, 112.95, 91.0, 136.16
2025-12-11, 00:03:34, 132.18, 54.27, 23.59, 23.66, 9999.0, 14.0, 13.75, 23.7, 9999.0, 22.77, 9999.0, 128.73, 133.05, 112.95, 91.0, 136.16
2025-12-11, 00:03:38, 132.18, 54.27, 23.59, 23.66, 9999.0, 14.0, 13.75, 23.7, 9999.0, 22.75, 9999.0, 128.73, 133.02, 112.95, 91.0, 136.16
2025-12-11, 00:03:42, 132.18, 54.27, 23.57, 23.68, 9999.0, 14.02, 13.75, 23.73, 9999.0, 22.73, 9999.0, 128.7, 133.02, 112.95, 91.0, 136.18
2025-12-11, 00:03:46, 132.2, 54.27, 23.57, 23.68, 9999.0, 14.05, 13.75, 23.73, 9999.0, 22.7, 9999.0, 128.68, 133.02, 112.95, 91.0, 136.2
2025-12-11, 00:03:50, 132.23, 54.27, 23.57, 23.68, 9999.0, 14.07, 13.75, 23.73, 9999.0, 22.66, 9999.0, 128.68, 133.02, 112.95, 91.0, 136.2
2025-12-11, 00:03:54, 132.23, 54.27, 23.57, 23.68, 9999.0, 14.09, 13.75, 23.73, 9999.0, 22.61, 9999.0, 128.68, 133.0, 112.95, 91.0, 136.2
2025-12-11, 00:03:58, 132.23, 54.25, 23.55, 23.68, 9999.0, 14.09, 13.75, 23.73, 9999.0, 22.59, 9999.0, 128.68, 133.0, 112.95, 91.0, 136.2
2025-12-11, 00:04:02, 132.23, 54.25, 23.52, 23.7, 9999.0, 14.11, 13.75, 23.73, 9999.0, 22.57, 9999.0, 128.7, 133.0, 112.93, 91.0, 136.2
2025-12-11, 00:04:06, 132.23, 54.25, 23.52, 23.73, 9999.0, 14.11, 13.75, 23.73, 9999.0, 22.55, 9999.0, 128.7, 133.0, 112.93, 91.0, 136.23
2025-12-11, 00:04:10, 132.2, 54.25, 23.55, 23.73, 9999.0, 14.11, 13.75, 23.73, 9999.0, 22.55, 9999.0, 128.7, 133.0, 112.95, 91.0, 136.25
2025-12-11, 00:04:14, 132.18, 54.25, 23.57, 23.75, 9999.0, 14.11, 13.75, 23.75, 9999.0, 22.55, 9999.0, 128.73, 133.0, 112.95, 91.0, 136.25
2025-12-11, 00:04:18, 132.18, 54.25, 23.59, 23.75, 9999.0, 14.11, 13.75, 23.75, 9999.0, 22.57, 9999.0, 128.73, 133.0, 112.95, 91.0, 136.25
2025-12-11, 00:04:22, 132.18, 54.25, 23.59, 23.75, 9999.0, 14.11, 13.75, 23.75, 9999.0, 22.61, 9999.0, 128.73, 133.0, 112.95, 91.0, 136.25
2025-12-11, 00:04:26, 132.18, 54.27, 23.59, 23.75, 9999.0, 14.09, 13.75, 23.75, 9999.0, 22.66, 9999.0, 128.75, 133.0, 112.95, 91.0, 136.23
2025-12-11, 00:04:30, 132.16, 54.3, 23.59, 23.75, 9999.0, 14.07, 13.75, 23.75, 9999.0, 22.68, 9999.0, 128.77, 133.0, 112.95, 91.0, 136.2
2025-12-11, 00:04:34, 132.16, 54.3, 23.59, 23.75, 9999.0, 14.05, 13.75, 23.75, 9999.0, 22.73, 9999.0, 128.77, 133.0, 112.95, 91.0, 136.2
2025-12-11, 00:04:38, 132.16, 54.3, 23.59, 23.75, 9999.0, 14.02, 13.75, 23.75, 9999.0, 22.75, 9999.0, 128.77, 133.0, 112.98, 91.0, 136.2
2025-12-11, 00:04:42, 132.14, 54.3, 23.59, 23.75, 9999.0, 14.02, 13.75, 23.75, 9999.0, 22.77, 9999.0, 128.77, 133.0, 112.98, 91.0, 136.2
2025-12-11, 00:04:46, 132.14, 54.3, 23.61, 23.73, 9999.0, 14.0, 13.75, 23.75, 9999.0, 22.8, 9999.0, 128.73, 133.0, 113.0, 91.0, 136.2
2025-12-11, 00:04:50, 132.16, 54.3, 23.64, 23.73, 9999.0, 14.0, 13.75, 23.75, 9999.0, 22.82, 9999.0, 128.7, 133.0, 113.0, 91.0, 136.2
2025-12-11, 00:04:54, 132.18, 54.3, 23.64, 23.73, 9999.0, 14.0, 13.75, 23.75, 9999.0, 22.82, 9999.0, 128.68, 133.0, 113.0, 91.0, 136.2
2025-12-11, 00:04:58, 132.18, 54.3, 23.64, 23.73, 9999.0, 14.02, 13.75, 23.75, 9999.0, 22.82, 9999.0, 128.66, 133.0, 112.98, 91.0, 136.2
2025-12-11, 00:05:02, 132.16, 54.32, 23.61, 23.73, 9999.0, 14.05, 13.75, 23.73, 9999.0, 22.8, 9999.0, 128.64, 133.0, 112.95, 91.0, 136.2
2025-12-11, 00:05:06, 132.16, 54.32, 23.61, 23.73, 9999.0, 14.07, 13.75, 23.73, 9999.0, 22.75, 9999.0, 128.64, 133.0, 112.95, 91.0, 136.2
2025-12-11, 00:05:10, 132.16, 54.3, 23.64, 23.73, 9999.0, 14.09, 13.75, 23.73, 9999.0, 22.7, 9999.0, 128.64, 133.0, 112.93, 91.0, 136.23
2025-12-11, 00:05:14, 132.18, 54.27, 23.64, 23.73, 9999.0, 14.11, 13.75, 23.73, 9999.0, 22.68, 9999.0, 128.64, 133.0, 112.93, 91.0, 136.25
2025-12-11, 00:05:18, 132.18, 54.27, 23.66, 23.7, 9999.0, 14.14, 13.75, 23.73, 9999.0, 22.64, 9999.0, 128.66, 133.0, 112.93, 91.0, 136.25
2025-12-11, 00:05:22, 132.18, 54.27, 23.68, 23.7, 9999.0, 14.16, 13.75, 23.73, 9999.0, 22.61, 9999.0, 128.68, 133.0, 112.93, 91.0, 136.25
2025-12-11, 00:05:26, 132.2, 54.27, 23.7, 23.7, 9999.0, 14.16, 13.75, 23.73, 9999.0, 22.61, 9999.0, 128.68, 133.0, 112.93, 91.0, 136.25
2025-12-11, 00:05:30, 132.18, 54.3, 23.68, 23.73, 9999.0, 14.16, 13.75, 23.73, 9999.0, 22.61, 9999.0, 128.7, 133.0, 112.93, 91.0, 136.25
2025-12-11, 00:05:34, 132.18, 54.3, 23.68, 23.73, 9999.0, 14.16, 13.75, 23.73, 9999.0, 22.64, 9999.0, 128.73, 133.0, 112.93, 91.0, 136.25
2025-12-11, 00:05:38, 132.18, 54.3, 23.66, 23.73, 9999.0, 14.16, 13.75, 23.73, 9999.0, 22.66, 9999.0, 128.75, 133.0, 112.93, 91.0, 136.25
2025-12-11, 00:05:42, 132.2, 54.3, 23.66, 23.73, 9999.0, 14.14, 13.75, 23.73, 9999.0, 22.66, 9999.0, 128.77, 133.0, 112.95, 91.0, 136.25
2025-12-11, 00:05:46, 132.23, 54.27, 23.68, 23.73, 9999.0, 14.11, 13.75, 23.75, 9999.0, 22.68, 9999.0, 128.8, 133.0, 112.98, 91.0, 136.25
2025-12-11, 00:05:50, 132.23, 54.27, 23.7, 23.73, 9999.0, 14.09, 13.75, 23.75, 9999.0, 22.7, 9999.0, 128.8, 133.0, 112.98, 91.0, 136.25
2025-12-11, 00:05:54, 132.2, 54.27, 23.68, 23.73, 9999.0, 14.07, 13.75, 23.75, 9999.0, 22.73, 9999.0, 128.77, 133.0, 112.98, 90.98, 136.25
2025-12-11, 00:05:58, 132.2, 54.27, 23.66, 23.73, 9999.0, 14.05, 13.75, 23.75, 9999.0, 22.75, 9999.0, 128.77, 133.0, 112.98, 90.98, 136.25
2025-12-11, 00:06:02, 132.18, 54.27, 23.66, 23.73, 9999.0, 14.05, 13.75, 23.75, 9999.0, 22.75, 9999.0, 128.73, 133.0, 112.98, 90.98, 136.23
2025-12-11, 00:06:06, 132.18, 54.27, 23.66, 23.73, 9999.0, 14.02, 13.75, 23.75, 9999.0, 22.77, 9999.0, 128.68, 133.0, 112.95, 90.98, 136.23
2025-12-11, 00:06:10, 132.16, 54.27, 23.66, 23.73, 9999.0, 14.02, 13.75, 23.75, 9999.0, 22.75, 9999.0, 128.66, 133.0, 112.93, 90.98, 136.23
2025-12-11, 00:06:14, 132.18, 54.25, 23.68, 23.73, 9999.0, 14.05, 13.75, 23.75, 9999.0, 22.73, 9999.0, 128.64, 133.0, 112.93, 90.98, 136.23
2025-12-11, 00:06:18, 132.18, 54.25, 23.66, 23.73, 9999.0, 14.07, 13.75, 23.75, 9999.0, 22.68, 9999.0, 128.64, 133.0, 112.91, 90.98, 136.23
2025-12-11, 00:06:23, 132.16, 54.25, 23.66, 23.73, 9999.0, 14.09, 13.75, 23.75, 9999.0, 22.66, 9999.0, 128.64, 133.0, 112.89, 90.98, 136.23
2025-12-11, 00:06:27, 132.16, 54.25, 23.66, 23.73, 9999.0, 14.11, 13.75, 23.75, 9999.0, 22.64, 9999.0, 128.64, 133.0, 112.89, 90.98, 136.23
2025-12-11, 00:06:31, 132.16, 54.25, 23.66, 23.73, 9999.0, 14.14, 13.75, 23.75, 9999.0, 22.61, 9999.0, 128.66, 133.0, 112.89, 90.98, 136.23
2025-12-11, 00:06:35, 132.16, 54.25, 23.66, 23.73, 9999.0, 14.14, 13.75, 23.75, 9999.0, 22.59, 9999.0, 128.66, 133.0, 112.89, 90.98, 136.23
2025-12-11, 00:06:39, 132.16, 54.25, 23.68, 23.73, 9999.0, 14.16, 13.75, 23.75, 9999.0, 22.59, 9999.0, 128.68, 133.0, 112.91, 91.0, 136.23
2025-12-11, 00:06:43, 132.16, 54.25, 23.7, 23.73, 9999.0, 14.16, 13.75, 23.75, 9999.0, 22.59, 9999.0, 128.68, 133.0, 112.91, 91.0, 136.23
2025-12-11, 00:06:47, 132.16, 54.25, 23.7, 23.75, 9999.0, 14.14, 13.75, 23.75, 9999.0, 22.61, 9999.0, 128.7, 133.0, 112.91, 91.0, 136.25
2025-12-11, 00:06:51, 132.14, 54.25, 23.7, 23.75, 9999.0, 14.14, 13.75, 23.75, 9999.0, 22.61, 9999.0, 128.73, 133.0, 112.93, 91.0, 136.25
2025-12-11, 00:06:55, 132.16, 54.25, 23.7, 23.75, 9999.0, 14.14, 13.75, 23.75, 9999.0, 22.64, 9999.0, 128.75, 133.0, 112.95, 91.0, 136.25
2025-12-11, 00:06:59, 132.16, 54.27, 23.68, 23.75, 9999.0, 14.11, 13.75, 23.75, 9999.0, 22.66, 9999.0, 128.77, 133.0, 112.95, 91.0, 136.25
2025-12-11, 00:07:03, 132.16, 54.27, 23.68, 23.75, 9999.0, 14.09, 13.75, 23.75, 9999.0, 22.68, 9999.0, 128.77, 133.0, 112.98, 91.0, 136.25
2025-12-11, 00:07:07, 132.18, 54.27, 23.68, 23.75, 9999.0, 14.07, 13.75, 23.75, 9999.0, 22.68, 9999.0, 128.77, 133.0, 113.0, 91.0, 136.25
2025-12-11, 00:07:11, 132.18, 54.27, 23.66, 23.75, 9999.0, 14.05, 13.75, 23.75, 9999.0, 22.7, 9999.0, 128.77, 133.0, 113.0, 91.0, 136.25
2025-12-11, 00:07:15, 132.18, 54.27, 23.64, 23.75, 9999.0, 14.02, 13.75, 23.75, 9999.0, 22.73, 9999.0, 128.75, 133.0, 113.0, 91.0, 136.25
2025-12-11, 00:07:19, 132.18, 54.27, 23.61, 23.75, 9999.0, 14.05, 13.75, 23.75, 9999.0, 22.75, 9999.0, 128.73, 133.0, 113.0, 91.0, 136.25
2025-12-11, 00:07:23, 132.18, 54.27, 23.61, 23.75, 9999.0, 14.02, 13.75, 23.75, 9999.0, 22.75, 9999.0, 128.7, 133.0, 113.0, 91.0, 136.25
2025-12-11, 00:07:27, 132.18, 54.3, 23.59, 23.75, 9999.0, 14.05, 13.75, 23.75, 9999.0, 22.73, 9999.0, 128.68, 133.0, 113.0, 91.0, 136.25
2025-12-11, 00:07:31, 132.2, 54.3, 23.59, 23.75, 9999.0, 14.07, 13.75, 23.75, 9999.0, 22.7, 9999.0, 128.66, 133.0, 113.0, 91.0, 136.25
2025-12-11, 00:07:35, 132.23, 54.3, 23.57, 23.75, 9999.0, 14.09, 13.75, 23.75, 9999.0, 22.68, 9999.0, 128.66, 133.0, 113.0, 91.0, 136.25
2025-12-11, 00:07:39, 132.23, 54.3, 23.55, 23.75, 9999.0, 14.11, 13.75, 23.75, 9999.0, 22.66, 9999.0, 128.66, 133.0, 113.0, 91.0, 136.25
2025-12-11, 00:07:43, 132.2, 54.27, 23.55, 23.75, 9999.0, 14.14, 13.75, 23.75, 9999.0, 22.64, 9999.0, 128.66, 133.0, 113.0, 91.0, 136.25
2025-12-11, 00:07:47, 132.2, 54.27, 23.57, 23.75, 9999.0, 14.16, 13.77, 23.75, 9999.0, 22.61, 9999.0, 128.68, 133.0, 113.0, 91.0, 136.25
2025-12-11, 00:07:51, 132.2, 54.27, 23.59, 23.75, 9999.0, 14.16, 13.77, 23.75, 9999.0, 22.59, 9999.0, 128.7, 133.0, 113.0, 91.0, 136.25
2025-12-11, 00:07:55, 132.2, 54.27, 23.59, 23.73, 9999.0, 14.18, 13.77, 23.75, 9999.0, 22.59, 9999.0, 128.7, 133.0, 113.0, 91.0, 136.25
2025-12-11, 00:07:59, 132.2, 54.27, 23.59, 23.73, 9999.0, 14.2, 13.77, 23.75, 9999.0, 22.59, 9999.0, 128.7, 133.0, 113.0, 91.0, 136.25
2025-12-11, 00:08:03, 132.2, 54.27, 23.61, 23.73, 9999.0, 14.18, 13.77, 23.75, 9999.0, 22.59, 9999.0, 128.73, 133.0, 112.98, 91.0, 136.25
2025-12-11, 00:08:07, 132.23, 54.27, 23.61, 23.73, 9999.0, 14.18, 13.77, 23.75, 9999.0, 22.59, 9999.0, 128.75, 133.0, 112.98, 91.0, 136.25
2025-12-11, 00:08:11, 132.23, 54.25, 23.64, 23.73, 9999.0, 14.16, 13.77, 23.75, 9999.0, 22.61, 9999.0, 128.77, 133.0, 112.98, 91.0, 136.25
2025-12-11, 00:08:15, 132.23, 54.25, 23.61, 23.73, 9999.0, 14.14, 13.77, 23.75, 9999.0, 22.64, 9999.0, 128.8, 133.0, 112.98, 91.0, 136.25
2025-12-11, 00:08:19, 132.23, 54.25, 23.61, 23.73, 9999.0, 14.11, 13.77, 23.75, 9999.0, 22.66, 9999.0, 128.8, 133.0, 112.98, 91.0, 136.25
2025-12-11, 00:08:23, 132.2, 54.25, 23.64, 23.73, 9999.0, 14.09, 13.77, 23.75, 9999.0, 22.66, 9999.0, 128.77, 133.0, 112.98, 91.0, 136.25
2025-12-11, 00:08:27, 132.23, 54.25, 23.64, 23.73, 9999.0, 14.07, 13.77, 23.75, 9999.0, 22.66, 9999.0, 128.77, 133.0, 112.98, 91.0, 136.25
2025-12-11, 00:08:31, 132.23, 54.25, 23.61, 23.73, 9999.0, 14.05, 13.75, 23.75, 9999.0, 22.66, 9999.0, 128.73, 133.0, 112.98, 91.0, 136.25
2025-12-11, 00:08:35, 132.23, 54.25, 23.59, 23.73, 9999.0, 14.07, 13.75, 23.75, 9999.0, 22.66, 9999.0, 128.68, 133.0, 112.98, 91.0, 136.25
2025-12-11, 00:08:39, 132.23, 54.25, 23.59, 23.75, 9999.0, 14.05, 13.75, 23.75, 9999.0, 22.64, 9999.0, 128.66, 133.0, 112.98, 91.0, 136.25
2025-12-11, 00:08:43, 132.23, 54.25, 23.61, 23.75, 9999.0, 14.05, 13.75, 23.75, 9999.0, 22.61, 9999.0, 128.64, 133.0, 112.98, 91.0, 136.25
2025-12-11, 00:08:47, 132.23, 54.25, 23.61, 23.75, 9999.0, 14.07, 13.77, 23.75, 9999.0, 22.59, 9999.0, 128.61, 133.0, 113.0, 91.0, 136.25
2025-12-11, 00:08:51, 132.23, 54.25, 23.61, 23.75, 9999.0, 14.09, 13.77, 23.75, 9999.0, 22.57, 9999.0, 128.61, 133.0, 113.0, 91.0, 136.25
2025-12-11, 00:08:55, 132.23, 54.25, 23.59, 23.75, 9999.0, 14.11, 13.77, 23.75, 9999.0, 22.55, 9999.0, 128.61, 133.0, 113.0, 91.0, 136.25
2025-12-11, 00:08:59, 132.23, 54.25, 23.59, 23.75, 9999.0, 14.14, 13.77, 23.75, 9999.0, 22.52, 9999.0, 128.64, 133.0, 113.0, 91.0, 136.25
2025-12-11, 00:09:03, 132.23, 54.25, 23.59, 23.75, 9999.0, 14.14, 13.77, 23.75, 9999.0, 22.5, 9999.0, 128.66, 133.0, 113.0, 91.0, 136.25
2025-12-11, 00:09:07, 132.25, 54.25, 23.59, 23.75, 9999.0, 14.16, 13.8, 23.75, 9999.0, 22.5, 9999.0, 128.7, 133.0, 113.0, 91.0, 136.25
2025-12-11, 00:09:11, 132.25, 54.25, 23.61, 23.75, 9999.0, 14.18, 13.8, 23.75, 9999.0, 22.5, 9999.0, 128.7, 133.0, 113.0, 91.0, 136.25
2025-12-11, 00:09:15, 132.25, 54.27, 23.64, 23.75, 9999.0, 14.18, 13.8, 23.75, 9999.0, 22.5, 9999.0, 128.73, 133.0, 113.0, 91.0, 136.25
2025-12-11, 00:09:19, 132.25, 54.27, 23.66, 23.75, 9999.0, 14.16, 13.82, 23.75, 9999.0, 22.52, 9999.0, 128.75, 133.0, 113.0, 91.0, 136.25
2025-12-11, 00:09:23, 132.25, 54.27, 23.68, 23.75, 9999.0, 14.16, 13.84, 23.75, 9999.0, 22.55, 9999.0, 128.77, 133.0, 113.0, 91.0, 136.25
2025-12-11, 00:09:27, 132.25, 54.27, 23.66, 23.75, 9999.0, 14.14, 13.84, 23.75, 9999.0, 22.57, 9999.0, 128.8, 133.0, 113.0, 91.0, 136.25
2025-12-11, 00:09:31, 132.25, 54.27, 23.66, 23.75, 9999.0, 14.11, 13.84, 23.75, 9999.0, 22.59, 9999.0, 128.82, 133.0, 113.0, 91.0, 136.25
2025-12-11, 00:09:35, 132.25, 54.3, 23.66, 23.75, 9999.0, 14.09, 13.84, 23.75, 9999.0, 22.59, 9999.0, 128.82, 133.0, 113.0, 91.0, 136.25
2025-12-11, 00:09:39, 132.25, 54.3, 23.68, 23.75, 9999.0, 14.07, 13.84, 23.75, 9999.0, 22.59, 9999.0, 128.82, 133.0, 113.0, 91.0, 136.25
2025-12-11, 00:09:43, 132.25, 54.3, 23.7, 23.75, 9999.0, 14.05, 13.84, 23.75, 9999.0, 22.59, 9999.0, 128.8, 133.0, 113.0, 91.0, 136.25
2025-12-11, 00:09:47, 132.23, 54.3, 23.73, 23.75, 9999.0, 14.07, 13.86, 23.75, 9999.0, 22.59, 9999.0, 128.75, 133.0, 113.0, 91.0, 136.25
2025-12-11, 00:09:51, 132.23, 54.3, 23.73, 23.75, 9999.0, 14.05, 13.84, 23.75, 9999.0, 22.59, 9999.0, 128.7, 133.0, 112.98, 90.98, 136.25
2025-12-11, 00:09:55, 132.2, 54.3, 23.73, 23.75, 9999.0, 14.05, 13.84, 23.75, 9999.0, 22.59, 9999.0, 128.68, 133.0, 112.98, 90.98, 136.25
2025-12-11, 00:09:59, 132.2, 54.27, 23.7, 23.75, 9999.0, 14.07, 13.84, 23.75, 9999.0, 22.59, 9999.0, 128.68, 133.0, 112.98, 90.98, 136.25
2025-12-11, 00:10:03, 132.2, 54.3, 23.7, 23.75, 9999.0, 14.09, 13.82, 23.75, 9999.0, 22.57, 9999.0, 128.68, 133.0, 112.98, 90.98, 136.25
2025-12-11, 00:10:07, 132.2, 54.3, 23.68, 23.75, 9999.0, 14.11, 13.8, 23.75, 9999.0, 22.55, 9999.0, 128.68, 133.0, 112.98, 90.98, 136.25
2025-12-11, 00:10:12, 132.2, 54.32, 23.7, 23.73, 9999.0, 14.14, 13.8, 23.75, 9999.0, 22.52, 9999.0, 128.7, 133.0, 112.98, 90.98, 136.25
2025-12-11, 00:10:16, 132.2, 54.34, 23.7, 23.73, 9999.0, 14.16, 13.8, 23.75, 9999.0, 22.5, 9999.0, 128.73, 133.0, 112.98, 90.98, 136.25
2025-12-11, 00:10:20, 132.2, 54.32, 23.7, 23.73, 9999.0, 14.18, 13.8, 23.75, 9999.0, 22.48, 9999.0, 128.75, 133.0, 112.98, 90.98, 136.25
2025-12-11, 00:10:24, 132.2, 54.32, 23.7, 23.73, 9999.0, 14.18, 13.82, 23.75, 9999.0, 22.5, 9999.0, 128.77, 133.0, 112.98, 90.98, 136.23
2025-12-11, 00:10:28, 132.2, 54.32, 23.68, 23.73, 9999.0, 14.18, 13.84, 23.75, 9999.0, 22.5, 9999.0, 128.8, 133.0, 112.95, 90.98, 136.23
2025-12-11, 00:10:32, 132.23, 54.32, 23.68, 23.73, 9999.0, 14.16, 13.84, 23.75, 9999.0, 22.52, 9999.0, 128.82, 133.0, 112.95, 90.98, 136.23
2025-12-11, 00:10:36, 132.23, 54.32, 23.68, 23.73, 9999.0, 14.18, 13.84, 23.75, 9999.0, 22.55, 9999.0, 128.84, 133.0, 112.98, 91.0, 136.23
2025-12-11, 00:10:40, 132.23, 54.32, 23.68, 23.73, 9999.0, 14.16, 13.86, 23.75, 9999.0, 22.57, 9999.0, 128.86, 133.0, 112.98, 91.0, 136.23
2025-12-11, 00:10:44, 132.23, 54.34, 23.7, 23.73, 9999.0, 14.14, 13.86, 23.75, 9999.0, 22.59, 9999.0, 128.86, 133.0, 112.95, 91.0, 136.23
2025-12-11, 00:10:48, 132.23, 54.34, 23.7, 23.73, 9999.0, 14.11, 13.89, 23.75, 9999.0, 22.59, 9999.0, 128.86, 133.0, 112.95, 91.0, 136.2
2025-12-11, 00:10:52, 132.23, 54.36, 23.73, 23.73, 9999.0, 14.09, 13.89, 23.75, 9999.0, 22.59, 9999.0, 128.86, 133.0, 112.95, 91.0, 136.2
2025-12-11, 00:10:56, 132.23, 54.36, 23.73, 23.75, 9999.0, 14.07, 13.89, 23.75, 9999.0, 22.59, 9999.0, 128.84, 133.0, 112.95, 91.0, 136.2
2025-12-11, 00:11:00, 132.23, 54.36, 23.7, 23.75, 9999.0, 14.05, 13.86, 23.75, 9999.0, 22.59, 9999.0, 128.82, 133.0, 112.95, 91.0, 136.2
2025-12-11, 00:11:04, 132.23, 54.36, 23.68, 23.75, 9999.0, 14.02, 13.86, 23.75, 9999.0, 22.61, 9999.0, 128.8, 133.0, 112.95, 91.0, 136.2
2025-12-11, 00:11:08, 132.23, 54.36, 23.66, 23.75, 9999.0, 14.02, 13.84, 23.75, 9999.0, 22.59, 9999.0, 128.77, 133.0, 112.95, 91.0, 136.23
2025-12-11, 00:11:12, 132.23, 54.36, 23.66, 23.75, 9999.0, 14.05, 13.82, 23.75, 9999.0, 22.59, 9999.0, 128.73, 133.0, 112.98, 91.0, 136.23
2025-12-11, 00:11:16, 132.23, 54.39, 23.66, 23.75, 9999.0, 14.07, 13.8, 23.75, 9999.0, 22.57, 9999.0, 128.7, 133.0, 112.95, 91.0, 136.23
2025-12-11, 00:11:20, 132.23, 54.41, 23.64, 23.75, 9999.0, 14.07, 13.82, 23.75, 9999.0, 22.55, 9999.0, 128.7, 133.0, 112.95, 91.0, 136.23
2025-12-11, 00:11:24, 132.25, 54.41, 23.64, 23.75, 9999.0, 14.09, 13.82, 23.75, 9999.0, 22.52, 9999.0, 128.7, 133.0, 112.93, 91.0, 136.23
2025-12-11, 00:11:28, 132.25, 54.41, 23.64, 23.75, 9999.0, 14.11, 13.84, 23.75, 9999.0, 22.5, 9999.0, 128.73, 133.0, 112.95, 91.0, 136.23
2025-12-11, 00:11:32, 132.25, 54.39, 23.64, 23.75, 9999.0, 14.14, 13.82, 23.75, 9999.0, 22.5, 9999.0, 128.75, 133.0, 112.95, 91.0, 136.25
2025-12-11, 00:11:36, 132.25, 54.36, 23.64, 23.75, 9999.0, 14.14, 13.82, 23.75, 9999.0, 22.5, 9999.0, 128.77, 133.0, 112.95, 91.0, 136.25
2025-12-11, 00:11:40, 132.25, 54.34, 23.61, 23.75, 9999.0, 14.16, 13.82, 23.75, 9999.0, 22.5, 9999.0, 128.8, 133.0, 112.95, 91.0, 136.25
2025-12-11, 00:11:44, 132.25, 54.32, 23.64, 23.75, 9999.0, 14.16, 13.82, 23.75, 9999.0, 22.5, 9999.0, 128.8, 133.0, 112.93, 91.0, 136.25
2025-12-11, 00:11:48, 132.23, 54.34, 23.66, 23.75, 9999.0, 14.16, 13.82, 23.75, 9999.0, 22.52, 9999.0, 128.82, 133.0, 112.91, 91.0, 136.25
2025-12-11, 00:11:52, 132.2, 54.34, 23.68, 23.75, 9999.0, 14.16, 13.82, 23.75, 9999.0, 22.55, 9999.0, 128.82, 133.0, 112.89, 91.0, 136.25
2025-12-11, 00:11:56, 132.2, 54.34, 23.7, 23.75, 9999.0, 14.14, 13.82, 23.75, 9999.0, 22.57, 9999.0, 128.84, 133.0, 112.89, 91.0, 136.25
2025-12-11, 00:12:00, 132.2, 54.32, 23.7, 23.75, 9999.0, 14.11, 13.84, 23.75, 9999.0, 22.59, 9999.0, 128.86, 133.0, 112.91, 91.0, 136.25
2025-12-11, 00:12:04, 132.2, 54.3, 23.7, 23.75, 9999.0, 14.09, 13.82, 23.75, 9999.0, 22.61, 9999.0, 128.86, 133.0, 112.91, 90.98, 136.25
2025-12-11, 00:12:08, 132.18, 54.3, 23.7, 23.75, 9999.0, 14.07, 13.82, 23.75, 9999.0, 22.61, 9999.0, 128.86, 133.0, 112.91, 90.98, 136.25
2025-12-11, 00:12:12, 132.16, 54.27, 23.7, 23.75, 9999.0, 14.05, 13.8, 23.75, 9999.0, 22.64, 9999.0, 128.82, 133.0, 112.91, 90.98, 136.25
2025-12-11, 00:12:16, 132.16, 54.3, 23.7, 23.75, 9999.0, 14.02, 13.82, 23.75, 9999.0, 22.66, 9999.0, 128.8, 133.0, 112.89, 90.98, 136.25
2025-12-11, 00:12:20, 132.16, 54.3, 23.7, 23.75, 9999.0, 14.02, 13.82, 23.75, 9999.0, 22.66, 9999.0, 128.75, 133.0, 112.89, 90.98, 136.27
2025-12-11, 00:12:24, 132.16, 54.32, 23.73, 23.75, 9999.0, 14.02, 13.82, 23.75, 9999.0, 22.66, 9999.0, 128.73, 133.0, 112.89, 90.98, 136.27
2025-12-11, 00:12:28, 132.16, 54.32, 23.73, 23.75, 9999.0, 14.05, 13.84, 23.75, 9999.0, 22.66, 9999.0, 128.7, 133.0, 112.89, 90.98, 136.27
2025-12-11, 00:12:32, 132.18, 54.3, 23.73, 23.75, 9999.0, 14.07, 13.86, 23.75, 9999.0, 22.64, 9999.0, 128.66, 133.0, 112.91, 90.98, 136.27
2025-12-11, 00:12:36, 132.2, 54.3, 23.7, 23.75, 9999.0, 14.09, 13.89, 23.75, 9999.0, 22.61, 9999.0, 128.66, 133.0, 112.91, 90.98, 136.27
2025-12-11, 00:12:40, 132.2, 54.3, 23.7, 23.75, 9999.0, 14.11, 13.89, 23.75, 9999.0, 22.59, 9999.0, 128.66, 133.0, 112.89, 90.98, 136.27
2025-12-11, 00:12:44, 132.2, 54.32, 23.7, 23.75, 9999.0, 14.14, 13.86, 23.75, 9999.0, 22.57, 9999.0, 128.68, 133.0, 112.86, 90.98, 136.27
2025-12-11, 00:12:48, 132.2, 54.32, 23.73, 23.75, 9999.0, 14.16, 13.89, 23.75, 9999.0, 22.55, 9999.0, 128.7, 133.0, 112.84, 91.0, 136.27
2025-12-11, 00:12:52, 132.23, 54.32, 23.73, 23.75, 9999.0, 14.18, 13.89, 23.75, 9999.0, 22.55, 9999.0, 128.7, 133.0, 112.84, 91.0, 136.27
2025-12-11, 00:12:56, 132.25, 54.32, 23.73, 23.75, 9999.0, 14.18, 13.91, 23.75, 9999.0, 22.55, 9999.0, 128.73, 133.0, 112.82, 91.0, 136.27
2025-12-11, 00:13:00, 132.25, 54.3, 23.73, 23.75, 9999.0, 14.18, 13.91, 23.75, 9999.0, 22.55, 9999.0, 128.73, 133.0, 112.82, 91.0, 136.27
2025-12-11, 00:13:04, 132.25, 54.3, 23.73, 23.75, 9999.0, 14.18, 13.93, 23.75, 9999.0, 22.59, 9999.0, 128.75, 133.0, 112.8, 91.0, 136.25
2025-12-11, 00:13:08, 132.25, 54.27, 23.7, 23.75, 9999.0, 14.18, 13.95, 23.75, 9999.0, 22.64, 9999.0, 128.75, 133.0, 112.8, 91.0, 136.25
2025-12-11, 00:13:12, 132.25, 54.27, 23.7, 23.75, 9999.0, 14.16, 13.93, 23.75, 9999.0, 22.68, 9999.0, 128.77, 133.0, 112.82, 91.0, 136.25
2025-12-11, 00:13:16, 132.25, 54.3, 23.7, 23.75, 9999.0, 14.14, 13.91, 23.75, 9999.0, 22.73, 9999.0, 128.8, 133.0, 112.82, 91.0, 136.25
2025-12-11, 00:13:20, 132.25, 54.3, 23.73, 23.75, 9999.0, 14.11, 13.89, 23.75, 9999.0, 22.77, 9999.0, 128.8, 133.0, 112.82, 91.0, 136.25
2025-12-11, 00:13:24, 132.25, 54.3, 23.73, 23.75, 9999.0, 14.09, 13.89, 23.75, 9999.0, 22.8, 9999.0, 128.77, 133.0, 112.82, 91.0, 136.25
2025-12-11, 00:13:28, 132.25, 54.27, 23.73, 23.75, 9999.0, 14.07, 13.91, 23.75, 9999.0, 22.82, 9999.0, 128.75, 133.0, 112.82, 91.0, 136.25
2025-12-11, 00:13:32, 132.25, 54.27, 23.73, 23.75, 9999.0, 14.05, 13.91, 23.75, 9999.0, 22.84, 9999.0, 128.7, 133.0, 112.82, 91.0, 136.25
2025-12-11, 00:13:36, 132.25, 54.27, 23.73, 23.75, 9999.0, 14.02, 13.89, 23.75, 9999.0, 22.86, 9999.0, 128.68, 133.0, 112.82, 90.98, 136.25
2025-12-11, 00:13:40, 132.25, 54.27, 23.73, 23.75, 9999.0, 14.05, 13.86, 23.75, 9999.0, 22.86, 9999.0, 128.66, 133.0, 112.82, 90.98, 136.25
2025-12-11, 00:13:44, 132.23, 54.27, 23.7, 23.75, 9999.0, 14.09, 13.86, 23.75, 9999.0, 22.86, 9999.0, 128.64, 133.0, 112.84, 90.98, 136.25
2025-12-11, 00:13:48, 132.23, 54.27, 23.7, 23.75, 9999.0, 14.11, 13.86, 23.75, 9999.0, 22.84, 9999.0, 128.64, 133.0, 112.84, 90.98, 136.25
2025-12-11, 00:13:53, 132.23, 54.27, 23.73, 23.75, 9999.0, 14.11, 13.84, 23.75, 9999.0, 22.82, 9999.0, 128.64, 133.0, 112.84, 90.98, 136.25
2025-12-11, 00:13:57, 132.23, 54.27, 23.73, 23.75, 9999.0, 14.14, 13.84, 23.75, 9999.0, 22.8, 9999.0, 128.64, 133.0, 112.82, 90.98, 136.25
2025-12-11, 00:14:01, 132.23, 54.25, 23.73, 23.75, 9999.0, 14.16, 13.86, 23.75, 9999.0, 22.77, 9999.0, 128.66, 133.0, 112.82, 90.98, 136.25
2025-12-11, 00:14:05, 132.23, 54.25, 23.73, 23.75, 9999.0, 14.16, 13.89, 23.75, 9999.0, 22.73, 9999.0, 128.66, 133.0, 112.82, 90.98, 136.25
2025-12-11, 00:14:09, 132.23, 54.25, 23.73, 23.75, 9999.0, 14.18, 13.91, 23.75, 9999.0, 22.73, 9999.0, 128.7, 133.0, 112.84, 90.98, 136.25
2025-12-11, 00:14:13, 132.23, 54.27, 23.73, 23.75, 9999.0, 14.2, 13.91, 23.75, 9999.0, 22.73, 9999.0, 128.7, 133.0, 112.86, 90.98, 136.25
2025-12-11, 00:14:17, 132.23, 54.3, 23.73, 23.75, 9999.0, 14.2, 13.89, 23.75, 9999.0, 22.73, 9999.0, 128.73, 133.0, 112.86, 90.95, 136.25
2025-12-11, 00:14:21, 132.23, 54.3, 23.73, 23.75, 9999.0, 14.2, 13.91, 23.75, 9999.0, 22.75, 9999.0, 128.75, 133.0, 112.89, 90.98, 136.25
2025-12-11, 00:14:25, 132.23, 54.32, 23.73, 23.75, 9999.0, 14.18, 13.91, 23.75, 9999.0, 22.77, 9999.0, 128.77, 133.0, 112.91, 90.98, 136.25
2025-12-11, 00:14:29, 132.23, 54.32, 23.75, 23.75, 9999.0, 14.14, 13.89, 23.75, 9999.0, 22.8, 9999.0, 128.8, 133.02, 112.89, 90.98, 136.25
2025-12-11, 00:14:33, 132.23, 54.32, 23.75, 23.75, 9999.0, 14.11, 13.86, 23.75, 9999.0, 22.8, 9999.0, 128.8, 133.02, 112.89, 90.98, 136.25
2025-12-11, 00:14:37, 132.23, 54.32, 23.75, 23.75, 9999.0, 14.09, 13.86, 23.75, 9999.0, 22.8, 9999.0, 128.8, 133.02, 112.89, 90.98, 136.25
2025-12-11, 00:14:41, 132.23, 54.32, 23.75, 23.75, 9999.0, 14.07, 13.89, 23.75, 9999.0, 22.8, 9999.0, 128.8, 133.02, 112.89, 90.98, 136.25
2025-12-11, 00:14:45, 132.23, 54.32, 23.73, 23.75, 9999.0, 14.05, 13.86, 23.75, 9999.0, 22.8, 9999.0, 128.75, 133.02, 112.89, 90.98, 136.25
2025-12-11, 00:14:49, 132.23, 54.32, 23.73, 23.75, 9999.0, 14.07, 13.84, 23.75, 9999.0, 22.82, 9999.0, 128.73, 133.02, 112.89, 90.98, 136.25
2025-12-11, 00:14:53, 132.23, 54.34, 23.73, 23.75, 9999.0, 14.05, 13.82, 23.75, 9999.0, 22.82, 9999.0, 128.68, 133.02, 112.86, 90.98, 136.25
2025-12-11, 00:14:57, 132.23, 54.32, 23.73, 23.75, 9999.0, 14.05, 13.8, 23.75, 9999.0, 22.82, 9999.0, 128.66, 133.02, 112.84, 90.98, 136.25
2025-12-11, 00:15:01, 132.23, 54.3, 23.73, 23.75, 9999.0, 14.07, 13.82, 23.75, 9999.0, 22.82, 9999.0, 128.64, 133.02, 112.86, 91.0, 136.25
2025-12-11, 00:15:05, 132.23, 54.3, 23.73, 23.75, 9999.0, 14.09, 13.82, 23.75, 9999.0, 22.8, 9999.0, 128.64, 133.02, 112.86, 91.0, 136.25
2025-12-11, 00:15:09, 132.23, 54.27, 23.73, 23.75, 9999.0, 14.11, 13.82, 23.75, 9999.0, 22.77, 9999.0, 128.64, 133.02, 112.84, 91.0, 136.25
2025-12-11, 00:15:13, 132.25, 54.27, 23.73, 23.75, 9999.0, 14.14, 13.84, 23.75, 9999.0, 22.75, 9999.0, 128.64, 133.0, 112.84, 91.0, 136.25
2025-12-11, 00:15:17, 132.25, 54.3, 23.73, 23.75, 9999.0, 14.16, 13.86, 23.75, 9999.0, 22.75, 9999.0, 128.64, 133.0, 112.84, 91.0, 136.25
2025-12-11, 00:15:21, 132.25, 54.32, 23.73, 23.75, 9999.0, 14.18, 13.89, 23.75, 9999.0, 22.75, 9999.0, 128.66, 133.0, 112.82, 91.0, 136.25
2025-12-11, 00:15:25, 132.25, 54.32, 23.73, 23.75, 9999.0, 14.18, 13.89, 23.75, 9999.0, 22.75, 9999.0, 128.66, 133.0, 112.84, 91.0, 136.25
2025-12-11, 00:15:29, 132.25, 54.32, 23.75, 23.75, 9999.0, 14.18, 13.91, 23.75, 9999.0, 22.75, 9999.0, 128.68, 133.0, 112.82, 91.0, 136.25
2025-12-11, 00:15:33, 132.25, 54.34, 23.75, 23.75, 9999.0, 14.18, 13.91, 23.75, 9999.0, 22.77, 9999.0, 128.7, 133.0, 112.82, 91.0, 136.25
2025-12-11, 00:15:37, 132.25, 54.34, 23.75, 23.75, 9999.0, 14.2, 13.91, 23.75, 9999.0, 22.8, 9999.0, 128.73, 133.0, 112.82, 91.0, 136.25
2025-12-11, 00:15:41, 132.25, 54.36, 23.75, 23.75, 9999.0, 14.18, 13.91, 23.75, 9999.0, 22.82, 9999.0, 128.75, 133.0, 112.82, 91.0, 136.25
2025-12-11, 00:15:45, 132.25, 54.39, 23.75, 23.75, 9999.0, 14.16, 13.91, 23.75, 9999.0, 22.84, 9999.0, 128.77, 133.0, 112.8, 91.0, 136.25
2025-12-11, 00:15:49, 132.25, 54.39, 23.75, 23.75, 9999.0, 14.14, 13.89, 23.75, 9999.0, 22.86, 9999.0, 128.77, 133.0, 112.77, 91.0, 136.25
2025-12-11, 00:15:53, 132.25, 54.39, 23.75, 23.75, 9999.0, 14.11, 13.89, 23.75, 9999.0, 22.89, 9999.0, 128.77, 133.0, 112.77, 91.0, 136.25
2025-12-11, 00:15:57, 132.25, 54.41, 23.75, 23.75, 9999.0, 14.09, 13.86, 23.75, 9999.0, 22.89, 9999.0, 128.75, 133.0, 112.77, 90.98, 136.25
2025-12-11, 00:16:01, 132.25, 54.39, 23.75, 23.75, 9999.0, 14.07, 13.84, 23.75, 9999.0, 22.89, 9999.0, 128.73, 133.0, 112.8, 90.98, 136.25
2025-12-11, 00:16:05, 132.25, 54.36, 23.75, 23.75, 9999.0, 14.07, 13.84, 23.75, 9999.0, 22.89, 9999.0, 128.68, 133.0, 112.8, 90.98, 136.25
2025-12-11, 00:16:09, 132.25, 54.39, 23.75, 23.75, 9999.0, 14.09, 13.82, 23.75, 9999.0, 22.89, 9999.0, 128.66, 133.0, 112.77, 90.98, 136.23
2025-12-11, 00:16:13, 132.25, 54.41, 23.75, 23.75, 9999.0, 14.11, 13.82, 23.75, 9999.0, 22.89, 9999.0, 128.64, 133.0, 112.77, 90.98, 136.23
2025-12-11, 00:16:17, 132.25, 54.39, 23.75, 23.75, 9999.0, 14.11, 13.82, 23.75, 9999.0, 22.86, 9999.0, 128.61, 133.0, 112.77, 90.98, 136.23
2025-12-11, 00:16:21, 132.25, 54.39, 23.75, 23.75, 9999.0, 14.11, 13.84, 23.75, 9999.0, 22.84, 9999.0, 128.61, 133.0, 112.77, 90.98, 136.23
2025-12-11, 00:16:25, 132.25, 54.39, 23.73, 23.75, 9999.0, 14.14, 13.84, 23.75, 9999.0, 22.82, 9999.0, 128.61, 133.0, 112.8, 90.98, 136.23
2025-12-11, 00:16:29, 132.25, 54.36, 23.73, 23.75, 9999.0, 14.16, 13.82, 23.75, 9999.0, 22.8, 9999.0, 128.61, 133.0, 112.82, 90.98, 136.23
2025-12-11, 00:16:33, 132.25, 54.39, 23.7, 23.75, 9999.0, 14.18, 13.82, 23.75, 9999.0, 22.77, 9999.0, 128.64, 133.0, 112.84, 90.98, 136.23
2025-12-11, 00:16:37, 132.25, 54.41, 23.7, 23.75, 9999.0, 14.18, 13.84, 23.75, 9999.0, 22.75, 9999.0, 128.64, 133.0, 112.84, 90.98, 136.23
2025-12-11, 00:16:41, 132.25, 54.39, 23.7, 23.75, 9999.0, 14.2, 13.86, 23.75, 9999.0, 22.77, 9999.0, 128.66, 133.0, 112.84, 91.0, 136.23
2025-12-11, 00:16:45, 132.25, 54.39, 23.7, 23.75, 9999.0, 14.23, 13.86, 23.75, 9999.0, 22.8, 9999.0, 128.68, 133.0, 112.84, 91.0, 136.23
2025-12-11, 00:16:49, 132.25, 54.41, 23.7, 23.75, 9999.0, 14.2, 13.84, 23.75, 9999.0, 22.84, 9999.0, 128.7, 133.0, 112.86, 90.98, 136.23
2025-12-11, 00:16:53, 132.25, 54.41, 23.7, 23.75, 9999.0, 14.18, 13.84, 23.75, 9999.0, 22.86, 9999.0, 128.73, 133.0, 112.89, 90.98, 136.25
2025-12-11, 00:16:57, 132.25, 54.41, 23.7, 23.75, 9999.0, 14.16, 13.84, 23.75, 9999.0, 22.89, 9999.0, 128.75, 133.0, 112.89, 90.98, 136.25
2025-12-11, 00:17:01, 132.25, 54.41, 23.7, 23.75, 9999.0, 14.14, 13.84, 23.75, 9999.0, 22.91, 9999.0, 128.77, 133.0, 112.89, 90.98, 136.25
2025-12-11, 00:17:05, 132.25, 54.39, 23.7, 23.75, 9999.0, 14.11, 13.82, 23.75, 9999.0, 22.93, 9999.0, 128.77, 133.0, 112.89, 90.98, 136.25
2025-12-11, 00:17:09, 132.25, 54.36, 23.73, 23.75, 9999.0, 14.09, 13.82, 23.75, 9999.0, 22.95, 9999.0, 128.75, 133.0, 112.86, 90.95, 136.25
2025-12-11, 00:17:13, 132.25, 54.36, 23.7, 23.75, 9999.0, 14.07, 13.82, 23.75, 9999.0, 22.98, 9999.0, 128.73, 133.0, 112.84, 90.95, 136.25
2025-12-11, 00:17:17, 132.25, 54.34, 23.73, 23.75, 9999.0, 14.05, 13.82, 23.75, 9999.0, 23.0, 9999.0, 128.68, 133.0, 112.82, 90.95, 136.25
2025-12-11, 00:17:21, 132.25, 54.32, 23.73, 23.75, 9999.0, 14.07, 13.8, 23.75, 9999.0, 23.0, 9999.0, 128.66, 133.0, 112.82, 90.95, 136.25
2025-12-11, 00:17:26, 132.25, 54.32, 23.7, 23.75, 9999.0, 14.07, 13.77, 23.75, 9999.0, 23.0, 9999.0, 128.66, 133.0, 112.82, 90.95, 136.25
2025-12-11, 00:17:30, 132.25, 54.32, 23.7, 23.75, 9999.0, 14.07, 13.8, 23.75, 9999.0, 23.0, 9999.0, 128.64, 133.0, 112.8, 90.95, 136.25
2025-12-11, 00:17:34, 132.25, 54.3, 23.7, 23.75, 9999.0, 14.09, 13.8, 23.75, 9999.0, 22.95, 9999.0, 128.64, 133.0, 112.77, 90.98, 136.25
2025-12-11, 00:17:38, 132.23, 54.27, 23.68, 23.75, 9999.0, 14.11, 13.8, 23.75, 9999.0, 22.93, 9999.0, 128.64, 133.0, 112.75, 90.98, 136.25
2025-12-11, 00:17:42, 132.2, 54.27, 23.68, 23.75, 9999.0, 14.14, 13.77, 23.75, 9999.0, 22.91, 9999.0, 128.64, 133.0, 112.75, 90.98, 136.25
2025-12-11, 00:17:46, 132.2, 54.27, 23.68, 23.75, 9999.0, 14.16, 13.8, 23.75, 9999.0, 22.89, 9999.0, 128.64, 133.0, 112.75, 90.98, 136.23
2025-12-11, 00:17:50, 132.2, 54.3, 23.68, 23.75, 9999.0, 14.18, 13.82, 23.75, 9999.0, 22.86, 9999.0, 128.64, 133.0, 112.75, 90.98, 136.23
2025-12-11, 00:17:54, 132.2, 54.3, 23.68, 23.75, 9999.0, 14.2, 13.82, 23.75, 9999.0, 22.86, 9999.0, 128.66, 133.0, 112.75, 91.0, 136.23
2025-12-11, 00:17:58, 132.18, 54.32, 23.7, 23.75, 9999.0, 14.23, 13.82, 23.75, 9999.0, 22.86, 9999.0, 128.68, 133.0, 112.75, 91.0, 136.2
2025-12-11, 00:18:02, 132.18, 54.34, 23.7, 23.75, 9999.0, 14.23, 13.84, 23.75, 9999.0, 22.86, 9999.0, 128.7, 133.0, 112.75, 91.0, 136.2
2025-12-11, 00:18:06, 132.18, 54.34, 23.7, 23.75, 9999.0, 14.23, 13.86, 23.75, 9999.0, 22.89, 9999.0, 128.73, 133.02, 112.77, 91.0, 136.2
2025-12-11, 00:18:10, 132.18, 54.34, 23.73, 23.75, 9999.0, 14.2, 13.89, 23.75, 9999.0, 22.89, 9999.0, 128.73, 133.02, 112.8, 91.0, 136.2
2025-12-11, 00:18:14, 132.18, 54.36, 23.7, 23.75, 9999.0, 14.18, 13.86, 23.75, 9999.0, 22.89, 9999.0, 128.75, 133.02, 112.82, 91.0, 136.2
2025-12-11, 00:18:18, 132.18, 54.36, 23.7, 23.75, 9999.0, 14.16, 13.86, 23.75, 9999.0, 22.91, 9999.0, 128.75, 133.02, 112.82, 91.0, 136.2
2025-12-11, 00:18:22, 132.2, 54.36, 23.73, 23.75, 9999.0, 14.14, 13.86, 23.75, 9999.0, 22.93, 9999.0, 128.73, 133.02, 112.84, 91.0, 136.2
2025-12-11, 00:18:26, 132.23, 54.36, 23.73, 23.75, 9999.0, 14.11, 13.89, 23.75, 9999.0, 22.95, 9999.0, 128.7, 133.02, 112.84, 91.0, 136.2
2025-12-11, 00:18:30, 132.23, 54.39, 23.73, 23.75, 9999.0, 14.09, 13.86, 23.75, 9999.0, 22.98, 9999.0, 128.68, 133.02, 112.84, 91.0, 136.23
2025-12-11, 00:18:34, 132.23, 54.36, 23.73, 23.75, 9999.0, 14.09, 13.84, 23.75, 9999.0, 23.0, 9999.0, 128.66, 133.02, 112.86, 91.0, 136.23
2025-12-11, 00:18:38, 132.23, 54.36, 23.73, 23.75, 9999.0, 14.07, 13.84, 23.75, 9999.0, 23.0, 9999.0, 128.64, 133.02, 112.86, 91.0, 136.2
2025-12-11, 00:18:42, 132.25, 54.36, 23.73, 23.75, 9999.0, 14.07, 13.84, 23.75, 9999.0, 23.0, 9999.0, 128.61, 133.02, 112.89, 91.0, 136.23
2025-12-11, 00:18:46, 132.25, 54.34, 23.73, 23.75, 9999.0, 14.09, 13.82, 23.75, 9999.0, 23.0, 9999.0, 128.59, 133.02, 112.89, 91.0, 136.23
2025-12-11, 00:18:50, 132.25, 54.34, 23.73, 23.75, 9999.0, 14.11, 13.8, 23.75, 9999.0, 23.0, 9999.0, 128.59, 133.0, 112.86, 91.0, 136.23
2025-12-11, 00:18:54, 132.25, 54.36, 23.7, 23.75, 9999.0, 14.14, 13.77, 23.75, 9999.0, 23.0, 9999.0, 128.59, 133.0, 112.86, 91.0, 136.2
2025-12-11, 00:18:58, 132.25, 54.34, 23.7, 23.75, 9999.0, 14.16, 13.77, 23.75, 9999.0, 23.0, 9999.0, 128.59, 133.0, 112.86, 91.0, 136.18
2025-12-11, 00:19:02, 132.25, 54.34, 23.68, 23.75, 9999.0, 14.18, 13.77, 23.75, 9999.0, 23.0, 9999.0, 128.59, 133.0, 112.86, 91.0, 136.18
2025-12-11, 00:19:06, 132.25, 54.36, 23.68, 23.75, 9999.0, 14.18, 13.8, 23.75, 9999.0, 23.0, 9999.0, 128.64, 133.0, 112.84, 91.0, 136.16
2025-12-11, 00:19:10, 132.25, 54.34, 23.68, 23.75, 9999.0, 14.18, 13.77, 23.75, 9999.0, 23.0, 9999.0, 128.66, 133.0, 112.84, 91.0, 136.14
2025-12-11, 00:19:14, 132.25, 54.34, 23.68, 23.75, 9999.0, 14.18, 13.77, 23.75, 9999.0, 23.0, 9999.0, 128.68, 133.0, 112.86, 91.0, 136.14
2025-12-11, 00:19:18, 132.25, 54.36, 23.68, 23.75, 9999.0, 14.16, 13.77, 23.75, 9999.0, 23.0, 9999.0, 128.7, 133.02, 112.84, 91.0, 136.11
2025-12-11, 00:19:22, 132.25, 54.39, 23.68, 23.75, 9999.0, 14.16, 13.8, 23.75, 9999.0, 23.02, 9999.0, 128.73, 133.02, 112.84, 91.0, 136.14
2025-12-11, 00:19:26, 132.25, 54.36, 23.68, 23.75, 9999.0, 14.14, 13.8, 23.75, 9999.0, 23.02, 9999.0, 128.75, 133.02, 112.82, 91.0, 136.14
2025-12-11, 00:19:30, 132.23, 54.36, 23.68, 23.75, 9999.0, 14.11, 13.8, 23.75, 9999.0, 23.05, 9999.0, 128.77, 133.02, 112.82, 91.0, 136.14
2025-12-11, 00:19:34, 132.23, 54.36, 23.68, 23.75, 9999.0, 14.07, 13.8, 23.75, 9999.0, 23.07, 9999.0, 128.75, 133.02, 112.82, 91.0, 136.11
2025-12-11, 00:19:38, 132.23, 54.34, 23.7, 23.75, 9999.0, 14.05, 13.8, 23.75, 9999.0, 23.07, 9999.0, 128.75, 133.02, 112.8, 91.0, 136.11
2025-12-11, 00:19:42, 132.23, 54.36, 23.73, 23.75, 9999.0, 14.02, 13.82, 23.75, 9999.0, 23.07, 9999.0, 128.73, 133.02, 112.77, 91.0, 136.11
2025-12-11, 00:19:46, 132.23, 54.36, 23.75, 23.75, 9999.0, 14.0, 13.82, 23.75, 9999.0, 23.07, 9999.0, 128.7, 133.02, 112.8, 91.0, 136.11
2025-12-11, 00:19:50, 132.23, 54.36, 23.75, 23.75, 9999.0, 14.0, 13.8, 23.75, 9999.0, 23.07, 9999.0, 128.66, 133.02, 112.8, 91.0, 136.11
2025-12-11, 00:19:54, 132.23, 54.36, 23.75, 23.75, 9999.0, 14.02, 13.8, 23.75, 9999.0, 23.09, 9999.0, 128.64, 133.02, 112.8, 91.0, 136.14
2025-12-11, 00:19:58, 132.2, 54.34, 23.75, 23.75, 9999.0, 14.05, 13.8, 23.75, 9999.0, 23.09, 9999.0, 128.61, 133.02, 112.77, 91.0, 136.11
2025-12-11, 00:20:02, 132.2, 54.32, 23.75, 23.75, 9999.0, 14.07, 13.8, 23.75, 9999.0, 23.09, 9999.0, 128.59, 133.0, 112.8, 90.98, 136.14
2025-12-11, 00:20:06, 132.2, 54.3, 23.75, 23.75, 9999.0, 14.09, 13.77, 23.75, 9999.0, 23.07, 9999.0, 128.59, 133.0, 112.82, 90.98, 136.14
2025-12-11, 00:20:10, 132.2, 54.3, 23.75, 23.75, 9999.0, 14.11, 13.77, 23.75, 9999.0, 23.07, 9999.0, 128.59, 133.0, 112.82, 90.98, 136.14
2025-12-11, 00:20:14, 132.2, 54.32, 23.75, 23.75, 9999.0, 14.14, 13.8, 23.75, 9999.0, 23.05, 9999.0, 128.61, 133.0, 112.82, 90.98, 136.11
2025-12-11, 00:20:18, 132.2, 54.32, 23.73, 23.75, 9999.0, 14.16, 13.82, 23.75, 9999.0, 23.02, 9999.0, 128.64, 133.0, 112.82, 90.98, 136.14
2025-12-11, 00:20:22, 132.2, 54.34, 23.73, 23.75, 9999.0, 14.18, 13.82, 23.75, 9999.0, 23.02, 9999.0, 128.64, 133.0, 112.82, 90.95, 136.16
2025-12-11, 00:20:26, 132.2, 54.34, 23.73, 23.75, 9999.0, 14.2, 13.8, 23.75, 9999.0, 23.02, 9999.0, 128.66, 133.0, 112.82, 90.95, 136.18
2025-12-11, 00:20:30, 132.18, 54.34, 23.7, 23.75, 9999.0, 14.23, 13.82, 23.75, 9999.0, 23.02, 9999.0, 128.68, 133.0, 112.8, 90.93, 136.16
2025-12-11, 00:20:34, 132.18, 54.32, 23.7, 23.75, 9999.0, 14.23, 13.84, 23.75, 9999.0, 23.05, 9999.0, 128.7, 133.02, 112.82, 90.93, 136.18
2025-12-11, 00:20:38, 132.18, 54.34, 23.7, 23.75, 9999.0, 14.2, 13.84, 23.75, 9999.0, 23.05, 9999.0, 128.73, 133.02, 112.82, 90.93, 136.18
2025-12-11, 00:20:42, 132.2, 54.34, 23.7, 23.75, 9999.0, 14.2, 13.84, 23.75, 9999.0, 23.07, 9999.0, 128.75, 133.02, 112.82, 90.93, 136.2
2025-12-11, 00:20:46, 132.2, 54.36, 23.68, 23.75, 9999.0, 14.18, 13.84, 23.75, 9999.0, 23.09, 9999.0, 128.77, 133.02, 112.8, 90.93, 136.18
2025-12-11, 00:20:50, 132.2, 54.36, 23.68, 23.75, 9999.0, 14.16, 13.86, 23.75, 9999.0, 23.09, 9999.0, 128.77, 133.02, 112.8, 90.93, 136.16
2025-12-11, 00:20:54, 132.2, 54.36, 23.66, 23.75, 9999.0, 14.14, 13.86, 23.75, 9999.0, 23.09, 9999.0, 128.77, 133.02, 112.8, 90.93, 136.16
2025-12-11, 00:20:59, 132.23, 54.36, 23.66, 23.75, 9999.0, 14.11, 13.84, 23.75, 9999.0, 23.09, 9999.0, 128.73, 133.02, 112.8, 90.93, 136.18
2025-12-11, 00:21:03, 132.23, 54.36, 23.66, 23.75, 9999.0, 14.09, 13.82, 23.75, 9999.0, 23.09, 9999.0, 128.7, 133.02, 112.82, 90.93, 136.16
2025-12-11, 00:21:07, 132.2, 54.34, 23.64, 23.75, 9999.0, 14.09, 13.82, 23.75, 9999.0, 23.09, 9999.0, 128.68, 133.02, 112.84, 90.95, 136.14
2025-12-11, 00:21:11, 132.2, 54.32, 23.64, 23.75, 9999.0, 14.09, 13.82, 23.75, 9999.0, 23.09, 9999.0, 128.66, 133.02, 112.84, 90.93, 136.11
2025-12-11, 00:21:15, 132.2, 54.32, 23.66, 23.75, 9999.0, 14.11, 13.8, 23.75, 9999.0, 23.09, 9999.0, 128.64, 133.02, 112.84, 90.95, 136.14
2025-12-11, 00:21:19, 132.2, 54.32, 23.64, 23.75, 9999.0, 14.14, 13.77, 23.75, 9999.0, 23.07, 9999.0, 128.61, 133.0, 112.84, 90.93, 136.11
2025-12-11, 00:21:23, 132.2, 54.32, 23.64, 23.73, 9999.0, 14.16, 13.77, 23.75, 9999.0, 23.05, 9999.0, 128.61, 133.0, 112.84, 90.93, 136.09
2025-12-11, 00:21:27, 132.2, 54.34, 23.64, 23.73, 9999.0, 14.16, 13.77, 23.75, 9999.0, 23.02, 9999.0, 128.61, 133.0, 112.84, 90.93, 136.09
2025-12-11, 00:21:31, 132.2, 54.32, 23.66, 23.73, 9999.0, 14.18, 13.77, 23.75, 9999.0, 23.0, 9999.0, 128.64, 133.0, 112.86, 90.95, 136.11
2025-12-11, 00:21:35, 132.2, 54.32, 23.66, 23.73, 9999.0, 14.2, 13.77, 23.75, 9999.0, 23.0, 9999.0, 128.64, 133.0, 112.84, 90.95, 136.14
2025-12-11, 00:21:39, 132.2, 54.32, 23.68, 23.73, 9999.0, 14.23, 13.8, 23.75, 9999.0, 23.0, 9999.0, 128.64, 133.0, 112.84, 90.95, 136.14
2025-12-11, 00:21:43, 132.2, 54.32, 23.66, 23.73, 9999.0, 14.23, 13.8, 23.75, 9999.0, 23.0, 9999.0, 128.66, 133.0, 112.84, 90.95, 136.11
2025-12-11, 00:21:47, 132.18, 54.34, 23.66, 23.73, 9999.0, 14.25, 13.8, 23.75, 9999.0, 23.0, 9999.0, 128.68, 133.0, 112.82, 90.95, 136.11
2025-12-11, 00:21:51, 132.18, 54.36, 23.68, 23.73, 9999.0, 14.23, 13.8, 23.75, 9999.0, 23.02, 9999.0, 128.7, 133.0, 112.82, 90.93, 136.14
2025-12-11, 00:21:55, 132.18, 54.36, 23.68, 23.73, 9999.0, 14.2, 13.8, 23.75, 9999.0, 23.05, 9999.0, 128.73, 133.0, 112.82, 90.93, 136.16
2025-12-11, 00:21:59, 132.2, 54.36, 23.68, 23.73, 9999.0, 14.16, 13.8, 23.75, 9999.0, 23.07, 9999.0, 128.75, 133.0, 112.82, 90.93, 136.16
2025-12-11, 00:22:03, 132.2, 54.39, 23.7, 23.73, 9999.0, 14.14, 13.8, 23.75, 9999.0, 23.09, 9999.0, 128.77, 133.0, 112.8, 90.95, 136.18
2025-12-11, 00:22:07, 132.2, 54.36, 23.68, 23.75, 9999.0, 14.11, 13.8, 23.75, 9999.0, 23.09, 9999.0, 128.75, 133.0, 112.8, 90.95, 136.2
2025-12-11, 00:22:11, 132.18, 54.34, 23.66, 23.75, 9999.0, 14.09, 13.8, 23.75, 9999.0, 23.09, 9999.0, 128.73, 133.0, 112.8, 90.95, 136.2
2025-12-11, 00:22:15, 132.16, 54.34, 23.64, 23.75, 9999.0, 14.07, 13.8, 23.75, 9999.0, 23.09, 9999.0, 128.7, 133.0, 112.77, 90.93, 136.2
2025-12-11, 00:22:19, 132.16, 54.36, 23.64, 23.75, 9999.0, 14.07, 13.77, 23.75, 9999.0, 23.09, 9999.0, 128.68, 133.0, 112.8, 90.93, 136.18
2025-12-11, 00:22:23, 132.16, 54.36, 23.64, 23.75, 9999.0, 14.07, 13.75, 23.75, 9999.0, 23.09, 9999.0, 128.66, 133.0, 112.82, 90.93, 136.18
2025-12-11, 00:22:27, 132.16, 54.34, 23.66, 23.75, 9999.0, 14.09, 13.75, 23.75, 9999.0, 23.09, 9999.0, 128.64, 133.0, 112.82, 90.93, 136.2
2025-12-11, 00:22:31, 132.16, 54.32, 23.66, 23.75, 9999.0, 14.09, 13.75, 23.75, 9999.0, 23.09, 9999.0, 128.61, 133.0, 112.82, 90.91, 136.2
2025-12-11, 00:22:35, 132.16, 54.32, 23.64, 23.75, 9999.0, 14.11, 13.77, 23.75, 9999.0, 23.05, 9999.0, 128.61, 133.0, 112.8, 90.93, 136.18
2025-12-11, 00:22:39, 132.16, 54.32, 23.64, 23.75, 9999.0, 14.14, 13.77, 23.75, 9999.0, 23.0, 9999.0, 128.61, 133.0, 112.8, 90.95, 136.18
2025-12-11, 00:22:43, 132.16, 54.32, 23.64, 23.75, 9999.0, 14.16, 13.77, 23.75, 9999.0, 22.98, 9999.0, 128.61, 133.0, 112.8, 90.93, 136.18
2025-12-11, 00:22:47, 132.16, 54.3, 23.64, 23.75, 9999.0, 14.18, 13.77, 23.77, 9999.0, 22.93, 9999.0, 128.64, 133.0, 112.8, 90.93, 136.18
2025-12-11, 00:22:51, 132.16, 54.3, 23.66, 23.75, 9999.0, 14.2, 13.77, 23.77, 9999.0, 22.91, 9999.0, 128.66, 133.0, 112.8, 90.93, 136.18
2025-12-11, 00:22:55, 132.18, 54.32, 23.68, 23.75, 9999.0, 14.23, 13.77, 23.77, 9999.0, 22.91, 9999.0, 128.68, 133.0, 112.82, 90.93, 136.16
2025-12-11, 00:22:59, 132.2, 54.34, 23.7, 23.75, 9999.0, 14.25, 13.8, 23.77, 9999.0, 22.91, 9999.0, 128.68, 133.0, 112.84, 90.95, 136.14
2025-12-11, 00:23:03, 132.18, 54.34, 23.7, 23.75, 9999.0, 14.23, 13.8, 23.77, 9999.0, 22.91, 9999.0, 128.7, 133.02, 112.84, 90.95, 136.14
2025-12-11, 00:23:07, 132.18, 54.34, 23.7, 23.75, 9999.0, 14.2, 13.8, 23.77, 9999.0, 22.93, 9999.0, 128.73, 133.05, 112.82, 90.95, 136.14
2025-12-11, 00:23:11, 132.18, 54.36, 23.7, 23.75, 9999.0, 14.18, 13.82, 23.77, 9999.0, 22.95, 9999.0, 128.75, 133.05, 112.84, 90.93, 136.11
2025-12-11, 00:23:15, 132.2, 54.36, 23.73, 23.73, 9999.0, 14.16, 13.82, 23.77, 9999.0, 22.95, 9999.0, 128.77, 133.05, 112.84, 90.95, 136.11
2025-12-11, 00:23:19, 132.23, 54.36, 23.75, 23.73, 9999.0, 14.14, 13.8, 23.77, 9999.0, 22.98, 9999.0, 128.75, 133.05, 112.86, 90.95, 136.14
2025-12-11, 00:23:23, 132.23, 54.39, 23.75, 23.73, 9999.0, 14.11, 13.8, 23.77, 9999.0, 23.0, 9999.0, 128.73, 133.05, 112.89, 90.93, 136.11
2025-12-11, 00:23:27, 132.23, 54.39, 23.75, 23.73, 9999.0, 14.09, 13.8, 23.77, 9999.0, 23.0, 9999.0, 128.7, 133.05, 112.89, 90.95, 136.09
2025-12-11, 00:23:31, 132.23, 54.39, 23.75, 23.73, 9999.0, 14.07, 13.8, 23.75, 9999.0, 23.02, 9999.0, 128.66, 133.05, 112.91, 90.93, 136.07
2025-12-11, 00:23:35, 132.23, 54.41, 23.75, 23.73, 9999.0, 14.07, 13.8, 23.75, 9999.0, 23.02, 9999.0, 128.64, 133.05, 112.91, 90.93, 136.07
2025-12-11, 00:23:39, 132.23, 54.39, 23.75, 23.73, 9999.0, 14.07, 13.8, 23.75, 9999.0, 23.0, 9999.0, 128.61, 133.05, 112.89, 90.91, 136.09
2025-12-11, 00:23:43, 132.23, 54.36, 23.73, 23.73, 9999.0, 14.07, 13.77, 23.75, 9999.0, 22.98, 9999.0, 128.59, 133.05, 112.86, 90.91, 136.11
2025-12-11, 00:23:47, 132.25, 54.34, 23.73, 23.73, 9999.0, 14.11, 13.77, 23.75, 9999.0, 22.95, 9999.0, 128.57, 133.02, 112.86, 90.91, 136.11
2025-12-11, 00:23:51, 132.25, 54.34, 23.7, 23.73, 9999.0, 14.14, 13.77, 23.75, 9999.0, 22.91, 9999.0, 128.57, 133.0, 112.86, 90.91, 136.09
2025-12-11, 00:23:55, 132.23, 54.32, 23.68, 23.73, 9999.0, 14.16, 13.75, 23.75, 9999.0, 22.86, 9999.0, 128.57, 133.0, 112.84, 90.93, 136.09
2025-12-11, 00:23:59, 132.2, 54.32, 23.66, 23.75, 9999.0, 14.18, 13.75, 23.75, 9999.0, 22.84, 9999.0, 128.57, 133.0, 112.84, 90.91, 136.09
2025-12-11, 00:24:03, 132.18, 54.3, 23.64, 23.75, 9999.0, 14.2, 13.75, 23.75, 9999.0, 22.82, 9999.0, 128.61, 133.0, 112.84, 90.91, 136.09
2025-12-11, 00:24:07, 132.18, 54.27, 23.64, 23.75, 9999.0, 14.23, 13.75, 23.75, 9999.0, 22.8, 9999.0, 128.64, 133.0, 112.84, 90.93, 136.11
2025-12-11, 00:24:11, 132.18, 54.27, 23.64, 23.75, 9999.0, 14.25, 13.75, 23.75, 9999.0, 22.8, 9999.0, 128.66, 133.0, 112.84, 90.93, 136.11
2025-12-11, 00:24:15, 132.18, 54.3, 23.64, 23.75, 9999.0, 14.25, 13.75, 23.75, 9999.0, 22.8, 9999.0, 128.68, 133.0, 112.82, 90.93, 136.11
2025-12-11, 00:24:19, 132.16, 54.27, 23.64, 23.75, 9999.0, 14.23, 13.75, 23.75, 9999.0, 22.82, 9999.0, 128.7, 133.0, 112.84, 90.93, 136.11
2025-12-11, 00:24:23, 132.14, 54.27, 23.64, 23.75, 9999.0, 14.2, 13.77, 23.75, 9999.0, 22.86, 9999.0, 128.73, 133.0, 112.86, 90.95, 136.09
2025-12-11, 00:24:27, 132.14, 54.27, 23.66, 23.73, 9999.0, 14.18, 13.77, 23.75, 9999.0, 22.91, 9999.0, 128.75, 133.0, 112.89, 90.93, 136.07
2025-12-11, 00:24:31, 132.14, 54.3, 23.64, 23.73, 9999.0, 14.14, 13.77, 23.75, 9999.0, 22.93, 9999.0, 128.77, 133.0, 112.89, 90.91, 136.09
2025-12-11, 00:24:36, 132.11, 54.3, 23.64, 23.73, 9999.0, 14.11, 13.77, 23.75, 9999.0, 22.95, 9999.0, 128.77, 133.0, 112.91, 90.91, 136.11
2025-12-11, 00:24:40, 132.14, 54.32, 23.66, 23.73, 9999.0, 14.09, 13.77, 23.75, 9999.0, 22.98, 9999.0, 128.75, 133.0, 112.91, 90.91, 136.11
2025-12-11, 00:24:44, 132.16, 54.34, 23.66, 23.73, 9999.0, 14.07, 13.77, 23.75, 9999.0, 22.98, 9999.0, 128.73, 133.0, 112.93, 90.93, 136.11
2025-12-11, 00:24:48, 132.18, 54.36, 23.68, 23.73, 9999.0, 14.05, 13.77, 23.75, 9999.0, 23.0, 9999.0, 128.68, 133.0, 112.93, 90.93, 136.09
2025-12-11, 00:24:52, 132.18, 54.39, 23.68, 23.73, 9999.0, 14.05, 13.77, 23.75, 9999.0, 23.02, 9999.0, 128.66, 133.0, 112.91, 90.93, 136.07
2025-12-11, 00:24:56, 132.18, 54.39, 23.66, 23.73, 9999.0, 14.05, 13.77, 23.75, 9999.0, 23.02, 9999.0, 128.64, 133.0, 112.93, 90.93, 136.07
2025-12-11, 00:25:00, 132.18, 54.36, 23.66, 23.73, 9999.0, 14.07, 13.77, 23.75, 9999.0, 23.0, 9999.0, 128.61, 133.0, 112.93, 90.95, 136.07
2025-12-11, 00:25:04, 132.18, 54.36, 23.66, 23.73, 9999.0, 14.09, 13.8, 23.75, 9999.0, 23.0, 9999.0, 128.61, 132.98, 112.91, 90.95, 136.07
2025-12-11, 00:25:08, 132.2, 54.36, 23.64, 23.73, 9999.0, 14.11, 13.77, 23.75, 9999.0, 22.95, 9999.0, 128.61, 132.98, 112.89, 90.93, 136.07
2025-12-11, 00:25:12, 132.18, 54.36, 23.61, 23.75, 9999.0, 14.14, 13.77, 23.75, 9999.0, 22.93, 9999.0, 128.61, 132.98, 112.86, 90.95, 136.09
2025-12-11, 00:25:16, 132.18, 54.34, 23.64, 23.75, 9999.0, 14.16, 13.8, 23.75, 9999.0, 22.91, 9999.0, 128.64, 132.98, 112.84, 90.98, 136.09
2025-12-11, 00:25:20, 132.2, 54.36, 23.66, 23.75, 9999.0, 14.18, 13.8, 23.75, 9999.0, 22.89, 9999.0, 128.64, 132.98, 112.84, 90.98, 136.09
2025-12-11, 00:25:24, 132.18, 54.34, 23.64, 23.75, 9999.0, 14.18, 13.82, 23.75, 9999.0, 22.89, 9999.0, 128.66, 132.98, 112.86, 90.95, 136.11
2025-12-11, 00:25:28, 132.16, 54.34, 23.66, 23.75, 9999.0, 14.18, 13.82, 23.75, 9999.0, 22.91, 9999.0, 128.68, 132.98, 112.86, 90.95, 136.11
2025-12-11, 00:25:32, 132.16, 54.32, 23.64, 23.73, 9999.0, 14.18, 13.82, 23.75, 9999.0, 22.91, 9999.0, 128.7, 132.98, 112.86, 90.95, 136.14
2025-12-11, 00:25:36, 132.16, 54.32, 23.61, 23.73, 9999.0, 14.16, 13.84, 23.75, 9999.0, 22.93, 9999.0, 128.73, 132.98, 112.89, 90.95, 136.16
2025-12-11, 00:25:40, 132.16, 54.34, 23.61, 23.73, 9999.0, 14.14, 13.84, 23.75, 9999.0, 22.95, 9999.0, 128.75, 132.98, 112.89, 90.93, 136.16
2025-12-11, 00:25:44, 132.16, 54.34, 23.61, 23.7, 9999.0, 14.11, 13.84, 23.75, 9999.0, 23.0, 9999.0, 128.77, 132.98, 112.89, 90.91, 136.18
2025-12-11, 00:25:48, 132.18, 54.36, 23.59, 23.7, 9999.0, 14.09, 13.82, 23.75, 9999.0, 23.0, 9999.0, 128.75, 133.0, 112.91, 90.91, 136.18
2025-12-11, 00:25:52, 132.18, 54.36, 23.59, 23.7, 9999.0, 14.07, 13.82, 23.75, 9999.0, 23.02, 9999.0, 128.73, 133.0, 112.91, 90.91, 136.2
2025-12-11, 00:25:56, 132.2, 54.36, 23.59, 23.7, 9999.0, 14.05, 13.82, 23.75, 9999.0, 23.02, 9999.0, 128.7, 133.0, 112.93, 90.91, 136.18
2025-12-11, 00:26:00, 132.2, 54.36, 23.59, 23.7, 9999.0, 14.02, 13.8, 23.75, 9999.0, 23.05, 9999.0, 128.66, 133.0, 112.95, 90.89, 136.16
2025-12-11, 00:26:04, 132.2, 54.34, 23.59, 23.7, 9999.0, 14.02, 13.8, 23.75, 9999.0, 23.07, 9999.0, 128.64, 133.0, 112.93, 90.89, 136.16
2025-12-11, 00:26:08, 132.2, 54.34, 23.61, 23.7, 9999.0, 14.05, 13.77, 23.75, 9999.0, 23.07, 9999.0, 128.61, 133.0, 112.93, 90.89, 136.14
2025-12-11, 00:26:12, 132.23, 54.34, 23.59, 23.7, 9999.0, 14.07, 13.77, 23.75, 9999.0, 23.07, 9999.0, 128.59, 133.0, 112.91, 90.89, 136.14
2025-12-11, 00:26:16, 132.23, 54.34, 23.61, 23.73, 9999.0, 14.09, 13.77, 23.75, 9999.0, 23.07, 9999.0, 128.57, 133.0, 112.89, 90.86, 136.14
2025-12-11, 00:26:20, 132.2, 54.32, 23.64, 23.73, 9999.0, 14.11, 13.75, 23.75, 9999.0, 23.02, 9999.0, 128.57, 133.0, 112.86, 90.84, 136.14
2025-12-11, 00:26:24, 132.2, 54.3, 23.66, 23.73, 9999.0, 14.14, 13.75, 23.75, 9999.0, 22.98, 9999.0, 128.57, 133.0, 112.84, 90.86, 136.16
2025-12-11, 00:26:28, 132.2, 54.3, 23.66, 23.75, 9999.0, 14.16, 13.77, 23.75, 9999.0, 22.93, 9999.0, 128.57, 133.0, 112.86, 90.89, 136.14
2025-12-11, 00:26:32, 132.2, 54.27, 23.66, 23.75, 9999.0, 14.18, 13.77, 23.75, 9999.0, 22.91, 9999.0, 128.61, 133.0, 112.84, 90.89, 136.14
2025-12-11, 00:26:36, 132.2, 54.27, 23.68, 23.75, 9999.0, 14.18, 13.8, 23.75, 9999.0, 22.89, 9999.0, 128.64, 133.0, 112.84, 90.91, 136.14
2025-12-11, 00:26:40, 132.2, 54.3, 23.7, 23.75, 9999.0, 14.2, 13.8, 23.75, 9999.0, 22.89, 9999.0, 128.66, 133.0, 112.82, 90.91, 136.16
2025-12-11, 00:26:44, 132.2, 54.3, 23.7, 23.75, 9999.0, 14.23, 13.82, 23.75, 9999.0, 22.89, 9999.0, 128.68, 133.0, 112.8, 90.93, 136.18
2025-12-11, 00:26:48, 132.18, 54.3, 23.7, 23.75, 9999.0, 14.2, 13.82, 23.75, 9999.0, 22.89, 9999.0, 128.7, 133.0, 112.82, 90.93, 136.16
2025-12-11, 00:26:52, 132.2, 54.3, 23.68, 23.73, 9999.0, 14.18, 13.82, 23.75, 9999.0, 22.89, 9999.0, 128.73, 133.0, 112.82, 90.95, 136.16
2025-12-11, 00:26:56, 132.2, 54.3, 23.7, 23.73, 9999.0, 14.16, 13.82, 23.75, 9999.0, 22.89, 9999.0, 128.75, 133.0, 112.84, 90.95, 136.16
2025-12-11, 00:27:00, 132.2, 54.32, 23.68, 23.7, 9999.0, 14.14, 13.82, 23.75, 9999.0, 22.89, 9999.0, 128.77, 133.0, 112.84, 90.98, 136.16
2025-12-11, 00:27:04, 132.23, 54.32, 23.66, 23.7, 9999.0, 14.11, 13.82, 23.75, 9999.0, 22.91, 9999.0, 128.77, 133.0, 112.86, 91.0, 136.16
2025-12-11, 00:27:08, 132.23, 54.34, 23.64, 23.7, 9999.0, 14.09, 13.82, 23.75, 9999.0, 22.93, 9999.0, 128.77, 133.0, 112.86, 91.0, 136.16
2025-12-11, 00:27:12, 132.23, 54.34, 23.61, 23.7, 9999.0, 14.07, 13.8, 23.75, 9999.0, 22.95, 9999.0, 128.75, 133.0, 112.86, 91.0, 136.16
2025-12-11, 00:27:16, 132.23, 54.34, 23.61, 23.7, 9999.0, 14.05, 13.8, 23.75, 9999.0, 22.98, 9999.0, 128.7, 133.0, 112.89, 91.0, 136.14
2025-12-11, 00:27:20, 132.23, 54.34, 23.61, 23.7, 9999.0, 14.07, 13.77, 23.75, 9999.0, 22.98, 9999.0, 128.68, 133.0, 112.89, 91.0, 136.14
2025-12-11, 00:27:24, 132.2, 54.32, 23.61, 23.7, 9999.0, 14.07, 13.77, 23.75, 9999.0, 22.95, 9999.0, 128.66, 133.0, 112.89, 91.0, 136.14
2025-12-11, 00:27:28, 132.2, 54.32, 23.61, 23.7, 9999.0, 14.07, 13.75, 23.75, 9999.0, 22.93, 9999.0, 128.64, 133.0, 112.91, 91.0, 136.11
2025-12-11, 00:27:32, 132.23, 54.34, 23.59, 23.7, 9999.0, 14.09, 13.77, 23.75, 9999.0, 22.91, 9999.0, 128.61, 133.0, 112.89, 91.0, 136.11
2025-12-11, 00:27:36, 132.23, 54.34, 23.59, 23.73, 9999.0, 14.11, 13.77, 23.75, 9999.0, 22.89, 9999.0, 128.61, 133.0, 112.86, 91.0, 136.14
2025-12-11, 00:27:40, 132.23, 54.32, 23.57, 23.73, 9999.0, 14.14, 13.77, 23.75, 9999.0, 22.86, 9999.0, 128.61, 133.0, 112.84, 91.0, 136.16
2025-12-11, 00:27:44, 132.23, 54.3, 23.57, 23.75, 9999.0, 14.16, 13.77, 23.75, 9999.0, 22.84, 9999.0, 128.61, 133.0, 112.86, 91.0, 136.16
2025-12-11, 00:27:48, 132.23, 54.32, 23.57, 23.75, 9999.0, 14.18, 13.77, 23.75, 9999.0, 22.82, 9999.0, 128.61, 133.0, 112.86, 91.0, 136.14
2025-12-11, 00:27:52, 132.23, 54.32, 23.57, 23.75, 9999.0, 14.2, 13.77, 23.75, 9999.0, 22.8, 9999.0, 128.61, 133.0, 112.86, 91.0, 136.14
2025-12-11, 00:27:56, 132.23, 54.32, 23.59, 23.73, 9999.0, 14.23, 13.77, 23.75, 9999.0, 22.77, 9999.0, 128.64, 133.0, 112.86, 91.0, 136.16
2025-12-11, 00:28:00, 132.23, 54.32, 23.61, 23.73, 9999.0, 14.23, 13.8, 23.75, 9999.0, 22.77, 9999.0, 128.66, 133.0, 112.84, 91.0, 136.18
2025-12-11, 00:28:04, 132.23, 54.32, 23.61, 23.73, 9999.0, 14.23, 13.8, 23.75, 9999.0, 22.8, 9999.0, 128.68, 133.0, 112.86, 91.0, 136.18
2025-12-11, 00:28:08, 132.25, 54.32, 23.59, 23.73, 9999.0, 14.2, 13.8, 23.75, 9999.0, 22.82, 9999.0, 128.7, 133.0, 112.89, 91.0, 136.18
2025-12-11, 00:28:12, 132.25, 54.32, 23.59, 23.73, 9999.0, 14.18, 13.8, 23.75, 9999.0, 22.84, 9999.0, 128.73, 133.0, 112.89, 91.0, 136.2
2025-12-11, 00:28:17, 132.25, 54.3, 23.59, 23.73, 9999.0, 14.16, 13.77, 23.75, 9999.0, 22.86, 9999.0, 128.75, 133.0, 112.91, 91.0, 136.23
2025-12-11, 00:28:21, 132.25, 54.3, 23.61, 23.73, 9999.0, 14.14, 13.77, 23.75, 9999.0, 22.89, 9999.0, 128.73, 133.0, 112.91, 90.98, 136.23
2025-12-11, 00:28:25, 132.23, 54.3, 23.61, 23.73, 9999.0, 14.11, 13.77, 23.75, 9999.0, 22.91, 9999.0, 128.7, 133.0, 112.91, 90.95, 136.23
2025-12-11, 00:28:29, 132.23, 54.32, 23.61, 23.73, 9999.0, 14.09, 13.77, 23.75, 9999.0, 22.91, 9999.0, 128.68, 133.0, 112.91, 90.95, 136.23
2025-12-11, 00:28:33, 132.23, 54.3, 23.61, 23.73, 9999.0, 14.09, 13.77, 23.75, 9999.0, 22.91, 9999.0, 128.66, 133.0, 112.89, 90.95, 136.25
2025-12-11, 00:28:37, 132.23, 54.27, 23.61, 23.73, 9999.0, 14.09, 13.77, 23.75, 9999.0, 22.91, 9999.0, 128.64, 133.0, 112.89, 90.95, 136.23
2025-12-11, 00:28:41, 132.23, 54.27, 23.59, 23.75, 9999.0, 14.09, 13.77, 23.75, 9999.0, 22.91, 9999.0, 128.61, 133.0, 112.86, 90.95, 136.23
2025-12-11, 00:28:45, 132.23, 54.27, 23.57, 23.75, 9999.0, 14.14, 13.75, 23.75, 9999.0, 22.89, 9999.0, 128.59, 133.0, 112.86, 90.95, 136.2
2025-12-11, 00:28:49, 132.23, 54.27, 23.55, 23.75, 9999.0, 14.14, 13.75, 23.75, 9999.0, 22.86, 9999.0, 128.59, 133.0, 112.84, 90.95, 136.2
2025-12-11, 00:28:53, 132.23, 54.3, 23.55, 23.75, 9999.0, 14.16, 13.75, 23.75, 9999.0, 22.84, 9999.0, 128.59, 133.0, 112.84, 90.95, 136.2
2025-12-11, 00:28:57, 132.23, 54.3, 23.55, 23.75, 9999.0, 14.18, 13.75, 23.75, 9999.0, 22.82, 9999.0, 128.59, 133.0, 112.82, 90.95, 136.18
2025-12-11, 00:29:01, 132.2, 54.3, 23.57, 23.75, 9999.0, 14.2, 13.75, 23.75, 9999.0, 22.8, 9999.0, 128.59, 133.0, 112.82, 90.95, 136.16
2025-12-11, 00:29:05, 132.2, 54.3, 23.55, 23.75, 9999.0, 14.23, 13.75, 23.75, 9999.0, 22.77, 9999.0, 128.61, 133.0, 112.84, 90.98, 136.14
2025-12-11, 00:29:09, 132.23, 54.3, 23.55, 23.75, 9999.0, 14.25, 13.75, 23.75, 9999.0, 22.77, 9999.0, 128.64, 133.0, 112.86, 91.0, 136.11
2025-12-11, 00:29:13, 132.2, 54.27, 23.55, 23.75, 9999.0, 14.25, 13.75, 23.75, 9999.0, 22.8, 9999.0, 128.66, 133.0, 112.86, 90.98, 136.11
2025-12-11, 00:29:17, 132.2, 54.27, 23.55, 23.75, 9999.0, 14.23, 13.75, 23.75, 9999.0, 22.82, 9999.0, 128.68, 133.0, 112.86, 90.98, 136.09
2025-12-11, 00:29:21, 132.18, 54.27, 23.57, 23.73, 9999.0, 14.2, 13.75, 23.75, 9999.0, 22.84, 9999.0, 128.7, 133.0, 112.86, 90.98, 136.09
2025-12-11, 00:29:25, 132.18, 54.27, 23.57, 23.73, 9999.0, 14.18, 13.75, 23.75, 9999.0, 22.86, 9999.0, 128.73, 133.0, 112.86, 90.98, 136.09
2025-12-11, 00:29:29, 132.18, 54.27, 23.59, 23.73, 9999.0, 14.14, 13.75, 23.75, 9999.0, 22.89, 9999.0, 128.75, 133.0, 112.86, 90.98, 136.11
2025-12-11, 00:29:33, 132.18, 54.27, 23.59, 23.73, 9999.0, 14.11, 13.75, 23.75, 9999.0, 22.89, 9999.0, 128.75, 133.0, 112.86, 90.98, 136.11
2025-12-11, 00:29:37, 132.18, 54.25, 23.59, 23.73, 9999.0, 14.09, 13.75, 23.75, 9999.0, 22.89, 9999.0, 128.73, 133.0, 112.84, 90.98, 136.11
2025-12-11, 00:29:41, 132.16, 54.25, 23.57, 23.73, 9999.0, 14.07, 13.75, 23.75, 9999.0, 22.89, 9999.0, 128.7, 133.0, 112.84, 90.98, 136.11
2025-12-11, 00:29:45, 132.16, 54.25, 23.55, 23.7, 9999.0, 14.05, 13.75, 23.75, 9999.0, 22.89, 9999.0, 128.68, 133.0, 112.82, 90.98, 136.14
2025-12-11, 00:29:49, 132.16, 54.25, 23.55, 23.68, 9999.0, 14.05, 13.75, 23.75, 9999.0, 22.89, 9999.0, 128.66, 133.0, 112.8, 90.98, 136.16
2025-12-11, 00:29:53, 132.16, 54.25, 23.55, 23.68, 9999.0, 14.05, 13.75, 23.75, 9999.0, 22.86, 9999.0, 128.64, 133.0, 112.77, 90.98, 136.18
2025-12-11, 00:29:57, 132.18, 54.25, 23.55, 23.68, 9999.0, 14.07, 13.77, 23.75, 9999.0, 22.84, 9999.0, 128.61, 133.0, 112.77, 91.0, 136.16
2025-12-11, 00:30:01, 132.18, 54.25, 23.55, 23.68, 9999.0, 14.09, 13.77, 23.75, 9999.0, 22.82, 9999.0, 128.59, 133.0, 112.77, 91.0, 136.18
2025-12-11, 00:30:05, 132.18, 54.25, 23.55, 23.7, 9999.0, 14.11, 13.77, 23.75, 9999.0, 22.8, 9999.0, 128.59, 133.0, 112.77, 91.0, 136.2
2025-12-11, 00:30:09, 132.18, 54.25, 23.57, 23.7, 9999.0, 14.14, 13.77, 23.75, 9999.0, 22.77, 9999.0, 128.59, 133.0, 112.77, 90.98, 136.18
2025-12-11, 00:30:13, 132.18, 54.25, 23.57, 23.7, 9999.0, 14.16, 13.8, 23.75, 9999.0, 22.75, 9999.0, 128.59, 133.0, 112.77, 90.98, 136.16
2025-12-11, 00:30:17, 132.18, 54.25, 23.59, 23.7, 9999.0, 14.18, 13.82, 23.75, 9999.0, 22.75, 9999.0, 128.59, 133.0, 112.8, 90.98, 136.16
2025-12-11, 00:30:21, 132.18, 54.25, 23.61, 23.7, 9999.0, 14.2, 13.82, 23.75, 9999.0, 22.77, 9999.0, 128.61, 133.0, 112.82, 90.98, 136.16
2025-12-11, 00:30:25, 132.2, 54.25, 23.64, 23.7, 9999.0, 14.2, 13.82, 23.75, 9999.0, 22.8, 9999.0, 128.64, 133.0, 112.82, 90.95, 136.16
2025-12-11, 00:30:29, 132.23, 54.25, 23.66, 23.73, 9999.0, 14.2, 13.82, 23.75, 9999.0, 22.8, 9999.0, 128.66, 133.0, 112.84, 90.95, 136.14
2025-12-11, 00:30:33, 132.23, 54.27, 23.66, 23.75, 9999.0, 14.18, 13.84, 23.75, 9999.0, 22.82, 9999.0, 128.68, 133.0, 112.84, 90.95, 136.14
2025-12-11, 00:30:37, 132.23, 54.27, 23.68, 23.75, 9999.0, 14.16, 13.84, 23.75, 9999.0, 22.84, 9999.0, 128.7, 133.0, 112.84, 90.95, 136.14
2025-12-11, 00:30:41, 132.23, 54.27, 23.68, 23.75, 9999.0, 14.14, 13.82, 23.75, 9999.0, 22.86, 9999.0, 128.73, 133.0, 112.84, 90.95, 136.16
2025-12-11, 00:30:45, 132.23, 54.3, 23.7, 23.75, 9999.0, 14.11, 13.82, 23.75, 9999.0, 22.89, 9999.0, 128.75, 133.0, 112.84, 90.95, 136.14
2025-12-11, 00:30:49, 132.23, 54.3, 23.68, 23.75, 9999.0, 14.09, 13.82, 23.75, 9999.0, 22.89, 9999.0, 128.73, 133.0, 112.84, 90.95, 136.14
2025-12-11, 00:30:53, 132.23, 54.3, 23.68, 23.75, 9999.0, 14.07, 13.82, 23.75, 9999.0, 22.89, 9999.0, 128.7, 133.0, 112.84, 90.95, 136.16
2025-12-11, 00:30:57, 132.23, 54.3, 23.68, 23.75, 9999.0, 14.05, 13.8, 23.75, 9999.0, 22.89, 9999.0, 128.68, 133.0, 112.84, 90.95, 136.18
2025-12-11, 00:31:01, 132.2, 54.32, 23.66, 23.75, 9999.0, 14.05, 13.77, 23.75, 9999.0, 22.89, 9999.0, 128.66, 133.0, 112.82, 90.95, 136.18
2025-12-11, 00:31:05, 132.18, 54.34, 23.64, 23.75, 9999.0, 14.02, 13.77, 23.75, 9999.0, 22.86, 9999.0, 128.64, 133.0, 112.8, 90.95, 136.18
2025-12-11, 00:31:09, 132.18, 54.34, 23.61, 23.75, 9999.0, 14.05, 13.77, 23.75, 9999.0, 22.84, 9999.0, 128.61, 133.0, 112.8, 90.98, 136.2
2025-12-11, 00:31:13, 132.16, 54.34, 23.59, 23.75, 9999.0, 14.07, 13.77, 23.75, 9999.0, 22.84, 9999.0, 128.59, 133.0, 112.77, 90.98, 136.23
2025-12-11, 00:31:17, 132.16, 54.32, 23.61, 23.75, 9999.0, 14.09, 13.75, 23.75, 9999.0, 22.82, 9999.0, 128.59, 133.0, 112.77, 90.95, 136.23
2025-12-11, 00:31:21, 132.14, 54.32, 23.61, 23.75, 9999.0, 14.11, 13.75, 23.75, 9999.0, 22.8, 9999.0, 128.59, 133.0, 112.77, 90.93, 136.2
2025-12-11, 00:31:25, 132.14, 54.32, 23.64, 23.75, 9999.0, 14.14, 13.75, 23.75, 9999.0, 22.75, 9999.0, 128.59, 133.0, 112.75, 90.93, 136.18
2025-12-11, 00:31:29, 132.11, 54.3, 23.64, 23.75, 9999.0, 14.16, 13.77, 23.75, 9999.0, 22.73, 9999.0, 128.61, 133.0, 112.75, 90.93, 136.2
2025-12-11, 00:31:33, 132.14, 54.3, 23.66, 23.75, 9999.0, 14.18, 13.8, 23.75, 9999.0, 22.7, 9999.0, 128.66, 133.0, 112.75, 90.93, 136.2
2025-12-11, 00:31:37, 132.14, 54.3, 23.64, 23.75, 9999.0, 14.2, 13.8, 23.75, 9999.0, 22.7, 9999.0, 128.68, 133.0, 112.77, 90.95, 136.18
2025-12-11, 00:31:41, 132.14, 54.3, 23.61, 23.75, 9999.0, 14.23, 13.8, 23.75, 9999.0, 22.7, 9999.0, 128.7, 133.0, 112.77, 90.95, 136.16
2025-12-11, 00:31:45, 132.16, 54.3, 23.61, 23.75, 9999.0, 14.2, 13.8, 23.75, 9999.0, 22.7, 9999.0, 128.73, 133.0, 112.77, 90.95, 136.16
2025-12-11, 00:31:49, 132.18, 54.27, 23.64, 23.75, 9999.0, 14.2, 13.8, 23.75, 9999.0, 22.73, 9999.0, 128.75, 133.0, 112.77, 90.95, 136.16
2025-12-11, 00:31:53, 132.18, 54.27, 23.66, 23.75, 9999.0, 14.18, 13.8, 23.75, 9999.0, 22.73, 9999.0, 128.77, 133.0, 112.77, 90.93, 136.16
2025-12-11, 00:31:57, 132.18, 54.27, 23.66, 23.75, 9999.0, 14.16, 13.8, 23.75, 9999.0, 22.73, 9999.0, 128.8, 133.0, 112.77, 90.93, 136.16
2025-12-11, 00:32:02, 132.18, 54.3, 23.66, 23.75, 9999.0, 14.14, 13.8, 23.75, 9999.0, 22.73, 9999.0, 128.8, 133.0, 112.8, 90.95, 136.14
2025-12-11, 00:32:06, 132.2, 54.32, 23.66, 23.75, 9999.0, 14.11, 13.82, 23.75, 9999.0, 22.73, 9999.0, 128.77, 133.0, 112.8, 90.98, 136.14
2025-12-11, 00:32:10, 132.18, 54.32, 23.64, 23.75, 9999.0, 14.09, 13.82, 23.75, 9999.0, 22.75, 9999.0, 128.75, 133.0, 112.8, 90.98, 136.16
2025-12-11, 00:32:14, 132.18, 54.32, 23.64, 23.75, 9999.0, 14.07, 13.8, 23.75, 9999.0, 22.75, 9999.0, 128.7, 133.0, 112.8, 90.95, 136.16
2025-12-11, 00:32:18, 132.18, 54.32, 23.64, 23.75, 9999.0, 14.07, 13.77, 23.75, 9999.0, 22.75, 9999.0, 128.66, 133.0, 112.82, 90.93, 136.16
2025-12-11, 00:32:22, 132.18, 54.34, 23.64, 23.75, 9999.0, 14.07, 13.77, 23.75, 9999.0, 22.73, 9999.0, 128.64, 133.0, 112.8, 90.93, 136.18
2025-12-11, 00:32:26, 132.18, 54.34, 23.66, 23.75, 9999.0, 14.07, 13.77, 23.75, 9999.0, 22.7, 9999.0, 128.61, 133.0, 112.8, 90.91, 136.2
2025-12-11, 00:32:30, 132.16, 54.32, 23.68, 23.75, 9999.0, 14.09, 13.77, 23.75, 9999.0, 22.68, 9999.0, 128.59, 133.0, 112.8, 90.91, 136.2
2025-12-11, 00:32:34, 132.14, 54.32, 23.68, 23.75, 9999.0, 14.11, 13.77, 23.75, 9999.0, 22.66, 9999.0, 128.59, 133.0, 112.8, 90.91, 136.2
2025-12-11, 00:32:38, 132.14, 54.32, 23.68, 23.75, 9999.0, 14.14, 13.77, 23.75, 9999.0, 22.64, 9999.0, 128.59, 133.0, 112.82, 90.91, 136.2
2025-12-11, 00:32:42, 132.16, 54.32, 23.7, 23.73, 9999.0, 14.16, 13.77, 23.75, 9999.0, 22.61, 9999.0, 128.59, 133.0, 112.84, 90.91, 136.2
2025-12-11, 00:32:46, 132.16, 54.32, 23.68, 23.73, 9999.0, 14.18, 13.77, 23.75, 9999.0, 22.59, 9999.0, 128.59, 133.0, 112.82, 90.91, 136.23
2025-12-11, 00:32:50, 132.14, 54.32, 23.68, 23.73, 9999.0, 14.2, 13.77, 23.75, 9999.0, 22.57, 9999.0, 128.64, 133.0, 112.82, 90.91, 136.23
2025-12-11, 00:32:54, 132.14, 54.32, 23.7, 23.73, 9999.0, 14.23, 13.77, 23.75, 9999.0, 22.57, 9999.0, 128.66, 133.0, 112.82, 90.91, 136.23
2025-12-11, 00:32:58, 132.16, 54.34, 23.68, 23.73, 9999.0, 14.23, 13.77, 23.75, 9999.0, 22.57, 9999.0, 128.68, 133.0, 112.84, 90.93, 136.23
2025-12-11, 00:33:02, 132.16, 54.34, 23.68, 23.73, 9999.0, 14.2, 13.77, 23.75, 9999.0, 22.61, 9999.0, 128.7, 133.0, 112.82, 90.95, 136.2
2025-12-11, 00:33:06, 132.16, 54.32, 23.68, 23.73, 9999.0, 14.18, 13.77, 23.75, 9999.0, 22.64, 9999.0, 128.73, 133.0, 112.84, 90.95, 136.18
2025-12-11, 00:33:10, 132.16, 54.32, 23.66, 23.73, 9999.0, 14.16, 13.77, 23.75, 9999.0, 22.66, 9999.0, 128.75, 133.0, 112.84, 90.95, 136.18
2025-12-11, 00:33:14, 132.18, 54.34, 23.66, 23.73, 9999.0, 14.14, 13.77, 23.75, 9999.0, 22.66, 9999.0, 128.77, 132.98, 112.84, 90.95, 136.18
2025-12-11, 00:33:18, 132.2, 54.34, 23.66, 23.73, 9999.0, 14.11, 13.77, 23.75, 9999.0, 22.66, 9999.0, 128.77, 132.98, 112.84, 90.95, 136.16
2025-12-11, 00:33:22, 132.2, 54.36, 23.64, 23.73, 9999.0, 14.09, 13.77, 23.75, 9999.0, 22.66, 9999.0, 128.75, 132.98, 112.82, 90.98, 136.14
2025-12-11, 00:33:26, 132.2, 54.36, 23.61, 23.75, 9999.0, 14.07, 13.77, 23.75, 9999.0, 22.66, 9999.0, 128.73, 132.98, 112.8, 90.98, 136.11
2025-12-11, 00:33:30, 132.2, 54.36, 23.61, 23.75, 9999.0, 14.05, 13.77, 23.75, 9999.0, 22.68, 9999.0, 128.7, 132.98, 112.8, 90.98, 136.09
2025-12-11, 00:33:34, 132.2, 54.34, 23.59, 23.75, 9999.0, 14.05, 13.75, 23.75, 9999.0, 22.68, 9999.0, 128.66, 132.98, 112.82, 90.98, 136.11
2025-12-11, 00:33:38, 132.23, 54.34, 23.59, 23.75, 9999.0, 14.05, 13.75, 23.75, 9999.0, 22.66, 9999.0, 128.64, 132.98, 112.84, 90.98, 136.11
2025-12-11, 00:33:42, 132.23, 54.32, 23.61, 23.75, 9999.0, 14.07, 13.77, 23.75, 9999.0, 22.64, 9999.0, 128.61, 132.98, 112.82, 90.95, 136.11
2025-12-11, 00:33:46, 132.23, 54.32, 23.59, 23.75, 9999.0, 14.09, 13.8, 23.75, 9999.0, 22.59, 9999.0, 128.61, 132.98, 112.82, 90.95, 136.11
2025-12-11, 00:33:50, 132.23, 54.32, 23.59, 23.75, 9999.0, 14.11, 13.82, 23.75, 9999.0, 22.57, 9999.0, 128.61, 132.98, 112.8, 90.95, 136.11
2025-12-11, 00:33:54, 132.2, 54.32, 23.59, 23.75, 9999.0, 14.14, 13.82, 23.75, 9999.0, 22.52, 9999.0, 128.61, 132.98, 112.8, 90.98, 136.09
2025-12-11, 00:33:58, 132.2, 54.3, 23.57, 23.75, 9999.0, 14.16, 13.84, 23.75, 9999.0, 22.5, 9999.0, 128.64, 133.0, 112.82, 90.98, 136.09
2025-12-11, 00:34:02, 132.2, 54.3, 23.55, 23.75, 9999.0, 14.18, 13.86, 23.75, 9999.0, 22.45, 9999.0, 128.64, 133.0, 112.82, 90.98, 136.11
2025-12-11, 00:34:06, 132.2, 54.27, 23.55, 23.75, 9999.0, 14.18, 13.89, 23.75, 9999.0, 22.45, 9999.0, 128.66, 133.0, 112.84, 90.98, 136.14
2025-12-11, 00:34:10, 132.2, 54.3, 23.57, 23.73, 9999.0, 14.18, 13.91, 23.75, 9999.0, 22.45, 9999.0, 128.68, 133.0, 112.84, 90.98, 136.16
2025-12-11, 00:34:14, 132.18, 54.27, 23.59, 23.7, 9999.0, 14.18, 13.93, 23.75, 9999.0, 22.43, 9999.0, 128.7, 133.0, 112.86, 90.98, 136.18
2025-12-11, 00:34:18, 132.2, 54.3, 23.61, 23.7, 9999.0, 14.16, 13.93, 23.75, 9999.0, 22.45, 9999.0, 128.73, 133.0, 112.84, 90.98, 136.18
2025-12-11, 00:34:22, 132.2, 54.32, 23.61, 23.7, 9999.0, 14.14, 13.93, 23.75, 9999.0, 22.48, 9999.0, 128.75, 133.0, 112.84, 90.98, 136.16
2025-12-11, 00:34:26, 132.2, 54.32, 23.61, 23.7, 9999.0, 14.11, 13.91, 23.75, 9999.0, 22.5, 9999.0, 128.77, 133.0, 112.84, 91.0, 136.16
2025-12-11, 00:34:30, 132.18, 54.32, 23.64, 23.7, 9999.0, 14.09, 13.89, 23.75, 9999.0, 22.5, 9999.0, 128.75, 133.0, 112.84, 91.0, 136.18
2025-12-11, 00:34:34, 132.18, 54.32, 23.64, 23.7, 9999.0, 14.07, 13.86, 23.75, 9999.0, 22.5, 9999.0, 128.75, 133.0, 112.86, 91.0, 136.2
2025-12-11, 00:34:38, 132.2, 54.32, 23.64, 23.7, 9999.0, 14.05, 13.86, 23.75, 9999.0, 22.52, 9999.0, 128.75, 133.0, 112.86, 91.0, 136.23
2025-12-11, 00:34:42, 132.18, 54.34, 23.66, 23.7, 9999.0, 14.02, 13.84, 23.75, 9999.0, 22.55, 9999.0, 128.73, 133.0, 112.84, 91.0, 136.23
2025-12-11, 00:34:46, 132.16, 54.34, 23.68, 23.7, 9999.0, 14.02, 13.82, 23.75, 9999.0, 22.57, 9999.0, 128.7, 133.0, 112.84, 91.0, 136.23
2025-12-11, 00:34:50, 132.16, 54.34, 23.7, 23.7, 9999.0, 14.02, 13.8, 23.75, 9999.0, 22.57, 9999.0, 128.68, 133.0, 112.84, 91.0, 136.23
2025-12-11, 00:34:54, 132.16, 54.32, 23.7, 23.73, 9999.0, 14.05, 13.77, 23.75, 9999.0, 22.57, 9999.0, 128.66, 133.0, 112.86, 90.98, 136.2
2025-12-11, 00:34:58, 132.16, 54.32, 23.7, 23.75, 9999.0, 14.07, 13.77, 23.75, 9999.0, 22.57, 9999.0, 128.64, 133.0, 112.84, 90.98, 136.2
2025-12-11, 00:35:02, 132.16, 54.3, 23.7, 23.75, 9999.0, 14.09, 13.8, 23.75, 9999.0, 22.55, 9999.0, 128.64, 133.0, 112.86, 90.98, 136.2
2025-12-11, 00:35:06, 132.16, 54.27, 23.7, 23.75, 9999.0, 14.11, 13.8, 23.75, 9999.0, 22.52, 9999.0, 128.64, 133.0, 112.86, 90.95, 136.23
2025-12-11, 00:35:10, 132.16, 54.27, 23.7, 23.75, 9999.0, 14.14, 13.82, 23.75, 9999.0, 22.5, 9999.0, 128.64, 133.0, 112.89, 90.95, 136.23
2025-12-11, 00:35:14, 132.18, 54.27, 23.7, 23.75, 9999.0, 14.14, 13.82, 23.75, 9999.0, 22.5, 9999.0, 128.66, 133.0, 112.91, 90.95, 136.23
2025-12-11, 00:35:18, 132.16, 54.27, 23.73, 23.75, 9999.0, 14.16, 13.84, 23.75, 9999.0, 22.48, 9999.0, 128.68, 133.0, 112.89, 90.95, 136.23
2025-12-11, 00:35:22, 132.16, 54.3, 23.73, 23.75, 9999.0, 14.18, 13.84, 23.75, 9999.0, 22.48, 9999.0, 128.68, 133.0, 112.91, 90.95, 136.23
2025-12-11, 00:35:26, 132.16, 54.27, 23.73, 23.75, 9999.0, 14.2, 13.86, 23.75, 9999.0, 22.48, 9999.0, 128.68, 133.0, 112.93, 90.95, 136.23
2025-12-11, 00:35:30, 132.18, 54.27, 23.73, 23.75, 9999.0, 14.2, 13.86, 23.75, 9999.0, 22.5, 9999.0, 128.7, 133.0, 112.95, 90.93, 136.23
2025-12-11, 00:35:34, 132.18, 54.27, 23.73, 23.75, 9999.0, 14.2, 13.86, 23.75, 9999.0, 22.52, 9999.0, 128.73, 133.0, 112.93, 90.93, 136.23
2025-12-11, 00:35:38, 132.16, 54.3, 23.73, 23.75, 9999.0, 14.18, 13.89, 23.75, 9999.0, 22.52, 9999.0, 128.75, 133.0, 112.91, 90.95, 136.23
2025-12-11, 00:35:42, 132.18, 54.3, 23.7, 23.75, 9999.0, 14.16, 13.86, 23.75, 9999.0, 22.52, 9999.0, 128.77, 133.0, 112.91, 90.95, 136.23
2025-12-11, 00:35:47, 132.18, 54.3, 23.68, 23.75, 9999.0, 14.14, 13.84, 23.75, 9999.0, 22.52, 9999.0, 128.77, 133.0, 112.89, 90.95, 136.23
2025-12-11, 00:35:51, 132.18, 54.32, 23.66, 23.75, 9999.0, 14.11, 13.86, 23.75, 9999.0, 22.52, 9999.0, 128.75, 133.0, 112.86, 90.98, 136.23
2025-12-11, 00:35:55, 132.16, 54.32, 23.66, 23.75, 9999.0, 14.09, 13.86, 23.75, 9999.0, 22.52, 9999.0, 128.75, 133.0, 112.84, 90.98, 136.23
2025-12-11, 00:35:59, 132.16, 54.32, 23.66, 23.75, 9999.0, 14.09, 13.89, 23.75, 9999.0, 22.5, 9999.0, 128.73, 133.0, 112.84, 90.98, 136.23
2025-12-11, 00:36:03, 132.16, 54.32, 23.66, 23.75, 9999.0, 14.09, 13.86, 23.75, 9999.0, 22.52, 9999.0, 128.68, 133.0, 112.84, 90.98, 136.23
2025-12-11, 00:36:07, 132.14, 54.3, 23.66, 23.75, 9999.0, 14.09, 13.86, 23.75, 9999.0, 22.52, 9999.0, 128.66, 133.0, 112.82, 90.98, 136.23
2025-12-11, 00:36:11, 132.16, 54.3, 23.66, 23.75, 9999.0, 14.09, 13.86, 23.75, 9999.0, 22.52, 9999.0, 128.64, 133.0, 112.8, 90.98, 136.23
2025-12-11, 00:36:15, 132.16, 54.32, 23.64, 23.75, 9999.0, 14.09, 13.89, 23.75, 9999.0, 22.5, 9999.0, 128.61, 132.98, 112.8, 91.0, 136.23
2025-12-11, 00:36:19, 132.16, 54.32, 23.64, 23.75, 9999.0, 14.11, 13.91, 23.75, 9999.0, 22.48, 9999.0, 128.61, 132.98, 112.82, 91.0, 136.23
2025-12-11, 00:36:23, 132.16, 54.3, 23.64, 23.75, 9999.0, 14.14, 13.91, 23.75, 9999.0, 22.45, 9999.0, 128.61, 132.95, 112.82, 91.0, 136.25
2025-12-11, 00:36:27, 132.14, 54.3, 23.66, 23.75, 9999.0, 14.14, 13.91, 23.75, 9999.0, 22.45, 9999.0, 128.61, 132.95, 112.84, 91.0, 136.25
2025-12-11, 00:36:31, 132.14, 54.3, 23.68, 23.75, 9999.0, 14.16, 13.93, 23.75, 9999.0, 22.45, 9999.0, 128.61, 132.95, 112.86, 91.0, 136.25
2025-12-11, 00:36:35, 132.11, 54.27, 23.68, 23.75, 9999.0, 14.18, 13.93, 23.75, 9999.0, 22.45, 9999.0, 128.66, 132.95, 112.86, 91.0, 136.25
2025-12-11, 00:36:39, 132.14, 54.27, 23.68, 23.75, 9999.0, 14.2, 13.93, 23.75, 9999.0, 22.45, 9999.0, 128.66, 132.95, 112.89, 91.0, 136.25
2025-12-11, 00:36:43, 132.14, 54.27, 23.68, 23.75, 9999.0, 14.23, 13.91, 23.75, 9999.0, 22.48, 9999.0, 128.68, 132.95, 112.86, 91.0, 136.25
2025-12-11, 00:36:47, 132.16, 54.27, 23.68, 23.75, 9999.0, 14.2, 13.93, 23.75, 9999.0, 22.5, 9999.0, 128.7, 132.95, 112.86, 91.0, 136.25
2025-12-11, 00:36:51, 132.16, 54.27, 23.7, 23.75, 9999.0, 14.18, 13.93, 23.75, 9999.0, 22.5, 9999.0, 128.73, 132.95, 112.86, 91.0, 136.25
2025-12-11, 00:36:55, 132.16, 54.27, 23.7, 23.75, 9999.0, 14.16, 13.91, 23.75, 9999.0, 22.52, 9999.0, 128.75, 132.95, 112.89, 91.0, 136.25
2025-12-11, 00:36:59, 132.16, 54.25, 23.73, 23.75, 9999.0, 14.14, 13.89, 23.75, 9999.0, 22.55, 9999.0, 128.77, 132.98, 112.86, 91.0, 136.25
2025-12-11, 00:37:03, 132.16, 54.25, 23.73, 23.75, 9999.0, 14.11, 13.89, 23.75, 9999.0, 22.57, 9999.0, 128.75, 132.98, 112.84, 91.0, 136.23
2025-12-11, 00:37:07, 132.18, 54.27, 23.73, 23.75, 9999.0, 14.09, 13.89, 23.75, 9999.0, 22.59, 9999.0, 128.73, 133.0, 112.86, 91.0, 136.23
2025-12-11, 00:37:11, 132.2, 54.27, 23.73, 23.75, 9999.0, 14.09, 13.91, 23.75, 9999.0, 22.59, 9999.0, 128.7, 133.0, 112.86, 91.0, 136.23
2025-12-11, 00:37:15, 132.2, 54.27, 23.7, 23.75, 9999.0, 14.07, 13.91, 23.75, 9999.0, 22.59, 9999.0, 128.68, 133.0, 112.84, 91.0, 136.23
2025-12-11, 00:37:19, 132.2, 54.27, 23.73, 23.75, 9999.0, 14.05, 13.89, 23.75, 9999.0, 22.59, 9999.0, 128.64, 133.0, 112.84, 91.0, 136.23
2025-12-11, 00:37:23, 132.18, 54.3, 23.73, 23.75, 9999.0, 14.05, 13.86, 23.75, 9999.0, 22.59, 9999.0, 128.61, 133.0, 112.82, 91.0, 136.23
2025-12-11, 00:37:27, 132.16, 54.3, 23.7, 23.75, 9999.0, 14.05, 13.86, 23.75, 9999.0, 22.59, 9999.0, 128.59, 133.0, 112.82, 91.0, 136.23
2025-12-11, 00:37:31, 132.14, 54.3, 23.68, 23.75, 9999.0, 14.07, 13.86, 23.75, 9999.0, 22.57, 9999.0, 128.57, 133.0, 112.84, 91.0, 136.23
2025-12-11, 00:37:35, 132.14, 54.32, 23.68, 23.75, 9999.0, 14.09, 13.89, 23.75, 9999.0, 22.57, 9999.0, 128.57, 133.0, 112.84, 90.98, 136.23
2025-12-11, 00:37:39, 132.14, 54.34, 23.68, 23.75, 9999.0, 14.11, 13.91, 23.75, 9999.0, 22.55, 9999.0, 128.57, 133.0, 112.82, 90.98, 136.23
2025-12-11, 00:37:43, 132.14, 54.34, 23.68, 23.75, 9999.0, 14.14, 13.91, 23.75, 9999.0, 22.52, 9999.0, 128.57, 133.0, 112.82, 90.98, 136.23
2025-12-11, 00:37:47, 132.14, 54.34, 23.68, 23.75, 9999.0, 14.16, 13.91, 23.75, 9999.0, 22.5, 9999.0, 128.59, 133.0, 112.84, 90.98, 136.25
2025-12-11, 00:37:51, 132.11, 54.32, 23.68, 23.75, 9999.0, 14.18, 13.91, 23.75, 9999.0, 22.48, 9999.0, 128.61, 133.0, 112.82, 90.98, 136.25
2025-12-11, 00:37:55, 132.11, 54.32, 23.68, 23.75, 9999.0, 14.18, 13.89, 23.75, 9999.0, 22.48, 9999.0, 128.64, 133.0, 112.82, 90.98, 136.25
2025-12-11, 00:37:59, 132.11, 54.32, 23.7, 23.75, 9999.0, 14.2, 13.86, 23.75, 9999.0, 22.48, 9999.0, 128.66, 133.0, 112.84, 90.98, 136.25
2025-12-11, 00:38:03, 132.14, 54.32, 23.7, 23.75, 9999.0, 14.2, 13.86, 23.75, 9999.0, 22.5, 9999.0, 128.68, 133.0, 112.86, 90.98, 136.25
2025-12-11, 00:38:07, 132.16, 54.3, 23.7, 23.75, 9999.0, 14.18, 13.89, 23.75, 9999.0, 22.52, 9999.0, 128.7, 133.0, 112.86, 90.98, 136.25
2025-12-11, 00:38:11, 132.18, 54.32, 23.73, 23.75, 9999.0, 14.16, 13.91, 23.75, 9999.0, 22.55, 9999.0, 128.73, 133.0, 112.89, 90.95, 136.25
2025-12-11, 00:38:15, 132.2, 54.32, 23.75, 23.75, 9999.0, 14.14, 13.89, 23.75, 9999.0, 22.57, 9999.0, 128.75, 133.0, 112.86, 90.95, 136.25
2025-12-11, 00:38:19, 132.23, 54.3, 23.75, 23.75, 9999.0, 14.11, 13.89, 23.75, 9999.0, 22.57, 9999.0, 128.73, 133.0, 112.86, 90.98, 136.25
2025-12-11, 00:38:23, 132.23, 54.27, 23.75, 23.75, 9999.0, 14.09, 13.86, 23.75, 9999.0, 22.57, 9999.0, 128.73, 133.0, 112.86, 90.98, 136.25
2025-12-11, 00:38:27, 132.23, 54.27, 23.75, 23.75, 9999.0, 14.07, 13.86, 23.75, 9999.0, 22.57, 9999.0, 128.7, 133.0, 112.86, 90.98, 136.25
2025-12-11, 00:38:31, 132.23, 54.27, 23.75, 23.75, 9999.0, 14.07, 13.84, 23.75, 9999.0, 22.57, 9999.0, 128.68, 133.0, 112.86, 90.98, 136.25
2025-12-11, 00:38:35, 132.23, 54.27, 23.75, 23.75, 9999.0, 14.07, 13.84, 23.75, 9999.0, 22.59, 9999.0, 128.66, 133.0, 112.89, 90.98, 136.25
2025-12-11, 00:38:39, 132.23, 54.27, 23.75, 23.75, 9999.0, 14.09, 13.84, 23.75, 9999.0, 22.59, 9999.0, 128.64, 133.0, 112.86, 90.98, 136.25
2025-12-11, 00:38:43, 132.23, 54.27, 23.75, 23.75, 9999.0, 14.11, 13.86, 23.75, 9999.0, 22.59, 9999.0, 128.61, 133.0, 112.84, 90.98, 136.25
2025-12-11, 00:38:47, 132.23, 54.27, 23.75, 23.75, 9999.0, 14.14, 13.86, 23.75, 9999.0, 22.57, 9999.0, 128.61, 133.0, 112.82, 90.98, 136.25
2025-12-11, 00:38:51, 132.2, 54.27, 23.75, 23.75, 9999.0, 14.16, 13.84, 23.75, 9999.0, 22.55, 9999.0, 128.61, 133.0, 112.82, 90.98, 136.25
2025-12-11, 00:38:55, 132.2, 54.25, 23.75, 23.75, 9999.0, 14.18, 13.82, 23.75, 9999.0, 22.52, 9999.0, 128.61, 133.0, 112.8, 91.0, 136.25
2025-12-11, 00:38:59, 132.2, 54.25, 23.75, 23.75, 9999.0, 14.2, 13.84, 23.75, 9999.0, 22.5, 9999.0, 128.61, 133.0, 112.82, 91.0, 136.25
2025-12-11, 00:39:03, 132.2, 54.25, 23.75, 23.75, 9999.0, 14.23, 13.84, 23.75, 9999.0, 22.5, 9999.0, 128.64, 133.0, 112.82, 91.0, 136.25
2025-12-11, 00:39:07, 132.2, 54.25, 23.75, 23.75, 9999.0, 14.25, 13.84, 23.75, 9999.0, 22.52, 9999.0, 128.64, 133.0, 112.82, 91.0, 136.25
2025-12-11, 00:39:11, 132.2, 54.27, 23.75, 23.75, 9999.0, 14.27, 13.86, 23.75, 9999.0, 22.55, 9999.0, 128.66, 133.0, 112.82, 91.0, 136.25
2025-12-11, 00:39:15, 132.2, 54.27, 23.75, 23.75, 9999.0, 14.27, 13.89, 23.75, 9999.0, 22.57, 9999.0, 128.68, 133.0, 112.82, 91.0, 136.25
2025-12-11, 00:39:19, 132.23, 54.3, 23.75, 23.75, 9999.0, 14.25, 13.89, 23.75, 9999.0, 22.61, 9999.0, 128.7, 133.0, 112.82, 91.0, 136.25
2025-12-11, 00:39:23, 132.2, 54.3, 23.75, 23.75, 9999.0, 14.23, 13.89, 23.75, 9999.0, 22.64, 9999.0, 128.73, 133.0, 112.84, 91.0, 136.25
2025-12-11, 00:39:27, 132.2, 54.3, 23.75, 23.75, 9999.0, 14.18, 13.89, 23.75, 9999.0, 22.66, 9999.0, 128.75, 133.0, 112.84, 91.0, 136.23
2025-12-11, 00:39:31, 132.2, 54.3, 23.75, 23.75, 9999.0, 14.16, 13.89, 23.75, 9999.0, 22.68, 9999.0, 128.75, 133.0, 112.86, 91.0, 136.23
2025-12-11, 00:39:35, 132.2, 54.32, 23.73, 23.75, 9999.0, 14.14, 13.91, 23.75, 9999.0, 22.7, 9999.0, 128.75, 133.0, 112.89, 91.0, 136.23
2025-12-11, 00:39:40, 132.18, 54.32, 23.73, 23.75, 9999.0, 14.11, 13.91, 23.75, 9999.0, 22.73, 9999.0, 128.75, 133.0, 112.91, 91.0, 136.23
2025-12-11, 00:39:44, 132.18, 54.32, 23.73, 23.75, 9999.0, 14.09, 13.89, 23.75, 9999.0, 22.75, 9999.0, 128.73, 133.0, 112.91, 91.0, 136.23
2025-12-11, 00:39:48, 132.18, 54.32, 23.73, 23.75, 9999.0, 14.09, 13.86, 23.75, 9999.0, 22.75, 9999.0, 128.7, 133.0, 112.91, 91.0, 136.23
2025-12-11, 00:39:52, 132.18, 54.32, 23.73, 23.75, 9999.0, 14.07, 13.86, 23.75, 9999.0, 22.75, 9999.0, 128.68, 133.0, 112.93, 91.0, 136.23
2025-12-11, 00:39:56, 132.16, 54.32, 23.73, 23.75, 9999.0, 14.07, 13.84, 23.75, 9999.0, 22.75, 9999.0, 128.66, 133.0, 112.93, 91.0, 136.23
2025-12-11, 00:40:00, 132.14, 54.32, 23.73, 23.75, 9999.0, 14.09, 13.84, 23.75, 9999.0, 22.73, 9999.0, 128.64, 133.0, 112.93, 91.0, 136.2
2025-12-11, 00:40:04, 132.11, 54.3, 23.73, 23.75, 9999.0, 14.11, 13.82, 23.75, 9999.0, 22.7, 9999.0, 128.64, 133.0, 112.91, 91.0, 136.2
2025-12-11, 00:40:08, 132.14, 54.32, 23.73, 23.75, 9999.0, 14.14, 13.82, 23.75, 9999.0, 22.7, 9999.0, 128.64, 133.0, 112.89, 91.0, 136.2
2025-12-11, 00:40:12, 132.14, 54.34, 23.73, 23.75, 9999.0, 14.16, 13.8, 23.75, 9999.0, 22.7, 9999.0, 128.64, 133.0, 112.91, 91.0, 136.23
2025-12-11, 00:40:16, 132.11, 54.36, 23.73, 23.75, 9999.0, 14.18, 13.8, 23.75, 9999.0, 22.7, 9999.0, 128.66, 133.0, 112.89, 91.0, 136.23
2025-12-11, 00:40:20, 132.14, 54.34, 23.75, 23.75, 9999.0, 14.2, 13.8, 23.75, 9999.0, 22.68, 9999.0, 128.68, 133.0, 112.86, 91.0, 136.23
2025-12-11, 00:40:24, 132.16, 54.36, 23.75, 23.75, 9999.0, 14.23, 13.8, 23.75, 9999.0, 22.68, 9999.0, 128.68, 133.0, 112.84, 91.0, 136.23
2025-12-11, 00:40:28, 132.16, 54.39, 23.73, 23.75, 9999.0, 14.25, 13.82, 23.75, 9999.0, 22.68, 9999.0, 128.7, 133.0, 112.82, 91.0, 136.23
2025-12-11, 00:40:32, 132.14, 54.39, 23.7, 23.75, 9999.0, 14.23, 13.84, 23.75, 9999.0, 22.7, 9999.0, 128.73, 133.0, 112.82, 91.0, 136.23
2025-12-11, 00:40:36, 132.14, 54.41, 23.7, 23.75, 9999.0, 14.23, 13.84, 23.75, 9999.0, 22.7, 9999.0, 128.75, 133.0, 112.8, 91.0, 136.23
2025-12-11, 00:40:40, 132.16, 54.39, 23.7, 23.75, 9999.0, 14.2, 13.84, 23.75, 9999.0, 22.7, 9999.0, 128.77, 133.0, 112.8, 91.0, 136.23
2025-12-11, 00:40:44, 132.18, 54.41, 23.68, 23.75, 9999.0, 14.16, 13.82, 23.75, 9999.0, 22.73, 9999.0, 128.8, 133.0, 112.77, 91.0, 136.25
2025-12-11, 00:40:48, 132.18, 54.43, 23.68, 23.75, 9999.0, 14.14, 13.84, 23.75, 9999.0, 22.73, 9999.0, 128.8, 133.0, 112.77, 91.0, 136.25
2025-12-11, 00:40:52, 132.18, 54.41, 23.68, 23.75, 9999.0, 14.11, 13.86, 23.75, 9999.0, 22.73, 9999.0, 128.77, 133.0, 112.77, 91.0, 136.25
2025-12-11, 00:40:56, 132.18, 54.39, 23.68, 23.75, 9999.0, 14.09, 13.86, 23.75, 9999.0, 22.73, 9999.0, 128.77, 133.0, 112.75, 91.0, 136.25
2025-12-11, 00:41:00, 132.18, 54.36, 23.66, 23.75, 9999.0, 14.07, 13.86, 23.75, 9999.0, 22.73, 9999.0, 128.73, 133.0, 112.75, 91.0, 136.25
2025-12-11, 00:41:04, 132.16, 54.39, 23.66, 23.75, 9999.0, 14.07, 13.84, 23.75, 9999.0, 22.75, 9999.0, 128.68, 133.0, 112.75, 91.0, 136.25
2025-12-11, 00:41:08, 132.14, 54.36, 23.64, 23.75, 9999.0, 14.07, 13.84, 23.75, 9999.0, 22.75, 9999.0, 128.66, 133.0, 112.75, 91.0, 136.25
2025-12-11, 00:41:12, 132.14, 54.34, 23.66, 23.75, 9999.0, 14.07, 13.84, 23.75, 9999.0, 22.75, 9999.0, 128.64, 133.0, 112.75, 91.0, 136.25
2025-12-11, 00:41:16, 132.14, 54.34, 23.68, 23.75, 9999.0, 14.11, 13.84, 23.75, 9999.0, 22.75, 9999.0, 128.61, 133.0, 112.75, 91.0, 136.25
2025-12-11, 00:41:20, 132.11, 54.32, 23.68, 23.75, 9999.0, 14.14, 13.84, 23.75, 9999.0, 22.75, 9999.0, 128.61, 133.0, 112.75, 91.0, 136.25
2025-12-11, 00:41:24, 132.11, 54.34, 23.68, 23.75, 9999.0, 14.16, 13.84, 23.75, 9999.0, 22.75, 9999.0, 128.61, 133.0, 112.75, 91.0, 136.25
2025-12-11, 00:41:28, 132.09, 54.32, 23.68, 23.75, 9999.0, 14.18, 13.86, 23.75, 9999.0, 22.75, 9999.0, 128.61, 133.0, 112.77, 90.98, 136.23
2025-12-11, 00:41:32, 132.11, 54.3, 23.68, 23.75, 9999.0, 14.2, 13.86, 23.75, 9999.0, 22.75, 9999.0, 128.64, 133.0, 112.77, 90.98, 136.23
2025-12-11, 00:41:36, 132.11, 54.3, 23.68, 23.75, 9999.0, 14.23, 13.86, 23.75, 9999.0, 22.75, 9999.0, 128.66, 133.0, 112.77, 90.98, 136.23
2025-12-11, 00:41:40, 132.09, 54.3, 23.68, 23.75, 9999.0, 14.23, 13.89, 23.75, 9999.0, 22.77, 9999.0, 128.68, 133.0, 112.77, 90.98, 136.23
2025-12-11, 00:41:44, 132.09, 54.32, 23.7, 23.75, 9999.0, 14.25, 13.89, 23.75, 9999.0, 22.77, 9999.0, 128.7, 133.0, 112.77, 90.98, 136.23
2025-12-11, 00:41:48, 132.11, 54.3, 23.7, 23.75, 9999.0, 14.23, 13.89, 23.75, 9999.0, 22.8, 9999.0, 128.73, 133.0, 112.77, 90.98, 136.23
2025-12-11, 00:41:52, 132.14, 54.32, 23.73, 23.75, 9999.0, 14.2, 13.91, 23.75, 9999.0, 22.82, 9999.0, 128.75, 133.0, 112.77, 90.98, 136.23
2025-12-11, 00:41:56, 132.11, 54.32, 23.73, 23.75, 9999.0, 14.18, 13.89, 23.75, 9999.0, 22.84, 9999.0, 128.77, 133.0, 112.77, 90.98, 136.23
2025-12-11, 00:42:00, 132.14, 54.32, 23.73, 23.75, 9999.0, 14.14, 13.89, 23.75, 9999.0, 22.86, 9999.0, 128.8, 133.0, 112.77, 90.98, 136.23
2025-12-11, 00:42:04, 132.14, 54.34, 23.73, 23.75, 9999.0, 14.11, 13.91, 23.75, 9999.0, 22.89, 9999.0, 128.77, 133.0, 112.77, 90.98, 136.23
2025-12-11, 00:42:08, 132.14, 54.32, 23.73, 23.75, 9999.0, 14.09, 13.91, 23.75, 9999.0, 22.91, 9999.0, 128.77, 133.0, 112.77, 90.98, 136.23
2025-12-11, 00:42:12, 132.16, 54.32, 23.75, 23.75, 9999.0, 14.07, 13.89, 23.75, 9999.0, 22.93, 9999.0, 128.77, 133.0, 112.75, 90.98, 136.25
2025-12-11, 00:42:16, 132.16, 54.32, 23.75, 23.75, 9999.0, 14.05, 13.86, 23.75, 9999.0, 22.95, 9999.0, 128.73, 133.0, 112.75, 90.98, 136.25
2025-12-11, 00:42:20, 132.16, 54.32, 23.75, 23.75, 9999.0, 14.05, 13.84, 23.75, 9999.0, 22.95, 9999.0, 128.7, 133.0, 112.75, 90.98, 136.25
2025-12-11, 00:42:24, 132.18, 54.32, 23.75, 23.75, 9999.0, 14.07, 13.82, 23.75, 9999.0, 22.93, 9999.0, 128.66, 133.0, 112.75, 90.98, 136.25
2025-12-11, 00:42:28, 132.2, 54.3, 23.75, 23.75, 9999.0, 14.07, 13.84, 23.75, 9999.0, 22.93, 9999.0, 128.64, 133.0, 112.75, 90.98, 136.25
2025-12-11, 00:42:32, 132.2, 54.3, 23.75, 23.75, 9999.0, 14.11, 13.84, 23.75, 9999.0, 22.91, 9999.0, 128.61, 133.0, 112.75, 90.98, 136.25
2025-12-11, 00:42:36, 132.18, 54.3, 23.75, 23.75, 9999.0, 14.14, 13.82, 23.75, 9999.0, 22.89, 9999.0, 128.61, 133.0, 112.75, 90.98, 136.25
2025-12-11, 00:42:40, 132.2, 54.3, 23.75, 23.75, 9999.0, 14.16, 13.84, 23.75, 9999.0, 22.86, 9999.0, 128.61, 133.0, 112.75, 90.98, 136.25
2025-12-11, 00:42:44, 132.2, 54.3, 23.75, 23.75, 9999.0, 14.18, 13.82, 23.75, 9999.0, 22.84, 9999.0, 128.64, 133.0, 112.75, 90.98, 136.25
2025-12-11, 00:42:48, 132.23, 54.27, 23.75, 23.75, 9999.0, 14.2, 13.82, 23.75, 9999.0, 22.82, 9999.0, 128.66, 133.0, 112.77, 90.98, 136.25
2025-12-11, 00:42:52, 132.2, 54.27, 23.73, 23.75, 9999.0, 14.23, 13.84, 23.75, 9999.0, 22.8, 9999.0, 128.66, 133.0, 112.8, 90.98, 136.23
2025-12-11, 00:42:56, 132.2, 54.27, 23.7, 23.75, 9999.0, 14.25, 13.86, 23.75, 9999.0, 22.8, 9999.0, 128.66, 133.0, 112.8, 91.0, 136.23
2025-12-11, 00:43:00, 132.2, 54.3, 23.7, 23.75, 9999.0, 14.27, 13.86, 23.75, 9999.0, 22.77, 9999.0, 128.68, 133.0, 112.8, 91.0, 136.23
2025-12-11, 00:43:04, 132.2, 54.3, 23.7, 23.75, 9999.0, 14.25, 13.89, 23.75, 9999.0, 22.8, 9999.0, 128.7, 133.0, 112.8, 91.0, 136.23
2025-12-11, 00:43:08, 132.2, 54.3, 23.7, 23.75, 9999.0, 14.23, 13.91, 23.75, 9999.0, 22.82, 9999.0, 128.73, 133.0, 112.8, 91.0, 136.23
2025-12-11, 00:43:12, 132.2, 54.3, 23.68, 23.75, 9999.0, 14.2, 13.89, 23.75, 9999.0, 22.84, 9999.0, 128.75, 133.0, 112.8, 91.0, 136.23
2025-12-11, 00:43:16, 132.18, 54.32, 23.66, 23.75, 9999.0, 14.16, 13.89, 23.75, 9999.0, 22.86, 9999.0, 128.77, 133.0, 112.8, 91.0, 136.23
2025-12-11, 00:43:20, 132.2, 54.3, 23.66, 23.75, 9999.0, 14.14, 13.89, 23.75, 9999.0, 22.89, 9999.0, 128.77, 133.0, 112.8, 91.0, 136.23
2025-12-11, 00:43:25, 132.18, 54.32, 23.66, 23.75, 9999.0, 14.11, 13.86, 23.75, 9999.0, 22.91, 9999.0, 128.75, 133.0, 112.8, 91.0, 136.23
2025-12-11, 00:43:29, 132.16, 54.34, 23.66, 23.75, 9999.0, 14.09, 13.86, 23.75, 9999.0, 22.91, 9999.0, 128.7, 133.0, 112.8, 91.0, 136.2
2025-12-11, 00:43:33, 132.16, 54.34, 23.66, 23.75, 9999.0, 14.07, 13.84, 23.75, 9999.0, 22.93, 9999.0, 128.68, 133.0, 112.77, 91.0, 136.2
2025-12-11, 00:43:37, 132.18, 54.34, 23.68, 23.75, 9999.0, 14.07, 13.82, 23.75, 9999.0, 22.93, 9999.0, 128.66, 133.0, 112.75, 91.0, 136.23
2025-12-11, 00:43:41, 132.16, 54.34, 23.7, 23.75, 9999.0, 14.07, 13.8, 23.75, 9999.0, 22.91, 9999.0, 128.64, 133.0, 112.75, 91.0, 136.23
2025-12-11, 00:43:45, 132.16, 54.32, 23.7, 23.75, 9999.0, 14.07, 13.8, 23.75, 9999.0, 22.91, 9999.0, 128.61, 133.0, 112.75, 91.0, 136.23
2025-12-11, 00:43:49, 132.16, 54.32, 23.7, 23.75, 9999.0, 14.09, 13.8, 23.75, 9999.0, 22.89, 9999.0, 128.59, 133.0, 112.75, 90.98, 136.23
2025-12-11, 00:43:53, 132.14, 54.32, 23.7, 23.75, 9999.0, 14.11, 13.8, 23.75, 9999.0, 22.86, 9999.0, 128.59, 133.0, 112.75, 90.98, 136.23
2025-12-11, 00:43:57, 132.14, 54.34, 23.73, 23.75, 9999.0, 14.14, 13.8, 23.75, 9999.0, 22.84, 9999.0, 128.59, 133.0, 112.75, 90.98, 136.23
2025-12-11, 00:44:01, 132.16, 54.34, 23.75, 23.75, 9999.0, 14.16, 13.8, 23.75, 9999.0, 22.82, 9999.0, 128.59, 133.0, 112.75, 90.98, 136.2
2025-12-11, 00:44:05, 132.16, 54.36, 23.75, 23.75, 9999.0, 14.18, 13.82, 23.75, 9999.0, 22.82, 9999.0, 128.59, 133.0, 112.77, 90.98, 136.18
2025-12-11, 00:44:09, 132.16, 54.36, 23.75, 23.75, 9999.0, 14.2, 13.84, 23.75, 9999.0, 22.8, 9999.0, 128.64, 133.0, 112.77, 90.98, 136.16
2025-12-11, 00:44:13, 132.16, 54.34, 23.75, 23.75, 9999.0, 14.2, 13.86, 23.75, 9999.0, 22.82, 9999.0, 128.66, 133.0, 112.77, 90.98, 136.18
2025-12-11, 00:44:17, 132.14, 54.36, 23.75, 23.75, 9999.0, 14.23, 13.89, 23.75, 9999.0, 22.82, 9999.0, 128.68, 133.0, 112.77, 90.98, 136.18
2025-12-11, 00:44:21, 132.14, 54.36, 23.75, 23.75, 9999.0, 14.23, 13.91, 23.75, 9999.0, 22.86, 9999.0, 128.7, 133.0, 112.8, 90.98, 136.18
2025-12-11, 00:44:25, 132.14, 54.39, 23.75, 23.75, 9999.0, 14.2, 13.91, 23.75, 9999.0, 22.91, 9999.0, 128.73, 133.0, 112.8, 90.98, 136.18
2025-12-11, 00:44:29, 132.14, 54.39, 23.75, 23.75, 9999.0, 14.18, 13.91, 23.75, 9999.0, 22.95, 9999.0, 128.75, 133.0, 112.8, 90.98, 136.16
2025-12-11, 00:44:33, 132.14, 54.41, 23.75, 23.75, 9999.0, 14.16, 13.89, 23.75, 9999.0, 22.98, 9999.0, 128.77, 133.0, 112.82, 91.0, 136.16
2025-12-11, 00:44:37, 132.16, 54.41, 23.75, 23.75, 9999.0, 14.14, 13.86, 23.75, 9999.0, 23.0, 9999.0, 128.75, 133.0, 112.84, 91.0, 136.16
2025-12-11, 00:44:41, 132.14, 54.41, 23.73, 23.75, 9999.0, 14.11, 13.86, 23.75, 9999.0, 23.02, 9999.0, 128.75, 133.0, 112.84, 90.98, 136.16
2025-12-11, 00:44:45, 132.14, 54.39, 23.73, 23.75, 9999.0, 14.09, 13.86, 23.75, 9999.0, 23.05, 9999.0, 128.73, 133.0, 112.84, 90.98, 136.18
2025-12-11, 00:44:49, 132.11, 54.36, 23.73, 23.75, 9999.0, 14.07, 13.84, 23.75, 9999.0, 23.05, 9999.0, 128.7, 133.0, 112.84, 90.98, 136.2
2025-12-11, 00:44:53, 132.14, 54.34, 23.73, 23.75, 9999.0, 14.07, 13.82, 23.75, 9999.0, 23.07, 9999.0, 128.66, 133.0, 112.84, 90.98, 136.23
2025-12-11, 00:44:57, 132.14, 54.34, 23.73, 23.75, 9999.0, 14.09, 13.8, 23.75, 9999.0, 23.05, 9999.0, 128.64, 133.0, 112.84, 90.98, 136.23
2025-12-11, 00:45:01, 132.14, 54.32, 23.73, 23.75, 9999.0, 14.09, 13.8, 23.75, 9999.0, 23.02, 9999.0, 128.61, 133.0, 112.84, 90.98, 136.23
