2026-09-02, 00:00:02, 22.75, 22.91, 23.25, 23.25, 9999.0, 9999.0, 9999.0, 24.48, 9999.0, 23.02, 9999.0, 23.0, 22.91, 22.68, 22.75, 22.75
2026-09-02, 00:00:06, 22.75, 22.91, 23.25, 23.25, 9999.0, 9999.0, 9999.0, 24.43, 9999.0, 23.0, 9999.0, 23.0, 22.89, 22.68, 22.75, 22.75
2026-09-02, 00:00:10, 22.75, 22.91, 23.25, 23.25, 9999.0, 9999.0, 9999.0, 24.39, 9999.0, 23.0, 9999.0, 23.02, 22.89, 22.68, 22.75, 22.75
2026-09-02, 00:00:14, 22.75, 22.91, 23.25, 23.25, 9999.0, 9999.0, 9999.0, 24.34, 9999.0, 22.98, 9999.0, 23.05, 22.89, 22.7, 22.75, 22.75
2026-09-02, 00:00:18, 22.75, 22.93, 23.25, 23.25, 9999.0, 9999.0, 9999.0, 24.32, 9999.0, 22.95, 9999.0, 23.07, 22.89, 22.73, 22.75, 22.75
2026-09-02, 00:00:22, 22.75, 22.93, 23.25, 23.25, 9999.0, 9999.0, 9999.0, 24.27, 9999.0, 22.95, 9999.0, 23.09, 22.89, 22.7, 22.75, 22.75
2026-09-02, 00:00:26, 22.75, 22.95, 23.25, 23.25, 9999.0, 9999.0, 9999.0, 24.23, 9999.0, 22.95, 9999.0, 23.09, 22.89, 22.7, 22.75, 22.75
2026-09-02, 00:00:30, 22.75, 22.93, 23.25, 23.25, 9999.0, 9999.0, 9999.0, 24.18, 9999.0, 22.98, 9999.0, 23.09, 22.89, 22.7, 22.75, 22.75
2026-09-02, 00:00:34, 22.75, 22.95, 23.25, 23.23, 9999.0, 9999.0, 9999.0, 24.16, 9999.0, 23.0, 9999.0, 23.09, 22.89, 22.73, 22.75, 22.75
2026-09-02, 00:00:38, 22.75, 22.93, 23.25, 23.23, 9999.0, 9999.0, 9999.0, 24.14, 9999.0, 23.02, 9999.0, 23.09, 22.91, 22.73, 22.75, 22.75
2026-09-02, 00:00:43, 22.75, 22.93, 23.25, 23.23, 9999.0, 9999.0, 9999.0, 24.18, 9999.0, 23.05, 9999.0, 23.09, 22.93, 22.73, 22.75, 22.75
2026-09-02, 00:00:47, 22.75, 22.93, 23.25, 23.23, 9999.0, 9999.0, 9999.0, 24.23, 9999.0, 23.07, 9999.0, 23.09, 22.95, 22.73, 22.75, 22.75
2026-09-02, 00:00:51, 22.75, 22.93, 23.25, 23.23, 9999.0, 9999.0, 9999.0, 24.27, 9999.0, 23.07, 9999.0, 23.09, 22.98, 22.73, 22.75, 22.75
2026-09-02, 00:00:55, 22.75, 22.91, 23.25, 23.2, 9999.0, 9999.0, 9999.0, 24.3, 9999.0, 23.07, 9999.0, 23.07, 22.98, 22.73, 22.75, 22.75
2026-09-02, 00:00:59, 22.75, 22.91, 23.25, 23.2, 9999.0, 9999.0, 9999.0, 24.32, 9999.0, 23.09, 9999.0, 23.05, 22.95, 22.73, 22.75, 22.75
2026-09-02, 00:01:03, 22.75, 22.91, 23.25, 23.2, 9999.0, 9999.0, 9999.0, 24.34, 9999.0, 23.11, 9999.0, 23.02, 22.93, 22.73, 22.75, 22.75
2026-09-02, 00:01:07, 22.75, 22.91, 23.25, 23.2, 9999.0, 9999.0, 9999.0, 24.39, 9999.0, 23.11, 9999.0, 23.0, 22.93, 22.75, 22.75, 22.75
2026-09-02, 00:01:11, 22.75, 22.91, 23.25, 23.18, 9999.0, 9999.0, 9999.0, 24.43, 9999.0, 23.11, 9999.0, 23.0, 22.91, 22.75, 22.75, 22.75
2026-09-02, 00:01:15, 22.75, 22.91, 23.25, 23.18, 9999.0, 9999.0, 9999.0, 24.48, 9999.0, 23.09, 9999.0, 23.0, 22.89, 22.75, 22.75, 22.75
2026-09-02, 00:01:19, 22.75, 22.91, 23.25, 23.2, 9999.0, 9999.0, 9999.0, 24.52, 9999.0, 23.07, 9999.0, 23.0, 22.86, 22.75, 22.75, 22.75
2026-09-02, 00:01:23, 22.75, 22.91, 23.25, 23.2, 9999.0, 9999.0, 9999.0, 24.55, 9999.0, 23.05, 9999.0, 23.0, 22.84, 22.75, 22.75, 22.75
2026-09-02, 00:01:27, 22.75, 22.93, 23.25, 23.2, 9999.0, 9999.0, 9999.0, 24.5, 9999.0, 23.02, 9999.0, 23.02, 22.82, 22.75, 22.75, 22.75
2026-09-02, 00:01:31, 22.75, 22.93, 23.25, 23.18, 9999.0, 9999.0, 9999.0, 24.45, 9999.0, 23.0, 9999.0, 23.05, 22.8, 22.75, 22.75, 22.75
2026-09-02, 00:01:35, 22.75, 22.91, 23.25, 23.18, 9999.0, 9999.0, 9999.0, 24.41, 9999.0, 23.0, 9999.0, 23.07, 22.8, 22.75, 22.75, 22.75
2026-09-02, 00:01:39, 22.75, 22.93, 23.25, 23.2, 9999.0, 9999.0, 9999.0, 24.39, 9999.0, 23.02, 9999.0, 23.09, 22.8, 22.73, 22.75, 22.75
2026-09-02, 00:01:43, 22.75, 22.91, 23.25, 23.2, 9999.0, 9999.0, 9999.0, 24.36, 9999.0, 23.05, 9999.0, 23.09, 22.82, 22.73, 22.75, 22.75
2026-09-02, 00:01:47, 22.75, 22.89, 23.25, 23.2, 9999.0, 9999.0, 9999.0, 24.34, 9999.0, 23.07, 9999.0, 23.09, 22.84, 22.7, 22.75, 22.75
2026-09-02, 00:01:51, 22.75, 22.86, 23.25, 23.2, 9999.0, 9999.0, 9999.0, 24.3, 9999.0, 23.09, 9999.0, 23.09, 22.86, 22.7, 22.75, 22.75
2026-09-02, 00:01:55, 22.75, 22.86, 23.25, 23.23, 9999.0, 9999.0, 9999.0, 24.25, 9999.0, 23.11, 9999.0, 23.09, 22.89, 22.7, 22.75, 22.75
2026-09-02, 00:01:59, 22.75, 22.89, 23.25, 23.23, 9999.0, 9999.0, 9999.0, 24.27, 9999.0, 23.14, 9999.0, 23.09, 22.91, 22.7, 22.75, 22.75
2026-09-02, 00:02:03, 22.75, 22.89, 23.25, 23.23, 9999.0, 9999.0, 9999.0, 24.3, 9999.0, 23.14, 9999.0, 23.09, 22.93, 22.7, 22.75, 22.75
2026-09-02, 00:02:07, 22.75, 22.91, 23.25, 23.23, 9999.0, 9999.0, 9999.0, 24.34, 9999.0, 23.14, 9999.0, 23.09, 22.95, 22.7, 22.75, 22.75
2026-09-02, 00:02:11, 22.75, 22.91, 23.25, 23.23, 9999.0, 9999.0, 9999.0, 24.39, 9999.0, 23.14, 9999.0, 23.07, 22.98, 22.7, 22.75, 22.75
2026-09-02, 00:02:15, 22.75, 22.91, 23.25, 23.25, 9999.0, 9999.0, 9999.0, 24.41, 9999.0, 23.14, 9999.0, 23.05, 23.0, 22.7, 22.73, 22.75
2026-09-02, 00:02:19, 22.75, 22.91, 23.25, 23.25, 9999.0, 9999.0, 9999.0, 24.43, 9999.0, 23.14, 9999.0, 23.02, 23.0, 22.7, 22.73, 22.75
2026-09-02, 00:02:23, 22.75, 22.91, 23.23, 23.23, 9999.0, 9999.0, 9999.0, 24.45, 9999.0, 23.11, 9999.0, 23.0, 22.98, 22.73, 22.7, 22.75
2026-09-02, 00:02:27, 22.75, 22.91, 23.23, 23.23, 9999.0, 9999.0, 9999.0, 24.48, 9999.0, 23.09, 9999.0, 23.0, 22.98, 22.7, 22.7, 22.75
2026-09-02, 00:02:31, 22.75, 22.91, 23.2, 23.23, 9999.0, 9999.0, 9999.0, 24.5, 9999.0, 23.07, 9999.0, 23.0, 22.98, 22.7, 22.7, 22.75
2026-09-02, 00:02:35, 22.75, 22.91, 23.2, 23.23, 9999.0, 9999.0, 9999.0, 24.55, 9999.0, 23.05, 9999.0, 23.0, 22.98, 22.68, 22.7, 22.75
2026-09-02, 00:02:39, 22.75, 22.91, 23.18, 23.23, 9999.0, 9999.0, 9999.0, 24.59, 9999.0, 23.02, 9999.0, 23.0, 22.95, 22.68, 22.7, 22.75
2026-09-02, 00:02:43, 22.75, 22.91, 23.16, 23.2, 9999.0, 9999.0, 9999.0, 24.57, 9999.0, 23.0, 9999.0, 23.0, 22.93, 22.66, 22.7, 22.75
2026-09-02, 00:02:47, 22.75, 22.91, 23.14, 23.2, 9999.0, 9999.0, 9999.0, 24.52, 9999.0, 23.0, 9999.0, 23.02, 22.93, 22.64, 22.7, 22.75
2026-09-02, 00:02:51, 22.75, 22.91, 23.14, 23.2, 9999.0, 9999.0, 9999.0, 24.48, 9999.0, 22.98, 9999.0, 23.05, 22.93, 22.64, 22.7, 22.75
2026-09-02, 00:02:55, 22.75, 22.91, 23.11, 23.2, 9999.0, 9999.0, 9999.0, 24.43, 9999.0, 22.98, 9999.0, 23.07, 22.91, 22.64, 22.7, 22.75
2026-09-02, 00:02:59, 22.75, 22.91, 23.11, 23.18, 9999.0, 9999.0, 9999.0, 24.41, 9999.0, 23.0, 9999.0, 23.09, 22.91, 22.64, 22.73, 22.75
2026-09-02, 00:03:03, 22.75, 22.91, 23.11, 23.16, 9999.0, 9999.0, 9999.0, 24.39, 9999.0, 23.0, 9999.0, 23.11, 22.91, 22.61, 22.73, 22.75
2026-09-02, 00:03:07, 22.75, 22.91, 23.14, 23.18, 9999.0, 9999.0, 9999.0, 24.34, 9999.0, 23.02, 9999.0, 23.14, 22.93, 22.61, 22.75, 22.75
2026-09-02, 00:03:11, 22.75, 22.93, 23.14, 23.18, 9999.0, 9999.0, 9999.0, 24.3, 9999.0, 23.05, 9999.0, 23.16, 22.91, 22.64, 22.75, 22.75
2026-09-02, 00:03:15, 22.75, 22.95, 23.16, 23.16, 9999.0, 9999.0, 9999.0, 24.25, 9999.0, 23.07, 9999.0, 23.16, 22.91, 22.66, 22.75, 22.75
2026-09-02, 00:03:19, 22.75, 22.98, 23.16, 23.16, 9999.0, 9999.0, 9999.0, 24.27, 9999.0, 23.09, 9999.0, 23.16, 22.91, 22.68, 22.75, 22.75
2026-09-02, 00:03:23, 22.75, 22.98, 23.18, 23.16, 9999.0, 9999.0, 9999.0, 24.3, 9999.0, 23.11, 9999.0, 23.16, 22.93, 22.66, 22.75, 22.75
2026-09-02, 00:03:27, 22.75, 22.95, 23.2, 23.18, 9999.0, 9999.0, 9999.0, 24.32, 9999.0, 23.11, 9999.0, 23.16, 22.95, 22.68, 22.75, 22.75
2026-09-02, 00:03:31, 22.75, 22.95, 23.23, 23.16, 9999.0, 9999.0, 9999.0, 24.34, 9999.0, 23.11, 9999.0, 23.14, 22.95, 22.7, 22.75, 22.75
2026-09-02, 00:03:35, 22.75, 22.93, 23.23, 23.14, 9999.0, 9999.0, 9999.0, 24.36, 9999.0, 23.14, 9999.0, 23.11, 22.95, 22.7, 22.73, 22.75
2026-09-02, 00:03:39, 22.75, 22.93, 23.25, 23.11, 9999.0, 9999.0, 9999.0, 24.39, 9999.0, 23.14, 9999.0, 23.09, 22.95, 22.7, 22.73, 22.75
2026-09-02, 00:03:43, 22.75, 22.93, 23.23, 23.11, 9999.0, 9999.0, 9999.0, 24.41, 9999.0, 23.11, 9999.0, 23.07, 22.95, 22.7, 22.73, 22.75
2026-09-02, 00:03:47, 22.75, 22.95, 23.23, 23.14, 9999.0, 9999.0, 9999.0, 24.43, 9999.0, 23.11, 9999.0, 23.05, 22.93, 22.73, 22.73, 22.75
2026-09-02, 00:03:51, 22.75, 22.95, 23.2, 23.11, 9999.0, 9999.0, 9999.0, 24.48, 9999.0, 23.09, 9999.0, 23.02, 22.91, 22.73, 22.73, 22.75
2026-09-02, 00:03:55, 22.75, 22.93, 23.18, 23.09, 9999.0, 9999.0, 9999.0, 24.52, 9999.0, 23.07, 9999.0, 23.02, 22.91, 22.73, 22.73, 22.75
2026-09-02, 00:03:59, 22.75, 22.91, 23.18, 23.09, 9999.0, 9999.0, 9999.0, 24.57, 9999.0, 23.05, 9999.0, 23.02, 22.91, 22.7, 22.73, 22.75
2026-09-02, 00:04:03, 22.75, 22.89, 23.16, 23.09, 9999.0, 9999.0, 9999.0, 24.55, 9999.0, 23.02, 9999.0, 23.02, 22.91, 22.68, 22.73, 22.75
2026-09-02, 00:04:07, 22.75, 22.89, 23.14, 23.09, 9999.0, 9999.0, 9999.0, 24.5, 9999.0, 23.0, 9999.0, 23.05, 22.91, 22.7, 22.73, 22.75
2026-09-02, 00:04:11, 22.75, 22.89, 23.11, 23.07, 9999.0, 9999.0, 9999.0, 24.45, 9999.0, 23.0, 9999.0, 23.07, 22.89, 22.7, 22.73, 22.75
2026-09-02, 00:04:15, 22.75, 22.86, 23.11, 23.09, 9999.0, 9999.0, 9999.0, 24.43, 9999.0, 23.02, 9999.0, 23.09, 22.89, 22.68, 22.73, 22.75
2026-09-02, 00:04:19, 22.75, 22.86, 23.11, 23.09, 9999.0, 9999.0, 9999.0, 24.41, 9999.0, 23.02, 9999.0, 23.09, 22.89, 22.66, 22.75, 22.75
2026-09-02, 00:04:23, 22.75, 22.86, 23.09, 23.09, 9999.0, 9999.0, 9999.0, 24.36, 9999.0, 23.02, 9999.0, 23.09, 22.91, 22.66, 22.73, 22.75
2026-09-02, 00:04:27, 22.75, 22.86, 23.11, 23.09, 9999.0, 9999.0, 9999.0, 24.32, 9999.0, 23.05, 9999.0, 23.11, 22.91, 22.66, 22.73, 22.73
2026-09-02, 00:04:32, 22.75, 22.86, 23.11, 23.07, 9999.0, 9999.0, 9999.0, 24.27, 9999.0, 23.07, 9999.0, 23.11, 22.93, 22.66, 22.73, 22.73
2026-09-02, 00:04:36, 22.75, 22.86, 23.14, 23.07, 9999.0, 9999.0, 9999.0, 24.3, 9999.0, 23.09, 9999.0, 23.11, 22.95, 22.64, 22.73, 22.73
2026-09-02, 00:04:40, 22.75, 22.89, 23.16, 23.07, 9999.0, 9999.0, 9999.0, 24.32, 9999.0, 23.11, 9999.0, 23.09, 22.98, 22.64, 22.73, 22.73
2026-09-02, 00:04:44, 22.75, 22.91, 23.16, 23.07, 9999.0, 9999.0, 9999.0, 24.34, 9999.0, 23.14, 9999.0, 23.09, 22.98, 22.66, 22.73, 22.73
2026-09-02, 00:04:48, 22.75, 22.91, 23.18, 23.05, 9999.0, 9999.0, 9999.0, 24.34, 9999.0, 23.14, 9999.0, 23.09, 22.95, 22.66, 22.73, 22.73
2026-09-02, 00:04:52, 22.75, 22.91, 23.2, 23.02, 9999.0, 9999.0, 9999.0, 24.36, 9999.0, 23.14, 9999.0, 23.07, 22.93, 22.64, 22.73, 22.73
2026-09-02, 00:04:56, 22.75, 22.91, 23.23, 23.05, 9999.0, 9999.0, 9999.0, 24.39, 9999.0, 23.14, 9999.0, 23.05, 22.95, 22.64, 22.73, 22.7
2026-09-02, 00:05:00, 22.75, 22.91, 23.23, 23.05, 9999.0, 9999.0, 9999.0, 24.41, 9999.0, 23.11, 9999.0, 23.02, 22.93, 22.66, 22.73, 22.7
2026-09-02, 00:05:04, 22.75, 22.93, 23.23, 23.05, 9999.0, 9999.0, 9999.0, 24.43, 9999.0, 23.11, 9999.0, 23.02, 22.93, 22.68, 22.73, 22.7
2026-09-02, 00:05:08, 22.75, 22.93, 23.25, 23.07, 9999.0, 9999.0, 9999.0, 24.48, 9999.0, 23.11, 9999.0, 23.02, 22.91, 22.68, 22.75, 22.7
2026-09-02, 00:05:12, 22.75, 22.91, 23.23, 23.07, 9999.0, 9999.0, 9999.0, 24.5, 9999.0, 23.09, 9999.0, 23.0, 22.89, 22.68, 22.75, 22.7
2026-09-02, 00:05:16, 22.75, 22.89, 23.23, 23.09, 9999.0, 9999.0, 9999.0, 24.52, 9999.0, 23.07, 9999.0, 23.0, 22.89, 22.68, 22.75, 22.68
2026-09-02, 00:05:20, 22.75, 22.89, 23.23, 23.11, 9999.0, 9999.0, 9999.0, 24.48, 9999.0, 23.05, 9999.0, 23.0, 22.86, 22.68, 22.75, 22.68
2026-09-02, 00:05:24, 22.75, 22.86, 23.23, 23.11, 9999.0, 9999.0, 9999.0, 24.45, 9999.0, 23.02, 9999.0, 23.02, 22.86, 22.68, 22.75, 22.66
2026-09-02, 00:05:28, 22.75, 22.86, 23.2, 23.11, 9999.0, 9999.0, 9999.0, 24.43, 9999.0, 22.98, 9999.0, 23.05, 22.86, 22.66, 22.75, 22.66
2026-09-02, 00:05:32, 22.75, 22.86, 23.2, 23.14, 9999.0, 9999.0, 9999.0, 24.41, 9999.0, 22.95, 9999.0, 23.07, 22.89, 22.68, 22.75, 22.66
2026-09-02, 00:05:36, 22.75, 22.86, 23.2, 23.16, 9999.0, 9999.0, 9999.0, 24.39, 9999.0, 22.95, 9999.0, 23.09, 22.89, 22.7, 22.75, 22.64
2026-09-02, 00:05:40, 22.75, 22.86, 23.2, 23.14, 9999.0, 9999.0, 9999.0, 24.36, 9999.0, 22.95, 9999.0, 23.11, 22.89, 22.68, 22.75, 22.66
2026-09-02, 00:05:44, 22.75, 22.89, 23.2, 23.14, 9999.0, 9999.0, 9999.0, 24.32, 9999.0, 22.95, 9999.0, 23.14, 22.91, 22.68, 22.75, 22.66
2026-09-02, 00:05:48, 22.75, 22.89, 23.2, 23.16, 9999.0, 9999.0, 9999.0, 24.27, 9999.0, 22.95, 9999.0, 23.14, 22.91, 22.68, 22.75, 22.66
2026-09-02, 00:05:52, 22.75, 22.89, 23.2, 23.14, 9999.0, 9999.0, 9999.0, 24.23, 9999.0, 22.95, 9999.0, 23.14, 22.93, 22.68, 22.75, 22.66
2026-09-02, 00:05:56, 22.75, 22.89, 23.23, 23.14, 9999.0, 9999.0, 9999.0, 24.27, 9999.0, 22.93, 9999.0, 23.14, 22.95, 22.68, 22.75, 22.66
2026-09-02, 00:06:00, 22.75, 22.89, 23.23, 23.11, 9999.0, 9999.0, 9999.0, 24.32, 9999.0, 22.93, 9999.0, 23.14, 22.93, 22.68, 22.75, 22.68
2026-09-02, 00:06:04, 22.75, 22.86, 23.23, 23.09, 9999.0, 9999.0, 9999.0, 24.36, 9999.0, 22.93, 9999.0, 23.14, 22.95, 22.7, 22.75, 22.68
2026-09-02, 00:06:08, 22.75, 22.86, 23.2, 23.09, 9999.0, 9999.0, 9999.0, 24.36, 9999.0, 22.93, 9999.0, 23.11, 22.95, 22.68, 22.75, 22.68
2026-09-02, 00:06:12, 22.75, 22.84, 23.2, 23.09, 9999.0, 9999.0, 9999.0, 24.36, 9999.0, 22.95, 9999.0, 23.09, 22.93, 22.7, 22.75, 22.68
2026-09-02, 00:06:16, 22.75, 22.84, 23.2, 23.09, 9999.0, 9999.0, 9999.0, 24.39, 9999.0, 22.95, 9999.0, 23.07, 22.93, 22.7, 22.75, 22.66
2026-09-02, 00:06:20, 22.75, 22.82, 23.2, 23.07, 9999.0, 9999.0, 9999.0, 24.41, 9999.0, 22.93, 9999.0, 23.05, 22.93, 22.7, 22.75, 22.66
2026-09-02, 00:06:24, 22.75, 22.82, 23.2, 23.07, 9999.0, 9999.0, 9999.0, 24.43, 9999.0, 22.91, 9999.0, 23.02, 22.93, 22.73, 22.75, 22.66
2026-09-02, 00:06:28, 22.75, 22.82, 23.18, 23.07, 9999.0, 9999.0, 9999.0, 24.48, 9999.0, 22.89, 9999.0, 23.0, 22.91, 22.7, 22.75, 22.66
2026-09-02, 00:06:32, 22.75, 22.82, 23.18, 23.05, 9999.0, 9999.0, 9999.0, 24.52, 9999.0, 22.86, 9999.0, 23.0, 22.89, 22.68, 22.75, 22.64
2026-09-02, 00:06:36, 22.75, 22.8, 23.18, 23.05, 9999.0, 9999.0, 9999.0, 24.55, 9999.0, 22.84, 9999.0, 23.0, 22.86, 22.66, 22.75, 22.64
2026-09-02, 00:06:40, 22.75, 22.82, 23.16, 23.05, 9999.0, 9999.0, 9999.0, 24.5, 9999.0, 22.82, 9999.0, 23.02, 22.84, 22.64, 22.75, 22.66
2026-09-02, 00:06:44, 22.75, 22.84, 23.14, 23.05, 9999.0, 9999.0, 9999.0, 24.45, 9999.0, 22.8, 9999.0, 23.05, 22.84, 22.61, 22.75, 22.66
2026-09-02, 00:06:48, 22.75, 22.84, 23.14, 23.07, 9999.0, 9999.0, 9999.0, 24.39, 9999.0, 22.77, 9999.0, 23.07, 22.84, 22.61, 22.75, 22.66
2026-09-02, 00:06:52, 22.75, 22.86, 23.16, 23.07, 9999.0, 9999.0, 9999.0, 24.34, 9999.0, 22.77, 9999.0, 23.09, 22.84, 22.61, 22.75, 22.68
2026-09-02, 00:06:56, 22.75, 22.89, 23.18, 23.07, 9999.0, 9999.0, 9999.0, 24.3, 9999.0, 22.77, 9999.0, 23.09, 22.84, 22.59, 22.75, 22.68
2026-09-02, 00:07:00, 22.75, 22.89, 23.18, 23.05, 9999.0, 9999.0, 9999.0, 24.25, 9999.0, 22.8, 9999.0, 23.09, 22.84, 22.59, 22.75, 22.68
2026-09-02, 00:07:04, 22.75, 22.89, 23.16, 23.05, 9999.0, 9999.0, 9999.0, 24.2, 9999.0, 22.82, 9999.0, 23.09, 22.86, 22.59, 22.75, 22.7
2026-09-02, 00:07:08, 22.75, 22.91, 23.16, 23.05, 9999.0, 9999.0, 9999.0, 24.16, 9999.0, 22.84, 9999.0, 23.09, 22.86, 22.59, 22.75, 22.7
2026-09-02, 00:07:12, 22.75, 22.91, 23.18, 23.05, 9999.0, 9999.0, 9999.0, 24.18, 9999.0, 22.86, 9999.0, 23.09, 22.89, 22.61, 22.75, 22.7
2026-09-02, 00:07:16, 22.75, 22.91, 23.16, 23.07, 9999.0, 9999.0, 9999.0, 24.2, 9999.0, 22.89, 9999.0, 23.09, 22.91, 22.64, 22.73, 22.73
2026-09-02, 00:07:20, 22.75, 22.91, 23.14, 23.07, 9999.0, 9999.0, 9999.0, 24.25, 9999.0, 22.91, 9999.0, 23.09, 22.93, 22.66, 22.73, 22.73
2026-09-02, 00:07:24, 22.75, 22.91, 23.14, 23.07, 9999.0, 9999.0, 9999.0, 24.27, 9999.0, 22.93, 9999.0, 23.07, 22.93, 22.68, 22.73, 22.73
2026-09-02, 00:07:28, 22.75, 22.91, 23.16, 23.07, 9999.0, 9999.0, 9999.0, 24.3, 9999.0, 22.93, 9999.0, 23.05, 22.93, 22.7, 22.73, 22.73
2026-09-02, 00:07:32, 22.75, 22.91, 23.16, 23.05, 9999.0, 9999.0, 9999.0, 24.32, 9999.0, 22.93, 9999.0, 23.02, 22.93, 22.7, 22.73, 22.73
2026-09-02, 00:07:36, 22.75, 22.91, 23.16, 23.05, 9999.0, 9999.0, 9999.0, 24.34, 9999.0, 22.91, 9999.0, 23.0, 22.93, 22.73, 22.73, 22.73
2026-09-02, 00:07:40, 22.75, 22.91, 23.14, 23.07, 9999.0, 9999.0, 9999.0, 24.39, 9999.0, 22.86, 9999.0, 23.0, 22.93, 22.75, 22.73, 22.73
2026-09-02, 00:07:44, 22.75, 22.93, 23.14, 23.07, 9999.0, 9999.0, 9999.0, 24.43, 9999.0, 22.82, 9999.0, 23.0, 22.93, 22.75, 22.73, 22.75
2026-09-02, 00:07:48, 22.75, 22.93, 23.16, 23.09, 9999.0, 9999.0, 9999.0, 24.45, 9999.0, 22.77, 9999.0, 23.0, 22.91, 22.75, 22.7, 22.75
2026-09-02, 00:07:52, 22.75, 22.91, 23.14, 23.09, 9999.0, 9999.0, 9999.0, 24.48, 9999.0, 22.73, 9999.0, 23.0, 22.89, 22.73, 22.7, 22.75
2026-09-02, 00:07:56, 22.75, 22.91, 23.11, 23.07, 9999.0, 9999.0, 9999.0, 24.43, 9999.0, 22.68, 9999.0, 23.0, 22.86, 22.73, 22.7, 22.73
2026-09-02, 00:08:00, 22.75, 22.89, 23.14, 23.05, 9999.0, 9999.0, 9999.0, 24.36, 9999.0, 22.61, 9999.0, 23.02, 22.86, 22.73, 22.73, 22.73
2026-09-02, 00:08:04, 22.75, 22.89, 23.16, 23.05, 9999.0, 9999.0, 9999.0, 24.3, 9999.0, 22.57, 9999.0, 23.05, 22.86, 22.73, 22.73, 22.73
2026-09-02, 00:08:08, 22.75, 22.89, 23.16, 23.07, 9999.0, 9999.0, 9999.0, 24.25, 9999.0, 22.55, 9999.0, 23.07, 22.89, 22.73, 22.73, 22.73
2026-09-02, 00:08:12, 22.75, 22.89, 23.14, 23.09, 9999.0, 9999.0, 9999.0, 24.2, 9999.0, 22.55, 9999.0, 23.07, 22.89, 22.73, 22.73, 22.73
2026-09-02, 00:08:16, 22.75, 22.89, 23.14, 23.11, 9999.0, 9999.0, 9999.0, 24.16, 9999.0, 22.52, 9999.0, 23.07, 22.86, 22.7, 22.73, 22.73
2026-09-02, 00:08:20, 22.75, 22.89, 23.14, 23.14, 9999.0, 9999.0, 9999.0, 24.11, 9999.0, 22.52, 9999.0, 23.09, 22.86, 22.7, 22.73, 22.73
2026-09-02, 00:08:25, 22.75, 22.89, 23.16, 23.11, 9999.0, 9999.0, 9999.0, 24.05, 9999.0, 22.55, 9999.0, 23.09, 22.89, 22.7, 22.73, 22.73
2026-09-02, 00:08:29, 22.75, 22.89, 23.16, 23.14, 9999.0, 9999.0, 9999.0, 23.98, 9999.0, 22.57, 9999.0, 23.09, 22.89, 22.7, 22.73, 22.73
2026-09-02, 00:08:33, 22.75, 22.91, 23.16, 23.14, 9999.0, 9999.0, 9999.0, 24.0, 9999.0, 22.59, 9999.0, 23.09, 22.91, 22.68, 22.75, 22.73
2026-09-02, 00:08:37, 22.75, 22.91, 23.18, 23.16, 9999.0, 9999.0, 9999.0, 24.02, 9999.0, 22.61, 9999.0, 23.09, 22.91, 22.68, 22.75, 22.73
2026-09-02, 00:08:41, 22.75, 22.89, 23.2, 23.18, 9999.0, 9999.0, 9999.0, 24.05, 9999.0, 22.61, 9999.0, 23.09, 22.91, 22.68, 22.75, 22.75
2026-09-02, 00:08:45, 22.75, 22.89, 23.2, 23.18, 9999.0, 9999.0, 9999.0, 24.07, 9999.0, 22.64, 9999.0, 23.07, 22.91, 22.66, 22.75, 22.75
2026-09-02, 00:08:49, 22.75, 22.91, 23.2, 23.2, 9999.0, 9999.0, 9999.0, 24.09, 9999.0, 22.64, 9999.0, 23.05, 22.91, 22.66, 22.75, 22.75
2026-09-02, 00:08:53, 22.75, 22.89, 23.23, 23.2, 9999.0, 9999.0, 9999.0, 24.11, 9999.0, 22.64, 9999.0, 23.02, 22.89, 22.66, 22.75, 22.75
2026-09-02, 00:08:57, 22.75, 22.86, 23.25, 23.2, 9999.0, 9999.0, 9999.0, 24.11, 9999.0, 22.61, 9999.0, 23.02, 22.91, 22.66, 22.75, 22.75
2026-09-02, 00:09:01, 22.75, 22.89, 23.25, 23.2, 9999.0, 9999.0, 9999.0, 24.16, 9999.0, 22.61, 9999.0, 23.02, 22.93, 22.68, 22.75, 22.75
2026-09-02, 00:09:05, 22.75, 22.86, 23.25, 23.2, 9999.0, 9999.0, 9999.0, 24.2, 9999.0, 22.59, 9999.0, 23.0, 22.91, 22.68, 22.75, 22.75
2026-09-02, 00:09:09, 22.75, 22.84, 23.25, 23.23, 9999.0, 9999.0, 9999.0, 24.23, 9999.0, 22.55, 9999.0, 23.0, 22.89, 22.66, 22.75, 22.75
2026-09-02, 00:09:13, 22.75, 22.82, 23.25, 23.2, 9999.0, 9999.0, 9999.0, 24.25, 9999.0, 22.5, 9999.0, 23.0, 22.86, 22.66, 22.75, 22.75
2026-09-02, 00:09:17, 22.75, 22.8, 23.25, 23.2, 9999.0, 9999.0, 9999.0, 24.2, 9999.0, 22.45, 9999.0, 23.02, 22.86, 22.68, 22.75, 22.75
2026-09-02, 00:09:21, 22.75, 22.82, 23.23, 23.2, 9999.0, 9999.0, 9999.0, 24.16, 9999.0, 22.41, 9999.0, 23.05, 22.89, 22.7, 22.75, 22.75
2026-09-02, 00:09:25, 22.75, 22.84, 23.23, 23.2, 9999.0, 9999.0, 9999.0, 24.11, 9999.0, 22.39, 9999.0, 23.07, 22.89, 22.7, 22.75, 22.75
2026-09-02, 00:09:29, 22.75, 22.86, 23.23, 23.2, 9999.0, 9999.0, 9999.0, 24.07, 9999.0, 22.39, 9999.0, 23.09, 22.89, 22.73, 22.75, 22.75
2026-09-02, 00:09:33, 22.75, 22.86, 23.23, 23.2, 9999.0, 9999.0, 9999.0, 24.02, 9999.0, 22.39, 9999.0, 23.11, 22.89, 22.73, 22.75, 22.75
2026-09-02, 00:09:37, 22.75, 22.86, 23.23, 23.2, 9999.0, 9999.0, 9999.0, 23.98, 9999.0, 22.39, 9999.0, 23.11, 22.91, 22.73, 22.75, 22.75
2026-09-02, 00:09:41, 22.75, 22.89, 23.23, 23.2, 9999.0, 9999.0, 9999.0, 23.95, 9999.0, 22.39, 9999.0, 23.11, 22.91, 22.73, 22.75, 22.75
2026-09-02, 00:09:45, 22.75, 22.86, 23.23, 23.2, 9999.0, 9999.0, 9999.0, 23.91, 9999.0, 22.39, 9999.0, 23.11, 22.91, 22.73, 22.75, 22.75
2026-09-02, 00:09:49, 22.75, 22.89, 23.23, 23.2, 9999.0, 9999.0, 9999.0, 23.93, 9999.0, 22.39, 9999.0, 23.11, 22.93, 22.73, 22.75, 22.75
2026-09-02, 00:09:53, 22.75, 22.91, 23.23, 23.2, 9999.0, 9999.0, 9999.0, 23.98, 9999.0, 22.41, 9999.0, 23.11, 22.95, 22.73, 22.75, 22.75
2026-09-02, 00:09:57, 22.75, 22.93, 23.23, 23.23, 9999.0, 9999.0, 9999.0, 24.02, 9999.0, 22.43, 9999.0, 23.11, 22.98, 22.73, 22.75, 22.75
2026-09-02, 00:10:01, 22.75, 22.95, 23.23, 23.23, 9999.0, 9999.0, 9999.0, 24.05, 9999.0, 22.45, 9999.0, 23.09, 22.98, 22.73, 22.75, 22.75
2026-09-02, 00:10:05, 22.75, 22.95, 23.25, 23.23, 9999.0, 9999.0, 9999.0, 24.07, 9999.0, 22.48, 9999.0, 23.07, 22.98, 22.73, 22.75, 22.75
2026-09-02, 00:10:09, 22.75, 22.95, 23.25, 23.23, 9999.0, 9999.0, 9999.0, 24.09, 9999.0, 22.5, 9999.0, 23.05, 23.0, 22.7, 22.75, 22.75
2026-09-02, 00:10:13, 22.75, 22.95, 23.25, 23.25, 9999.0, 9999.0, 9999.0, 24.14, 9999.0, 22.48, 9999.0, 23.02, 23.0, 22.7, 22.73, 22.75
2026-09-02, 00:10:17, 22.75, 22.93, 23.23, 23.25, 9999.0, 9999.0, 9999.0, 24.18, 9999.0, 22.45, 9999.0, 23.0, 23.0, 22.7, 22.73, 22.75
2026-09-02, 00:10:21, 22.75, 22.95, 23.23, 23.25, 9999.0, 9999.0, 9999.0, 24.23, 9999.0, 22.43, 9999.0, 23.0, 23.0, 22.68, 22.73, 22.75
2026-09-02, 00:10:25, 22.75, 22.95, 23.23, 23.25, 9999.0, 9999.0, 9999.0, 24.27, 9999.0, 22.41, 9999.0, 23.0, 22.98, 22.66, 22.73, 22.75
2026-09-02, 00:10:29, 22.75, 22.98, 23.23, 23.25, 9999.0, 9999.0, 9999.0, 24.3, 9999.0, 22.39, 9999.0, 23.0, 22.98, 22.64, 22.73, 22.75
2026-09-02, 00:10:33, 22.75, 22.98, 23.2, 23.25, 9999.0, 9999.0, 9999.0, 24.25, 9999.0, 22.36, 9999.0, 23.0, 22.98, 22.61, 22.73, 22.75
2026-09-02, 00:10:37, 22.75, 22.95, 23.18, 23.25, 9999.0, 9999.0, 9999.0, 24.2, 9999.0, 22.34, 9999.0, 23.02, 22.98, 22.64, 22.73, 22.75
2026-09-02, 00:10:41, 22.75, 22.93, 23.18, 23.25, 9999.0, 9999.0, 9999.0, 24.16, 9999.0, 22.32, 9999.0, 23.05, 22.98, 22.64, 22.73, 22.75
2026-09-02, 00:10:45, 22.75, 22.93, 23.18, 23.25, 9999.0, 9999.0, 9999.0, 24.11, 9999.0, 22.3, 9999.0, 23.07, 22.95, 22.64, 22.73, 22.75
2026-09-02, 00:10:49, 22.75, 22.93, 23.18, 23.25, 9999.0, 9999.0, 9999.0, 24.07, 9999.0, 22.3, 9999.0, 23.09, 22.95, 22.64, 22.73, 22.75
2026-09-02, 00:10:53, 22.75, 22.93, 23.16, 23.25, 9999.0, 9999.0, 9999.0, 24.02, 9999.0, 22.3, 9999.0, 23.11, 22.95, 22.66, 22.73, 22.75
2026-09-02, 00:10:57, 22.75, 22.91, 23.16, 23.25, 9999.0, 9999.0, 9999.0, 23.98, 9999.0, 22.34, 9999.0, 23.14, 22.95, 22.66, 22.75, 22.75
2026-09-02, 00:11:01, 22.75, 22.91, 23.18, 23.25, 9999.0, 9999.0, 9999.0, 23.93, 9999.0, 22.39, 9999.0, 23.14, 22.95, 22.66, 22.75, 22.75
2026-09-02, 00:11:05, 22.75, 22.91, 23.18, 23.25, 9999.0, 9999.0, 9999.0, 23.89, 9999.0, 22.43, 9999.0, 23.14, 22.95, 22.68, 22.75, 22.75
2026-09-02, 00:11:09, 22.75, 22.91, 23.16, 23.25, 9999.0, 9999.0, 9999.0, 23.89, 9999.0, 22.48, 9999.0, 23.14, 22.98, 22.7, 22.75, 22.75
2026-09-02, 00:11:13, 22.75, 22.89, 23.16, 23.25, 9999.0, 9999.0, 9999.0, 23.91, 9999.0, 22.52, 9999.0, 23.14, 22.98, 22.73, 22.75, 22.75
2026-09-02, 00:11:17, 22.75, 22.89, 23.18, 23.25, 9999.0, 9999.0, 9999.0, 23.93, 9999.0, 22.57, 9999.0, 23.14, 22.98, 22.75, 22.75, 22.75
2026-09-02, 00:11:21, 22.75, 22.89, 23.2, 23.25, 9999.0, 9999.0, 9999.0, 23.95, 9999.0, 22.61, 9999.0, 23.11, 22.98, 22.75, 22.75, 22.75
2026-09-02, 00:11:25, 22.75, 22.89, 23.2, 23.25, 9999.0, 9999.0, 9999.0, 23.98, 9999.0, 22.64, 9999.0, 23.09, 22.98, 22.75, 22.75, 22.75
2026-09-02, 00:11:29, 22.75, 22.86, 23.2, 23.25, 9999.0, 9999.0, 9999.0, 24.0, 9999.0, 22.66, 9999.0, 23.07, 23.0, 22.75, 22.75, 22.75
2026-09-02, 00:11:33, 22.75, 22.84, 23.2, 23.25, 9999.0, 9999.0, 9999.0, 24.02, 9999.0, 22.66, 9999.0, 23.05, 23.0, 22.75, 22.75, 22.75
2026-09-02, 00:11:37, 22.75, 22.82, 23.23, 23.25, 9999.0, 9999.0, 9999.0, 24.07, 9999.0, 22.66, 9999.0, 23.02, 23.0, 22.75, 22.75, 22.75
2026-09-02, 00:11:41, 22.75, 22.82, 23.23, 23.25, 9999.0, 9999.0, 9999.0, 24.11, 9999.0, 22.64, 9999.0, 23.0, 23.0, 22.75, 22.75, 22.75
2026-09-02, 00:11:45, 22.75, 22.82, 23.23, 23.25, 9999.0, 9999.0, 9999.0, 24.16, 9999.0, 22.59, 9999.0, 23.02, 23.0, 22.73, 22.75, 22.75
2026-09-02, 00:11:49, 22.75, 22.82, 23.23, 23.25, 9999.0, 9999.0, 9999.0, 24.18, 9999.0, 22.55, 9999.0, 23.05, 23.0, 22.7, 22.75, 22.75
2026-09-02, 00:11:53, 22.75, 22.82, 23.25, 23.25, 9999.0, 9999.0, 9999.0, 24.16, 9999.0, 22.5, 9999.0, 23.07, 23.0, 22.7, 22.75, 22.75
2026-09-02, 00:11:57, 22.75, 22.82, 23.25, 23.25, 9999.0, 9999.0, 9999.0, 24.14, 9999.0, 22.45, 9999.0, 23.09, 23.0, 22.7, 22.75, 22.75
2026-09-02, 00:12:01, 22.75, 22.82, 23.25, 23.25, 9999.0, 9999.0, 9999.0, 24.11, 9999.0, 22.41, 9999.0, 23.11, 23.0, 22.7, 22.75, 22.75
2026-09-02, 00:12:05, 22.75, 22.84, 23.25, 23.25, 9999.0, 9999.0, 9999.0, 24.09, 9999.0, 22.39, 9999.0, 23.14, 23.0, 22.7, 22.75, 22.75
2026-09-02, 00:12:09, 22.75, 22.84, 23.25, 23.25, 9999.0, 9999.0, 9999.0, 24.05, 9999.0, 22.39, 9999.0, 23.16, 23.0, 22.7, 22.75, 22.75
2026-09-02, 00:12:14, 22.75, 22.86, 23.25, 23.25, 9999.0, 9999.0, 9999.0, 24.02, 9999.0, 22.39, 9999.0, 23.18, 23.0, 22.7, 22.75, 22.75
2026-09-02, 00:12:18, 22.75, 22.89, 23.25, 23.25, 9999.0, 9999.0, 9999.0, 24.0, 9999.0, 22.41, 9999.0, 23.2, 23.0, 22.7, 22.75, 22.75
2026-09-02, 00:12:22, 22.75, 22.91, 23.25, 23.25, 9999.0, 9999.0, 9999.0, 23.95, 9999.0, 22.41, 9999.0, 23.23, 23.0, 22.7, 22.75, 22.75
2026-09-02, 00:12:26, 22.75, 22.93, 23.25, 23.25, 9999.0, 9999.0, 9999.0, 23.98, 9999.0, 22.43, 9999.0, 23.23, 23.0, 22.7, 22.75, 22.75
2026-09-02, 00:12:30, 22.75, 22.95, 23.25, 23.25, 9999.0, 9999.0, 9999.0, 24.0, 9999.0, 22.48, 9999.0, 23.2, 23.0, 22.7, 22.75, 22.75
2026-09-02, 00:12:34, 22.75, 22.93, 23.25, 23.25, 9999.0, 9999.0, 9999.0, 24.05, 9999.0, 22.5, 9999.0, 23.18, 23.0, 22.73, 22.75, 22.75
2026-09-02, 00:12:38, 22.75, 22.91, 23.25, 23.25, 9999.0, 9999.0, 9999.0, 24.07, 9999.0, 22.52, 9999.0, 23.16, 23.0, 22.73, 22.75, 22.75
2026-09-02, 00:12:42, 22.75, 22.91, 23.25, 23.25, 9999.0, 9999.0, 9999.0, 24.09, 9999.0, 22.55, 9999.0, 23.14, 23.0, 22.73, 22.75, 22.75
2026-09-02, 00:12:46, 22.75, 22.89, 23.25, 23.25, 9999.0, 9999.0, 9999.0, 24.09, 9999.0, 22.57, 9999.0, 23.11, 23.0, 22.73, 22.75, 22.75
2026-09-02, 00:12:50, 22.75, 22.86, 23.25, 23.25, 9999.0, 9999.0, 9999.0, 24.11, 9999.0, 22.57, 9999.0, 23.09, 23.0, 22.73, 22.75, 22.75
2026-09-02, 00:12:54, 22.75, 22.86, 23.25, 23.25, 9999.0, 9999.0, 9999.0, 24.14, 9999.0, 22.57, 9999.0, 23.07, 23.0, 22.73, 22.75, 22.75
2026-09-02, 00:12:58, 22.75, 22.86, 23.25, 23.25, 9999.0, 9999.0, 9999.0, 24.18, 9999.0, 22.55, 9999.0, 23.05, 22.98, 22.73, 22.75, 22.75
2026-09-02, 00:13:02, 22.75, 22.84, 23.25, 23.25, 9999.0, 9999.0, 9999.0, 24.2, 9999.0, 22.5, 9999.0, 23.02, 22.95, 22.73, 22.75, 22.75
2026-09-02, 00:13:06, 22.75, 22.82, 23.25, 23.25, 9999.0, 9999.0, 9999.0, 24.23, 9999.0, 22.48, 9999.0, 23.02, 22.93, 22.73, 22.75, 22.75
2026-09-02, 00:13:10, 22.75, 22.8, 23.25, 23.25, 9999.0, 9999.0, 9999.0, 24.18, 9999.0, 22.45, 9999.0, 23.05, 22.93, 22.73, 22.75, 22.75
2026-09-02, 00:13:14, 22.75, 22.77, 23.25, 23.25, 9999.0, 9999.0, 9999.0, 24.14, 9999.0, 22.41, 9999.0, 23.07, 22.93, 22.75, 22.75, 22.75
2026-09-02, 00:13:18, 22.75, 22.77, 23.25, 23.25, 9999.0, 9999.0, 9999.0, 24.09, 9999.0, 22.39, 9999.0, 23.09, 22.93, 22.75, 22.75, 22.75
2026-09-02, 00:13:22, 22.75, 22.77, 23.25, 23.25, 9999.0, 9999.0, 9999.0, 24.07, 9999.0, 22.36, 9999.0, 23.11, 22.93, 22.75, 22.75, 22.75
2026-09-02, 00:13:26, 22.75, 22.8, 23.25, 23.25, 9999.0, 9999.0, 9999.0, 24.05, 9999.0, 22.36, 9999.0, 23.14, 22.93, 22.75, 22.75, 22.75
2026-09-02, 00:13:30, 22.75, 22.82, 23.25, 23.25, 9999.0, 9999.0, 9999.0, 24.05, 9999.0, 22.36, 9999.0, 23.16, 22.93, 22.75, 22.75, 22.75
2026-09-02, 00:13:34, 22.75, 22.82, 23.25, 23.25, 9999.0, 9999.0, 9999.0, 24.0, 9999.0, 22.39, 9999.0, 23.18, 22.93, 22.73, 22.75, 22.75
2026-09-02, 00:13:38, 22.75, 22.82, 23.25, 23.25, 9999.0, 9999.0, 9999.0, 23.98, 9999.0, 22.41, 9999.0, 23.2, 22.93, 22.7, 22.75, 22.75
2026-09-02, 00:13:42, 22.75, 22.8, 23.25, 23.25, 9999.0, 9999.0, 9999.0, 23.93, 9999.0, 22.43, 9999.0, 23.2, 22.95, 22.7, 22.75, 22.75
2026-09-02, 00:13:46, 22.75, 22.82, 23.25, 23.25, 9999.0, 9999.0, 9999.0, 23.98, 9999.0, 22.45, 9999.0, 23.2, 22.98, 22.7, 22.75, 22.75
2026-09-02, 00:13:50, 22.75, 22.82, 23.25, 23.25, 9999.0, 9999.0, 9999.0, 24.02, 9999.0, 22.48, 9999.0, 23.18, 23.0, 22.68, 22.75, 22.75
2026-09-02, 00:13:54, 22.75, 22.84, 23.25, 23.25, 9999.0, 9999.0, 9999.0, 24.07, 9999.0, 22.48, 9999.0, 23.16, 23.0, 22.68, 22.75, 22.75
2026-09-02, 00:13:58, 22.75, 22.86, 23.25, 23.25, 9999.0, 9999.0, 9999.0, 24.11, 9999.0, 22.5, 9999.0, 23.14, 22.98, 22.68, 22.75, 22.75
2026-09-02, 00:14:02, 22.75, 22.86, 23.25, 23.25, 9999.0, 9999.0, 9999.0, 24.14, 9999.0, 22.52, 9999.0, 23.11, 22.98, 22.68, 22.75, 22.75
2026-09-02, 00:14:06, 22.75, 22.89, 23.25, 23.25, 9999.0, 9999.0, 9999.0, 24.16, 9999.0, 22.55, 9999.0, 23.09, 22.98, 22.68, 22.75, 22.75
2026-09-02, 00:14:10, 22.75, 22.89, 23.25, 23.25, 9999.0, 9999.0, 9999.0, 24.16, 9999.0, 22.55, 9999.0, 23.07, 22.95, 22.68, 22.75, 22.75
2026-09-02, 00:14:14, 22.75, 22.86, 23.25, 23.25, 9999.0, 9999.0, 9999.0, 24.16, 9999.0, 22.55, 9999.0, 23.05, 22.95, 22.68, 22.75, 22.75
2026-09-02, 00:14:18, 22.75, 22.86, 23.25, 23.25, 9999.0, 9999.0, 9999.0, 24.2, 9999.0, 22.52, 9999.0, 23.02, 22.95, 22.7, 22.75, 22.75
2026-09-02, 00:14:22, 22.75, 22.86, 23.25, 23.25, 9999.0, 9999.0, 9999.0, 24.23, 9999.0, 22.5, 9999.0, 23.02, 22.93, 22.73, 22.75, 22.75
2026-09-02, 00:14:26, 22.75, 22.86, 23.25, 23.25, 9999.0, 9999.0, 9999.0, 24.25, 9999.0, 22.5, 9999.0, 23.05, 22.91, 22.73, 22.75, 22.75
2026-09-02, 00:14:30, 22.75, 22.86, 23.25, 23.25, 9999.0, 9999.0, 9999.0, 24.2, 9999.0, 22.5, 9999.0, 23.07, 22.91, 22.73, 22.75, 22.75
2026-09-02, 00:14:34, 22.75, 22.86, 23.25, 23.25, 9999.0, 9999.0, 9999.0, 24.16, 9999.0, 22.5, 9999.0, 23.09, 22.91, 22.75, 22.75, 22.75
2026-09-02, 00:14:38, 22.75, 22.86, 23.25, 23.25, 9999.0, 9999.0, 9999.0, 24.11, 9999.0, 22.5, 9999.0, 23.11, 22.91, 22.75, 22.75, 22.75
2026-09-02, 00:14:42, 22.75, 22.86, 23.25, 23.25, 9999.0, 9999.0, 9999.0, 24.07, 9999.0, 22.5, 9999.0, 23.14, 22.93, 22.75, 22.75, 22.75
2026-09-02, 00:14:46, 22.75, 22.86, 23.25, 23.25, 9999.0, 9999.0, 9999.0, 24.02, 9999.0, 22.52, 9999.0, 23.16, 22.93, 22.73, 22.75, 22.75
2026-09-02, 00:14:50, 22.75, 22.86, 23.25, 23.25, 9999.0, 9999.0, 9999.0, 23.98, 9999.0, 22.52, 9999.0, 23.18, 22.93, 22.7, 22.75, 22.75
2026-09-02, 00:14:54, 22.75, 22.86, 23.25, 23.25, 9999.0, 9999.0, 9999.0, 23.95, 9999.0, 22.55, 9999.0, 23.2, 22.95, 22.7, 22.75, 22.75
2026-09-02, 00:14:58, 22.75, 22.89, 23.25, 23.25, 9999.0, 9999.0, 9999.0, 23.93, 9999.0, 22.57, 9999.0, 23.2, 22.95, 22.7, 22.75, 22.75
2026-09-02, 00:15:02, 22.75, 22.89, 23.25, 23.25, 9999.0, 9999.0, 9999.0, 23.89, 9999.0, 22.59, 9999.0, 23.2, 22.95, 22.7, 22.75, 22.75
