2026-09-04, 00:00:01, 1.48e-12, 2.08e-09
2026-09-04, 00:00:05, 1.5e-12, 2.08e-09
2026-09-04, 00:00:08, 1.55e-12, 2.06e-09
2026-09-04, 00:00:11, 1.51e-12, 2.06e-09
2026-09-04, 00:00:14, 1.51e-12, 1.91e-09
2026-09-04, 00:00:18, 1.5e-12, 1.96e-09
2026-09-04, 00:00:21, 1.52e-12, 1.92e-09
2026-09-04, 00:00:24, 1.48e-12, 1.93e-09
2026-09-04, 00:00:27, 1.49e-12, 1.99e-09
2026-09-04, 00:00:31, 1.45e-12, 2.03e-09
2026-09-04, 00:00:34, 1.48e-12, 2.03e-09
2026-09-04, 00:00:37, 1.52e-12, 2.03e-09
2026-09-04, 00:00:40, 1.48e-12, 2.01e-09
2026-09-04, 00:00:43, 1.49e-12, 2.03e-09
2026-09-04, 00:00:47, 1.55e-12, 1.93e-09
2026-09-04, 00:00:50, 1.35e-12, 2.02e-09
2026-09-04, 00:00:53, 1.41e-12, 2e-09
2026-09-04, 00:00:56, 1.59e-12, 2e-09
2026-09-04, 00:00:59, 1.48e-12, 2.01e-09
2026-09-04, 00:01:03, 1.55e-12, 2e-09
2026-09-04, 00:01:06, 1.54e-12, 2.01e-09
2026-09-04, 00:01:09, 1.51e-12, 2.1e-09
2026-09-04, 00:01:12, 1.45e-12, 2.06e-09
2026-09-04, 00:01:16, 1.54e-12, 2.06e-09
2026-09-04, 00:01:19, 1.59e-12, 2.08e-09
2026-09-04, 00:01:22, 1.51e-12, 2.09e-09
2026-09-04, 00:01:25, 1.48e-12, 2.12e-09
2026-09-04, 00:01:28, 1.51e-12, 2.11e-09
2026-09-04, 00:01:32, 1.52e-12, 2.11e-09
2026-09-04, 00:01:35, 1.56e-12, 2.08e-09
2026-09-04, 00:01:38, 1.66e-12, 2.25e-09
2026-09-04, 00:01:41, 1.56e-12, 2.22e-09
2026-09-04, 00:01:45, 1.62e-12, 2.25e-09
2026-09-04, 00:01:48, 1.46e-12, 2.11e-09
2026-09-04, 00:01:51, 1.48e-12, 2.18e-09
2026-09-04, 00:01:54, 1.52e-12, 2.17e-09
2026-09-04, 00:01:57, 1.5e-12, 2.16e-09
2026-09-04, 00:02:01, 1.5e-12, 2.14e-09
2026-09-04, 00:02:04, 1.54e-12, 2.07e-09
2026-09-04, 00:02:07, 1.49e-12, 2.05e-09
2026-09-04, 00:02:10, 1.54e-12, 2.05e-09
2026-09-04, 00:02:14, 1.56e-12, 1.99e-09
2026-09-04, 00:02:17, 1.57e-12, 2.02e-09
2026-09-04, 00:02:20, 1.5e-12, 2.13e-09
2026-09-04, 00:02:23, 1.59e-12, 2.01e-09
2026-09-04, 00:02:26, 1.41e-12, 2.14e-09
2026-09-04, 00:02:30, 1.48e-12, 2e-09
2026-09-04, 00:02:33, 1.41e-12, 2.11e-09
2026-09-04, 00:02:36, 1.45e-12, 2.19e-09
2026-09-04, 00:02:39, 1.49e-12, 2.16e-09
2026-09-04, 00:02:43, 1.45e-12, 2.11e-09
2026-09-04, 00:02:46, 1.5e-12, 2.11e-09
2026-09-04, 00:02:49, 1.52e-12, 2.11e-09
2026-09-04, 00:02:52, 1.45e-12, 1.99e-09
2026-09-04, 00:02:55, 1.31e-12, 2e-09
2026-09-04, 00:02:59, 1.49e-12, 1.98e-09
2026-09-04, 00:03:02, 1.48e-12, 1.98e-09
2026-09-04, 00:03:05, 1.47e-12, 1.98e-09
2026-09-04, 00:03:08, 1.54e-12, 1.98e-09
2026-09-04, 00:03:12, 1.48e-12, 1.97e-09
2026-09-04, 00:03:15, 1.55e-12, 1.98e-09
2026-09-04, 00:03:18, 1.5e-12, 1.94e-09
2026-09-04, 00:03:21, 1.55e-12, 1.91e-09
2026-09-04, 00:03:24, 1.54e-12, 1.98e-09
2026-09-04, 00:03:28, 1.57e-12, 2.12e-09
2026-09-04, 00:03:31, 1.5e-12, 1.98e-09
2026-09-04, 00:03:34, 1.52e-12, 1.99e-09
2026-09-04, 00:03:37, 1.46e-12, 1.99e-09
2026-09-04, 00:03:41, 1.55e-12, 2.14e-09
2026-09-04, 00:03:44, 1.45e-12, 2.15e-09
2026-09-04, 00:03:47, 1.42e-12, 2.18e-09
2026-09-04, 00:03:50, 1.48e-12, 2.09e-09
2026-09-04, 00:03:53, 1.51e-12, 2.22e-09
2026-09-04, 00:03:57, 1.47e-12, 2.18e-09
2026-09-04, 00:04:00, 1.46e-12, 2.16e-09
2026-09-04, 00:04:03, 1.54e-12, 2.16e-09
2026-09-04, 00:04:06, 1.46e-12, 2.15e-09
2026-09-04, 00:04:10, 1.51e-12, 2.16e-09
2026-09-04, 00:04:13, 1.53e-12, 2.13e-09
2026-09-04, 00:04:16, 1.51e-12, 2.02e-09
2026-09-04, 00:04:19, 1.44e-12, 2.18e-09
2026-09-04, 00:04:22, 1.46e-12, 2.04e-09
2026-09-04, 00:04:26, 1.51e-12, 2.06e-09
2026-09-04, 00:04:29, 1.68e-12, 2.04e-09
2026-09-04, 00:04:32, 1.53e-12, 2.04e-09
2026-09-04, 00:04:35, 1.51e-12, 2.04e-09
2026-09-04, 00:04:39, 1.51e-12, 2.12e-09
2026-09-04, 00:04:42, 1.53e-12, 2.27e-09
2026-09-04, 00:04:45, 1.5e-12, 2.2e-09
2026-09-04, 00:04:48, 1.5e-12, 2.21e-09
2026-09-04, 00:04:51, 1.5e-12, 2.19e-09
2026-09-04, 00:04:55, 1.51e-12, 2.18e-09
2026-09-04, 00:04:58, 1.62e-12, 2.17e-09
2026-09-04, 00:05:01, 1.54e-12, 2.08e-09
2026-09-04, 00:05:04, 1.45e-12, 2.22e-09
2026-09-04, 00:05:08, 1.53e-12, 2.12e-09
2026-09-04, 00:05:11, 1.51e-12, 2.12e-09
2026-09-04, 00:05:14, 1.47e-12, 2.12e-09
2026-09-04, 00:05:17, 1.6e-12, 2.13e-09
2026-09-04, 00:05:20, 1.45e-12, 2.14e-09
2026-09-04, 00:05:24, 1.54e-12, 2.14e-09
2026-09-04, 00:05:27, 1.5e-12, 2.13e-09
2026-09-04, 00:05:30, 1.48e-12, 2.13e-09
2026-09-04, 00:05:33, 1.5e-12, 2.13e-09
2026-09-04, 00:05:37, 1.36e-12, 2.15e-09
2026-09-04, 00:05:40, 1.5e-12, 2.17e-09
2026-09-04, 00:05:43, 1.51e-12, 2.19e-09
2026-09-04, 00:05:46, 1.37e-12, 2.09e-09
2026-09-04, 00:05:49, 1.52e-12, 2.11e-09
2026-09-04, 00:05:53, 1.38e-12, 2.11e-09
2026-09-04, 00:05:56, 1.34e-12, 1.99e-09
2026-09-04, 00:05:59, 1.56e-12, 2.07e-09
2026-09-04, 00:06:02, 1.56e-12, 2.07e-09
2026-09-04, 00:06:06, 1.53e-12, 2.15e-09
2026-09-04, 00:06:09, 1.53e-12, 2.14e-09
2026-09-04, 00:06:12, 1.51e-12, 2.1e-09
2026-09-04, 00:06:15, 1.49e-12, 2.12e-09
2026-09-04, 00:06:18, 1.49e-12, 2.15e-09
2026-09-04, 00:06:22, 1.52e-12, 2.17e-09
2026-09-04, 00:06:25, 1.38e-12, 2.1e-09
2026-09-04, 00:06:28, 1.49e-12, 2.11e-09
2026-09-04, 00:06:31, 1.5e-12, 2.11e-09
2026-09-04, 00:06:35, 1.5e-12, 2.18e-09
2026-09-04, 00:06:38, 1.5e-12, 2.11e-09
2026-09-04, 00:06:41, 1.49e-12, 2.07e-09
2026-09-04, 00:06:44, 1.49e-12, 1.97e-09
2026-09-04, 00:06:47, 1.45e-12, 2.06e-09
2026-09-04, 00:06:51, 1.51e-12, 2.08e-09
2026-09-04, 00:06:54, 1.48e-12, 2.08e-09
2026-09-04, 00:06:57, 1.56e-12, 2.07e-09
2026-09-04, 00:07:00, 1.48e-12, 2.08e-09
2026-09-04, 00:07:04, 1.55e-12, 2.09e-09
2026-09-04, 00:07:07, 1.56e-12, 2.08e-09
2026-09-04, 00:07:10, 1.56e-12, 2.09e-09
2026-09-04, 00:07:13, 1.56e-12, 2.14e-09
2026-09-04, 00:07:16, 1.54e-12, 2.08e-09
2026-09-04, 00:07:20, 1.38e-12, 2.03e-09
2026-09-04, 00:07:23, 1.47e-12, 2.1e-09
2026-09-04, 00:07:26, 1.47e-12, 2.09e-09
2026-09-04, 00:07:29, 1.68e-12, 2.1e-09
2026-09-04, 00:07:33, 1.55e-12, 2.08e-09
2026-09-04, 00:07:36, 1.34e-12, 2.08e-09
2026-09-04, 00:07:39, 1.49e-12, 2.01e-09
2026-09-04, 00:07:42, 1.51e-12, 2.11e-09
2026-09-04, 00:07:45, 1.52e-12, 2.11e-09
2026-09-04, 00:07:49, 1.5e-12, 2.11e-09
2026-09-04, 00:07:52, 1.49e-12, 2.07e-09
2026-09-04, 00:07:55, 1.47e-12, 2.07e-09
2026-09-04, 00:07:58, 1.45e-12, 2.1e-09
2026-09-04, 00:08:01, 1.47e-12, 2.08e-09
2026-09-04, 00:08:05, 1.54e-12, 2.16e-09
2026-09-04, 00:08:08, 1.41e-12, 2.09e-09
2026-09-04, 00:08:11, 1.51e-12, 2.18e-09
2026-09-04, 00:08:14, 1.47e-12, 2.1e-09
2026-09-04, 00:08:18, 1.44e-12, 2.09e-09
2026-09-04, 00:08:21, 1.46e-12, 2.14e-09
2026-09-04, 00:08:24, 1.49e-12, 2.13e-09
2026-09-04, 00:08:27, 1.51e-12, 2.05e-09
2026-09-04, 00:08:30, 1.52e-12, 2.12e-09
2026-09-04, 00:08:34, 1.45e-12, 2.13e-09
2026-09-04, 00:08:37, 1.54e-12, 2.13e-09
2026-09-04, 00:08:40, 1.52e-12, 2.11e-09
2026-09-04, 00:08:43, 1.56e-12, 2.09e-09
2026-09-04, 00:08:47, 1.56e-12, 2.06e-09
2026-09-04, 00:08:50, 1.54e-12, 2.08e-09
2026-09-04, 00:08:53, 1.54e-12, 2.12e-09
2026-09-04, 00:08:56, 1.5e-12, 2.09e-09
2026-09-04, 00:08:59, 1.48e-12, 2.02e-09
2026-09-04, 00:09:04, 1.55e-12, 2.11e-09
2026-09-04, 00:09:07, 1.48e-12, 2.09e-09
2026-09-04, 00:09:11, 1.45e-12, 2.07e-09
2026-09-04, 00:09:14, 1.54e-12, 2.09e-09
2026-09-04, 00:09:17, 1.49e-12, 2.1e-09
2026-09-04, 00:09:20, 1.55e-12, 1.99e-09
2026-09-04, 00:09:23, 1.4e-12, 2.08e-09
2026-09-04, 00:09:27, 1.5e-12, 2.06e-09
2026-09-04, 00:09:30, 1.42e-12, 2.07e-09
2026-09-04, 00:09:33, 1.53e-12, 2.12e-09
2026-09-04, 00:09:36, 1.59e-12, 2.08e-09
2026-09-04, 00:09:39, 1.46e-12, 2.1e-09
2026-09-04, 00:09:43, 1.46e-12, 2.11e-09
2026-09-04, 00:09:46, 1.5e-12, 2.09e-09
2026-09-04, 00:09:49, 1.55e-12, 2.09e-09
2026-09-04, 00:09:52, 1.53e-12, 2.09e-09
2026-09-04, 00:09:56, 1.47e-12, 1.99e-09
2026-09-04, 00:09:59, 1.54e-12, 1.99e-09
2026-09-04, 00:10:02, 1.44e-12, 1.99e-09
2026-09-04, 00:10:05, 1.68e-12, 1.99e-09
2026-09-04, 00:10:08, 1.46e-12, 1.99e-09
2026-09-04, 00:10:12, 1.53e-12, 1.99e-09
2026-09-04, 00:10:15, 1.49e-12, 1.99e-09
2026-09-04, 00:10:18, 1.52e-12, 1.99e-09
2026-09-04, 00:10:21, 1.56e-12, 1.98e-09
2026-09-04, 00:10:25, 1.44e-12, 1.99e-09
2026-09-04, 00:10:28, 1.46e-12, 1.99e-09
2026-09-04, 00:10:31, 1.46e-12, 1.99e-09
2026-09-04, 00:10:34, 1.45e-12, 1.99e-09
2026-09-04, 00:10:37, 1.56e-12, 1.99e-09
2026-09-04, 00:10:41, 1.52e-12, 1.99e-09
2026-09-04, 00:10:44, 1.36e-12, 1.99e-09
2026-09-04, 00:10:47, 1.48e-12, 1.99e-09
2026-09-04, 00:10:50, 1.54e-12, 1.98e-09
2026-09-04, 00:10:54, 1.48e-12, 1.98e-09
2026-09-04, 00:10:57, 1.47e-12, 1.99e-09
2026-09-04, 00:11:00, 1.47e-12, 2.05e-09
2026-09-04, 00:11:03, 1.5e-12, 2.18e-09
2026-09-04, 00:11:06, 1.5e-12, 2.12e-09
2026-09-04, 00:11:10, 1.44e-12, 2.12e-09
2026-09-04, 00:11:13, 1.51e-12, 2.12e-09
2026-09-04, 00:11:16, 1.52e-12, 2.12e-09
2026-09-04, 00:11:19, 1.45e-12, 2.12e-09
2026-09-04, 00:11:23, 1.49e-12, 2.13e-09
2026-09-04, 00:11:26, 1.44e-12, 2.13e-09
2026-09-04, 00:11:29, 1.46e-12, 2.11e-09
2026-09-04, 00:11:32, 1.6e-12, 2.17e-09
2026-09-04, 00:11:35, 1.53e-12, 2.14e-09
2026-09-04, 00:11:39, 1.54e-12, 2.16e-09
2026-09-04, 00:11:42, 1.44e-12, 2.16e-09
2026-09-04, 00:11:45, 1.45e-12, 2.2e-09
2026-09-04, 00:11:48, 1.41e-12, 2.25e-09
2026-09-04, 00:11:52, 1.48e-12, 2.23e-09
2026-09-04, 00:11:55, 1.5e-12, 2.25e-09
2026-09-04, 00:11:58, 1.55e-12, 2.25e-09
2026-09-04, 00:12:01, 1.48e-12, 2.24e-09
2026-09-04, 00:12:04, 1.51e-12, 2.25e-09
2026-09-04, 00:12:08, 1.44e-12, 2.25e-09
2026-09-04, 00:12:11, 1.55e-12, 2.23e-09
2026-09-04, 00:12:14, 1.48e-12, 2.25e-09
2026-09-04, 00:12:17, 1.51e-12, 2.25e-09
2026-09-04, 00:12:21, 1.56e-12, 2.24e-09
2026-09-04, 00:12:24, 1.52e-12, 2.1e-09
2026-09-04, 00:12:27, 1.51e-12, 2.09e-09
2026-09-04, 00:12:30, 1.46e-12, 2.08e-09
2026-09-04, 00:12:33, 1.64e-12, 2.08e-09
2026-09-04, 00:12:37, 1.37e-12, 2.08e-09
2026-09-04, 00:12:40, 1.52e-12, 2.08e-09
2026-09-04, 00:12:43, 1.46e-12, 2.08e-09
2026-09-04, 00:12:46, 1.52e-12, 2.09e-09
2026-09-04, 00:12:50, 1.58e-12, 2.08e-09
2026-09-04, 00:12:53, 1.52e-12, 2.08e-09
2026-09-04, 00:12:56, 1.45e-12, 2.08e-09
2026-09-04, 00:12:59, 1.46e-12, 2.08e-09
2026-09-04, 00:13:02, 1.42e-12, 2.09e-09
2026-09-04, 00:13:06, 1.51e-12, 2.24e-09
2026-09-04, 00:13:09, 1.52e-12, 2.23e-09
2026-09-04, 00:13:12, 1.46e-12, 2.23e-09
2026-09-04, 00:13:15, 1.48e-12, 2.2e-09
2026-09-04, 00:13:19, 1.51e-12, 2.18e-09
2026-09-04, 00:13:22, 1.48e-12, 2.21e-09
2026-09-04, 00:13:25, 1.53e-12, 2.2e-09
2026-09-04, 00:13:28, 1.51e-12, 2.19e-09
2026-09-04, 00:13:31, 1.49e-12, 2.21e-09
2026-09-04, 00:13:35, 1.51e-12, 2.2e-09
2026-09-04, 00:13:38, 1.52e-12, 2.2e-09
2026-09-04, 00:13:41, 1.53e-12, 2.21e-09
2026-09-04, 00:13:44, 1.49e-12, 2.08e-09
2026-09-04, 00:13:48, 1.52e-12, 2.1e-09
2026-09-04, 00:13:51, 1.52e-12, 2.09e-09
2026-09-04, 00:13:54, 1.48e-12, 2.08e-09
2026-09-04, 00:13:57, 1.49e-12, 2.09e-09
2026-09-04, 00:14:00, 1.48e-12, 2.05e-09
2026-09-04, 00:14:04, 1.5e-12, 2.07e-09
2026-09-04, 00:14:07, 1.51e-12, 2.06e-09
2026-09-04, 00:14:10, 1.5e-12, 2.08e-09
2026-09-04, 00:14:13, 1.47e-12, 2.07e-09
2026-09-04, 00:14:17, 1.42e-12, 2.12e-09
2026-09-04, 00:14:20, 1.46e-12, 2.13e-09
2026-09-04, 00:14:23, 1.45e-12, 2.13e-09
2026-09-04, 00:14:26, 1.49e-12, 2.15e-09
2026-09-04, 00:14:29, 1.37e-12, 2.15e-09
2026-09-04, 00:14:33, 1.54e-12, 2.15e-09
2026-09-04, 00:14:36, 1.56e-12, 2.13e-09
2026-09-04, 00:14:39, 1.46e-12, 2.11e-09
2026-09-04, 00:14:42, 1.44e-12, 2.14e-09
2026-09-04, 00:14:46, 1.54e-12, 1.99e-09
2026-09-04, 00:14:49, 1.44e-12, 2.11e-09
2026-09-04, 00:14:52, 1.44e-12, 2.07e-09
2026-09-04, 00:14:55, 1.28e-12, 2.08e-09
2026-09-04, 00:14:58, 1.49e-12, 2.03e-09
2026-09-04, 00:15:02, 1.53e-12, 2.07e-09
2026-09-04, 00:15:05, 1.47e-12, 2.08e-09
2026-09-04, 00:15:08, 1.49e-12, 2.06e-09
2026-09-04, 00:15:11, 1.41e-12, 2.08e-09
2026-09-04, 00:15:15, 1.38e-12, 2.09e-09
2026-09-04, 00:15:18, 1.43e-12, 2.1e-09
2026-09-04, 00:15:21, 1.52e-12, 2.21e-09
2026-09-04, 00:15:24, 1.51e-12, 2.24e-09
2026-09-04, 00:15:27, 1.53e-12, 2.22e-09
2026-09-04, 00:15:31, 1.48e-12, 2.22e-09
2026-09-04, 00:15:34, 1.48e-12, 2.18e-09
2026-09-04, 00:15:37, 1.49e-12, 2.19e-09
2026-09-04, 00:15:40, 1.51e-12, 2.2e-09
2026-09-04, 00:15:44, 1.46e-12, 2.2e-09
2026-09-04, 00:15:47, 1.5e-12, 2.18e-09
2026-09-04, 00:15:50, 1.49e-12, 2.23e-09
2026-09-04, 00:15:53, 1.68e-12, 2.22e-09
2026-09-04, 00:15:56, 1.55e-12, 2.19e-09
2026-09-04, 00:16:00, 1.48e-12, 2.2e-09
2026-09-04, 00:16:03, 1.54e-12, 2.22e-09
2026-09-04, 00:16:06, 1.42e-12, 2.21e-09
2026-09-04, 00:16:09, 1.49e-12, 2.22e-09
2026-09-04, 00:16:13, 1.48e-12, 2.19e-09
2026-09-04, 00:16:16, 1.58e-12, 2.22e-09
2026-09-04, 00:16:19, 1.49e-12, 2.21e-09
2026-09-04, 00:16:22, 1.54e-12, 2.17e-09
2026-09-04, 00:16:25, 1.5e-12, 2.2e-09
2026-09-04, 00:16:29, 1.51e-12, 2.22e-09
2026-09-04, 00:16:32, 1.53e-12, 2.19e-09
2026-09-04, 00:16:35, 1.48e-12, 2.2e-09
2026-09-04, 00:16:38, 1.56e-12, 2.21e-09
2026-09-04, 00:16:41, 1.47e-12, 2.2e-09
2026-09-04, 00:16:45, 1.45e-12, 2.19e-09
2026-09-04, 00:16:48, 1.48e-12, 2.2e-09
2026-09-04, 00:16:51, 1.51e-12, 2.21e-09
2026-09-04, 00:16:54, 1.5e-12, 2.2e-09
2026-09-04, 00:16:58, 1.42e-12, 2.21e-09
2026-09-04, 00:17:01, 1.5e-12, 2.21e-09
2026-09-04, 00:17:04, 1.48e-12, 2.19e-09
2026-09-04, 00:17:07, 1.5e-12, 2.2e-09
2026-09-04, 00:17:10, 1.58e-12, 2.21e-09
2026-09-04, 00:17:14, 1.53e-12, 2.21e-09
2026-09-04, 00:17:17, 1.54e-12, 2.21e-09
2026-09-04, 00:17:20, 1.5e-12, 2.18e-09
2026-09-04, 00:17:23, 1.53e-12, 2.06e-09
2026-09-04, 00:17:27, 1.38e-12, 2.07e-09
2026-09-04, 00:17:30, 1.51e-12, 2.05e-09
2026-09-04, 00:17:33, 1.49e-12, 2.07e-09
2026-09-04, 00:17:36, 1.54e-12, 2.02e-09
2026-09-04, 00:17:39, 1.52e-12, 2.06e-09
2026-09-04, 00:17:43, 1.49e-12, 2.04e-09
2026-09-04, 00:17:46, 1.5e-12, 2.07e-09
2026-09-04, 00:17:49, 1.54e-12, 2.07e-09
2026-09-04, 00:17:52, 1.44e-12, 2.06e-09
2026-09-04, 00:17:56, 1.43e-12, 2.06e-09
2026-09-04, 00:17:59, 1.58e-12, 2.06e-09
2026-09-04, 00:18:02, 1.5e-12, 2.04e-09
2026-09-04, 00:18:05, 1.52e-12, 2.03e-09
2026-09-04, 00:18:08, 1.46e-12, 2.04e-09
2026-09-04, 00:18:12, 1.54e-12, 2e-09
2026-09-04, 00:18:15, 1.47e-12, 2.02e-09
2026-09-04, 00:18:18, 1.58e-12, 1.99e-09
2026-09-04, 00:18:21, 1.51e-12, 2.06e-09
2026-09-04, 00:18:25, 1.51e-12, 2.04e-09
2026-09-04, 00:18:28, 1.46e-12, 2.03e-09
2026-09-04, 00:18:31, 1.51e-12, 2.03e-09
2026-09-04, 00:18:34, 1.48e-12, 2.04e-09
2026-09-04, 00:18:37, 1.54e-12, 2.05e-09
2026-09-04, 00:18:41, 1.56e-12, 2.09e-09
2026-09-04, 00:18:44, 1.56e-12, 2.19e-09
2026-09-04, 00:18:47, 1.49e-12, 2.03e-09
2026-09-04, 00:18:50, 1.5e-12, 2.04e-09
2026-09-04, 00:18:54, 1.54e-12, 2.03e-09
2026-09-04, 00:18:57, 1.52e-12, 2.04e-09
2026-09-04, 00:19:00, 1.53e-12, 2.07e-09
2026-09-04, 00:19:03, 1.67e-12, 2.05e-09
2026-09-04, 00:19:06, 1.52e-12, 2.01e-09
2026-09-04, 00:19:10, 1.54e-12, 2.04e-09
2026-09-04, 00:19:13, 1.53e-12, 1.99e-09
2026-09-04, 00:19:16, 1.65e-12, 2.06e-09
2026-09-04, 00:19:19, 1.49e-12, 2.05e-09
2026-09-04, 00:19:23, 1.51e-12, 2.04e-09
2026-09-04, 00:19:26, 1.55e-12, 2.04e-09
2026-09-04, 00:19:29, 1.44e-12, 2.02e-09
2026-09-04, 00:19:32, 1.52e-12, 2.06e-09
2026-09-04, 00:19:35, 1.48e-12, 2.03e-09
2026-09-04, 00:19:39, 1.47e-12, 2.05e-09
2026-09-04, 00:19:42, 1.4e-12, 2.01e-09
2026-09-04, 00:19:45, 1.45e-12, 1.97e-09
2026-09-04, 00:19:48, 1.47e-12, 2.04e-09
2026-09-04, 00:19:52, 1.55e-12, 1.99e-09
2026-09-04, 00:19:55, 1.53e-12, 1.92e-09
2026-09-04, 00:19:58, 1.59e-12, 1.91e-09
2026-09-04, 00:20:01, 1.47e-12, 1.92e-09
2026-09-04, 00:20:04, 1.46e-12, 1.92e-09
2026-09-04, 00:20:08, 1.46e-12, 1.92e-09
2026-09-04, 00:20:11, 1.56e-12, 1.92e-09
2026-09-04, 00:20:14, 1.53e-12, 1.92e-09
2026-09-04, 00:20:17, 1.61e-12, 1.92e-09
2026-09-04, 00:20:20, 1.5e-12, 1.92e-09
2026-09-04, 00:20:24, 1.48e-12, 1.92e-09
2026-09-04, 00:20:27, 1.46e-12, 1.91e-09
2026-09-04, 00:20:30, 1.53e-12, 1.92e-09
2026-09-04, 00:20:33, 1.49e-12, 1.92e-09
2026-09-04, 00:20:37, 1.52e-12, 1.92e-09
2026-09-04, 00:20:40, 1.64e-12, 1.92e-09
2026-09-04, 00:20:43, 1.35e-12, 1.92e-09
2026-09-04, 00:20:46, 1.55e-12, 1.91e-09
2026-09-04, 00:20:49, 1.46e-12, 1.92e-09
2026-09-04, 00:20:53, 1.47e-12, 1.91e-09
2026-09-04, 00:20:56, 1.49e-12, 1.91e-09
2026-09-04, 00:20:59, 1.52e-12, 1.91e-09
2026-09-04, 00:21:02, 1.61e-12, 1.91e-09
2026-09-04, 00:21:06, 1.47e-12, 1.91e-09
2026-09-04, 00:21:09, 1.45e-12, 1.92e-09
2026-09-04, 00:21:12, 1.5e-12, 1.91e-09
2026-09-04, 00:21:15, 1.49e-12, 1.91e-09
2026-09-04, 00:21:18, 1.51e-12, 1.92e-09
2026-09-04, 00:21:22, 1.5e-12, 1.9e-09
2026-09-04, 00:21:25, 1.52e-12, 1.91e-09
2026-09-04, 00:21:28, 1.59e-12, 1.9e-09
2026-09-04, 00:21:31, 1.5e-12, 1.91e-09
2026-09-04, 00:21:35, 1.52e-12, 1.88e-09
2026-09-04, 00:21:38, 1.47e-12, 1.79e-09
2026-09-04, 00:21:41, 1.53e-12, 1.8e-09
2026-09-04, 00:21:44, 1.5e-12, 1.89e-09
2026-09-04, 00:21:47, 1.45e-12, 1.88e-09
2026-09-04, 00:21:51, 1.47e-12, 1.88e-09
2026-09-04, 00:21:54, 1.56e-12, 1.88e-09
2026-09-04, 00:21:57, 1.59e-12, 1.87e-09
2026-09-04, 00:22:00, 1.5e-12, 1.88e-09
2026-09-04, 00:22:04, 1.45e-12, 1.88e-09
2026-09-04, 00:22:07, 1.52e-12, 1.88e-09
2026-09-04, 00:22:10, 1.59e-12, 1.87e-09
2026-09-04, 00:22:13, 1.53e-12, 1.88e-09
2026-09-04, 00:22:16, 1.5e-12, 1.88e-09
2026-09-04, 00:22:20, 1.41e-12, 1.87e-09
2026-09-04, 00:22:23, 1.49e-12, 1.87e-09
2026-09-04, 00:22:26, 1.44e-12, 1.87e-09
2026-09-04, 00:22:29, 1.5e-12, 1.87e-09
2026-09-04, 00:22:33, 1.62e-12, 1.87e-09
2026-09-04, 00:22:36, 1.47e-12, 1.87e-09
2026-09-04, 00:22:39, 1.52e-12, 1.87e-09
2026-09-04, 00:22:42, 1.47e-12, 1.87e-09
2026-09-04, 00:22:45, 1.42e-12, 1.87e-09
2026-09-04, 00:22:49, 1.44e-12, 1.87e-09
2026-09-04, 00:22:52, 1.49e-12, 1.87e-09
2026-09-04, 00:22:55, 1.53e-12, 1.87e-09
2026-09-04, 00:22:58, 1.54e-12, 1.87e-09
2026-09-04, 00:23:01, 1.48e-12, 1.87e-09
2026-09-04, 00:23:05, 1.51e-12, 1.88e-09
2026-09-04, 00:23:08, 1.55e-12, 1.88e-09
2026-09-04, 00:23:11, 1.53e-12, 1.88e-09
2026-09-04, 00:23:14, 1.42e-12, 1.88e-09
2026-09-04, 00:23:18, 1.48e-12, 1.74e-09
2026-09-04, 00:23:21, 1.49e-12, 1.74e-09
2026-09-04, 00:23:24, 1.46e-12, 1.88e-09
2026-09-04, 00:23:27, 1.5e-12, 1.88e-09
2026-09-04, 00:23:31, 1.49e-12, 1.88e-09
2026-09-04, 00:23:34, 1.51e-12, 1.88e-09
2026-09-04, 00:23:37, 1.52e-12, 1.88e-09
2026-09-04, 00:23:40, 1.57e-12, 1.88e-09
2026-09-04, 00:23:43, 1.48e-12, 1.88e-09
2026-09-04, 00:23:47, 1.53e-12, 1.88e-09
2026-09-04, 00:23:50, 1.45e-12, 1.89e-09
2026-09-04, 00:23:53, 1.46e-12, 1.87e-09
2026-09-04, 00:23:56, 1.49e-12, 1.87e-09
2026-09-04, 00:23:59, 1.6e-12, 1.87e-09
2026-09-04, 00:24:03, 1.49e-12, 1.88e-09
2026-09-04, 00:24:06, 1.53e-12, 1.87e-09
2026-09-04, 00:24:09, 1.51e-12, 1.87e-09
2026-09-04, 00:24:12, 1.54e-12, 1.87e-09
2026-09-04, 00:24:16, 1.52e-12, 1.77e-09
2026-09-04, 00:24:19, 1.47e-12, 1.87e-09
2026-09-04, 00:24:22, 1.32e-12, 1.87e-09
2026-09-04, 00:24:25, 1.38e-12, 1.84e-09
2026-09-04, 00:24:28, 1.5e-12, 1.84e-09
2026-09-04, 00:24:32, 1.62e-12, 1.84e-09
2026-09-04, 00:24:35, 1.46e-12, 1.87e-09
2026-09-04, 00:24:38, 1.57e-12, 1.89e-09
2026-09-04, 00:24:41, 1.52e-12, 1.89e-09
2026-09-04, 00:24:45, 1.52e-12, 1.89e-09
2026-09-04, 00:24:48, 1.52e-12, 1.89e-09
2026-09-04, 00:24:51, 1.58e-12, 1.89e-09
2026-09-04, 00:24:55, 1.53e-12, 1.86e-09
2026-09-04, 00:24:59, 1.53e-12, 1.74e-09
2026-09-04, 00:25:02, 1.52e-12, 1.74e-09
2026-09-04, 00:25:05, 1.46e-12, 1.89e-09
2026-09-04, 00:25:08, 1.51e-12, 1.88e-09
2026-09-04, 00:25:12, 1.54e-12, 1.89e-09
2026-09-04, 00:25:15, 1.53e-12, 1.88e-09
2026-09-04, 00:25:18, 1.53e-12, 1.89e-09
2026-09-04, 00:25:21, 1.54e-12, 1.89e-09
2026-09-04, 00:25:24, 1.48e-12, 1.89e-09
2026-09-04, 00:25:28, 1.48e-12, 1.88e-09
2026-09-04, 00:25:31, 1.51e-12, 1.89e-09
2026-09-04, 00:25:34, 1.47e-12, 1.89e-09
2026-09-04, 00:25:37, 1.47e-12, 1.89e-09
2026-09-04, 00:25:41, 1.49e-12, 1.88e-09
2026-09-04, 00:25:44, 1.45e-12, 1.88e-09
2026-09-04, 00:25:47, 1.38e-12, 1.88e-09
2026-09-04, 00:25:50, 1.49e-12, 1.87e-09
2026-09-04, 00:25:53, 1.5e-12, 1.9e-09
2026-09-04, 00:25:57, 1.52e-12, 1.9e-09
2026-09-04, 00:26:00, 1.48e-12, 1.9e-09
2026-09-04, 00:26:03, 1.57e-12, 1.76e-09
2026-09-04, 00:26:06, 1.56e-12, 1.74e-09
2026-09-04, 00:26:10, 1.47e-12, 1.75e-09
2026-09-04, 00:26:13, 1.48e-12, 1.8e-09
2026-09-04, 00:26:16, 1.57e-12, 1.78e-09
2026-09-04, 00:26:19, 1.4e-12, 1.75e-09
2026-09-04, 00:26:22, 1.48e-12, 1.88e-09
2026-09-04, 00:26:26, 1.5e-12, 1.89e-09
2026-09-04, 00:26:29, 1.56e-12, 1.89e-09
2026-09-04, 00:26:32, 1.57e-12, 1.9e-09
2026-09-04, 00:26:35, 1.5e-12, 1.89e-09
2026-09-04, 00:26:38, 1.5e-12, 1.9e-09
2026-09-04, 00:26:42, 1.48e-12, 1.9e-09
2026-09-04, 00:26:45, 1.52e-12, 1.89e-09
2026-09-04, 00:26:48, 1.51e-12, 1.89e-09
2026-09-04, 00:26:51, 1.48e-12, 1.89e-09
2026-09-04, 00:26:55, 1.46e-12, 1.9e-09
2026-09-04, 00:26:58, 1.69e-12, 1.89e-09
2026-09-04, 00:27:01, 1.47e-12, 1.89e-09
2026-09-04, 00:27:04, 1.49e-12, 1.89e-09
2026-09-04, 00:27:07, 1.48e-12, 1.9e-09
2026-09-04, 00:27:11, 1.54e-12, 1.9e-09
2026-09-04, 00:27:14, 1.48e-12, 1.81e-09
2026-09-04, 00:27:17, 1.39e-12, 1.8e-09
2026-09-04, 00:27:20, 1.53e-12, 1.79e-09
2026-09-04, 00:27:24, 1.49e-12, 1.78e-09
2026-09-04, 00:27:27, 1.49e-12, 1.79e-09
2026-09-04, 00:27:30, 1.4e-12, 1.79e-09
2026-09-04, 00:27:33, 1.5e-12, 1.8e-09
2026-09-04, 00:27:37, 1.48e-12, 1.8e-09
2026-09-04, 00:27:40, 1.55e-12, 1.79e-09
2026-09-04, 00:27:43, 1.48e-12, 1.8e-09
2026-09-04, 00:27:46, 1.57e-12, 1.98e-09
2026-09-04, 00:27:49, 1.49e-12, 1.95e-09
2026-09-04, 00:27:53, 1.49e-12, 1.98e-09
2026-09-04, 00:27:56, 1.52e-12, 1.96e-09
2026-09-04, 00:27:59, 1.64e-12, 1.95e-09
2026-09-04, 00:28:02, 1.49e-12, 1.98e-09
2026-09-04, 00:28:05, 1.52e-12, 1.93e-09
2026-09-04, 00:28:09, 1.53e-12, 1.93e-09
2026-09-04, 00:28:12, 1.54e-12, 1.99e-09
2026-09-04, 00:28:15, 1.59e-12, 2.01e-09
2026-09-04, 00:28:18, 1.45e-12, 1.98e-09
2026-09-04, 00:28:22, 1.45e-12, 1.97e-09
2026-09-04, 00:28:25, 1.47e-12, 1.96e-09
2026-09-04, 00:28:28, 1.5e-12, 1.97e-09
2026-09-04, 00:28:31, 1.56e-12, 1.97e-09
2026-09-04, 00:28:34, 1.47e-12, 1.97e-09
2026-09-04, 00:28:38, 1.51e-12, 1.96e-09
2026-09-04, 00:28:41, 1.52e-12, 1.97e-09
2026-09-04, 00:28:44, 1.41e-12, 1.97e-09
2026-09-04, 00:28:47, 1.5e-12, 1.98e-09
2026-09-04, 00:28:51, 1.5e-12, 1.97e-09
2026-09-04, 00:28:54, 1.5e-12, 1.99e-09
2026-09-04, 00:28:57, 1.57e-12, 1.99e-09
2026-09-04, 00:29:00, 1.46e-12, 1.96e-09
2026-09-04, 00:29:03, 1.48e-12, 1.97e-09
2026-09-04, 00:29:07, 1.52e-12, 1.97e-09
2026-09-04, 00:29:10, 1.52e-12, 1.98e-09
2026-09-04, 00:29:13, 1.49e-12, 2e-09
2026-09-04, 00:29:16, 1.52e-12, 2e-09
2026-09-04, 00:29:20, 1.45e-12, 2.01e-09
2026-09-04, 00:29:23, 1.47e-12, 1.99e-09
2026-09-04, 00:29:26, 1.44e-12, 1.98e-09
2026-09-04, 00:29:29, 1.55e-12, 1.98e-09
2026-09-04, 00:29:32, 1.52e-12, 1.99e-09
2026-09-04, 00:29:36, 1.59e-12, 2.01e-09
2026-09-04, 00:29:39, 1.41e-12, 2e-09
2026-09-04, 00:29:42, 1.5e-12, 1.98e-09
2026-09-04, 00:29:45, 1.51e-12, 1.98e-09
2026-09-04, 00:29:49, 1.59e-12, 1.98e-09
2026-09-04, 00:29:52, 1.49e-12, 1.98e-09
2026-09-04, 00:29:55, 1.46e-12, 2.01e-09
2026-09-04, 00:29:58, 1.52e-12, 1.96e-09
2026-09-04, 00:30:01, 1.47e-12, 1.99e-09
2026-09-04, 00:30:05, 1.48e-12, 1.97e-09
2026-09-04, 00:30:08, 1.54e-12, 1.98e-09
2026-09-04, 00:30:11, 1.5e-12, 1.97e-09
2026-09-04, 00:30:14, 1.5e-12, 1.97e-09
2026-09-04, 00:30:18, 1.49e-12, 1.96e-09
2026-09-04, 00:30:21, 1.54e-12, 1.97e-09
2026-09-04, 00:30:24, 1.45e-12, 1.97e-09
2026-09-04, 00:30:27, 1.52e-12, 1.96e-09
2026-09-04, 00:30:30, 1.5e-12, 1.97e-09
2026-09-04, 00:30:34, 1.54e-12, 1.97e-09
2026-09-04, 00:30:37, 1.53e-12, 1.98e-09
2026-09-04, 00:30:40, 1.59e-12, 1.97e-09
2026-09-04, 00:30:43, 1.52e-12, 1.97e-09
2026-09-04, 00:30:47, 1.5e-12, 1.97e-09
2026-09-04, 00:30:50, 1.47e-12, 1.97e-09
2026-09-04, 00:30:53, 1.52e-12, 1.98e-09
2026-09-04, 00:30:56, 1.5e-12, 1.97e-09
2026-09-04, 00:31:00, 1.45e-12, 1.97e-09
2026-09-04, 00:31:03, 1.55e-12, 1.97e-09
2026-09-04, 00:31:06, 1.48e-12, 1.97e-09
2026-09-04, 00:31:09, 1.46e-12, 1.98e-09
2026-09-04, 00:31:13, 1.49e-12, 1.97e-09
2026-09-04, 00:31:16, 1.47e-12, 1.97e-09
2026-09-04, 00:31:19, 1.49e-12, 1.97e-09
2026-09-04, 00:31:22, 1.5e-12, 1.97e-09
2026-09-04, 00:31:25, 1.46e-12, 1.97e-09
2026-09-04, 00:31:29, 1.43e-12, 1.97e-09
2026-09-04, 00:31:32, 1.5e-12, 1.98e-09
2026-09-04, 00:31:35, 1.51e-12, 1.97e-09
2026-09-04, 00:31:38, 1.43e-12, 1.97e-09
2026-09-04, 00:31:42, 1.5e-12, 1.97e-09
2026-09-04, 00:31:45, 1.52e-12, 1.97e-09
2026-09-04, 00:31:48, 1.57e-12, 1.97e-09
2026-09-04, 00:31:51, 1.5e-12, 1.97e-09
2026-09-04, 00:31:54, 1.48e-12, 1.97e-09
2026-09-04, 00:31:58, 1.54e-12, 1.97e-09
2026-09-04, 00:32:01, 1.47e-12, 1.97e-09
2026-09-04, 00:32:04, 1.56e-12, 1.97e-09
2026-09-04, 00:32:07, 1.51e-12, 1.93e-09
2026-09-04, 00:32:11, 1.55e-12, 1.93e-09
2026-09-04, 00:32:14, 1.51e-12, 1.93e-09
2026-09-04, 00:32:17, 1.51e-12, 1.93e-09
2026-09-04, 00:32:20, 1.54e-12, 1.93e-09
2026-09-04, 00:32:23, 1.52e-12, 1.93e-09
2026-09-04, 00:32:27, 1.51e-12, 1.93e-09
2026-09-04, 00:32:30, 1.42e-12, 1.93e-09
2026-09-04, 00:32:33, 1.58e-12, 1.93e-09
2026-09-04, 00:32:36, 1.5e-12, 1.93e-09
2026-09-04, 00:32:40, 1.46e-12, 1.93e-09
2026-09-04, 00:32:43, 1.5e-12, 1.93e-09
2026-09-04, 00:32:46, 1.47e-12, 1.94e-09
2026-09-04, 00:32:49, 1.47e-12, 1.94e-09
2026-09-04, 00:32:52, 1.49e-12, 1.94e-09
2026-09-04, 00:32:56, 1.68e-12, 1.94e-09
2026-09-04, 00:32:59, 1.48e-12, 1.94e-09
2026-09-04, 00:33:02, 1.5e-12, 1.94e-09
2026-09-04, 00:33:05, 1.44e-12, 1.94e-09
2026-09-04, 00:33:09, 1.56e-12, 1.94e-09
2026-09-04, 00:33:12, 1.51e-12, 1.93e-09
2026-09-04, 00:33:15, 1.46e-12, 1.94e-09
2026-09-04, 00:33:18, 1.5e-12, 1.91e-09
2026-09-04, 00:33:21, 1.58e-12, 1.91e-09
2026-09-04, 00:33:25, 1.52e-12, 1.91e-09
2026-09-04, 00:33:28, 1.53e-12, 1.9e-09
2026-09-04, 00:33:31, 1.51e-12, 1.9e-09
2026-09-04, 00:33:34, 1.49e-12, 1.9e-09
2026-09-04, 00:33:37, 1.56e-12, 1.9e-09
2026-09-04, 00:33:41, 1.54e-12, 1.88e-09
2026-09-04, 00:33:44, 1.52e-12, 1.85e-09
2026-09-04, 00:33:47, 1.47e-12, 1.85e-09
2026-09-04, 00:33:50, 1.64e-12, 1.84e-09
2026-09-04, 00:33:54, 1.43e-12, 1.84e-09
2026-09-04, 00:33:57, 1.57e-12, 1.85e-09
2026-09-04, 00:34:00, 1.59e-12, 1.85e-09
2026-09-04, 00:34:03, 1.67e-12, 1.85e-09
2026-09-04, 00:34:06, 1.52e-12, 1.85e-09
2026-09-04, 00:34:10, 1.5e-12, 1.84e-09
2026-09-04, 00:34:13, 1.51e-12, 1.84e-09
2026-09-04, 00:34:16, 1.65e-12, 1.84e-09
2026-09-04, 00:34:19, 1.51e-12, 1.83e-09
2026-09-04, 00:34:23, 1.51e-12, 1.83e-09
2026-09-04, 00:34:26, 1.41e-12, 1.83e-09
2026-09-04, 00:34:29, 1.54e-12, 1.83e-09
2026-09-04, 00:34:32, 1.56e-12, 1.83e-09
2026-09-04, 00:34:35, 1.52e-12, 1.82e-09
2026-09-04, 00:34:39, 1.47e-12, 1.86e-09
2026-09-04, 00:34:42, 1.54e-12, 1.99e-09
2026-09-04, 00:34:45, 1.62e-12, 1.99e-09
2026-09-04, 00:34:48, 1.48e-12, 2.01e-09
2026-09-04, 00:34:52, 1.5e-12, 1.99e-09
2026-09-04, 00:34:55, 1.48e-12, 1.99e-09
2026-09-04, 00:34:58, 1.48e-12, 1.99e-09
2026-09-04, 00:35:01, 1.49e-12, 1.99e-09
2026-09-04, 00:35:04, 1.64e-12, 2e-09
2026-09-04, 00:35:08, 1.47e-12, 2e-09
2026-09-04, 00:35:11, 1.54e-12, 2.02e-09
2026-09-04, 00:35:14, 1.45e-12, 2.01e-09
2026-09-04, 00:35:17, 1.46e-12, 2.01e-09
2026-09-04, 00:35:21, 1.54e-12, 2.02e-09
2026-09-04, 00:35:24, 1.53e-12, 2.02e-09
2026-09-04, 00:35:27, 1.52e-12, 2.01e-09
2026-09-04, 00:35:30, 1.51e-12, 2.01e-09
2026-09-04, 00:35:33, 1.45e-12, 2.02e-09
2026-09-04, 00:35:37, 1.52e-12, 2.01e-09
2026-09-04, 00:35:40, 1.49e-12, 2.02e-09
2026-09-04, 00:35:43, 1.5e-12, 2.03e-09
2026-09-04, 00:35:46, 1.47e-12, 1.99e-09
2026-09-04, 00:35:50, 1.51e-12, 1.92e-09
2026-09-04, 00:35:53, 1.42e-12, 2.03e-09
2026-09-04, 00:35:56, 1.51e-12, 2.01e-09
2026-09-04, 00:35:59, 1.49e-12, 1.98e-09
2026-09-04, 00:36:02, 1.5e-12, 1.98e-09
2026-09-04, 00:36:06, 1.52e-12, 1.98e-09
2026-09-04, 00:36:09, 1.46e-12, 1.98e-09
2026-09-04, 00:36:12, 1.44e-12, 1.97e-09
2026-09-04, 00:36:15, 1.48e-12, 1.97e-09
2026-09-04, 00:36:19, 1.52e-12, 1.97e-09
2026-09-04, 00:36:22, 1.52e-12, 1.97e-09
2026-09-04, 00:36:25, 1.53e-12, 1.97e-09
2026-09-04, 00:36:28, 1.53e-12, 1.97e-09
2026-09-04, 00:36:31, 1.47e-12, 1.98e-09
2026-09-04, 00:36:35, 1.53e-12, 1.97e-09
2026-09-04, 00:36:38, 1.51e-12, 2e-09
2026-09-04, 00:36:41, 1.51e-12, 2.02e-09
2026-09-04, 00:36:44, 1.56e-12, 2.01e-09
2026-09-04, 00:36:47, 1.49e-12, 2.05e-09
2026-09-04, 00:36:51, 1.55e-12, 2.01e-09
2026-09-04, 00:36:54, 1.46e-12, 2.01e-09
2026-09-04, 00:36:57, 1.55e-12, 2.02e-09
2026-09-04, 00:37:00, 1.65e-12, 2.01e-09
2026-09-04, 00:37:04, 1.53e-12, 2.01e-09
2026-09-04, 00:37:07, 1.46e-12, 2.05e-09
2026-09-04, 00:37:10, 1.5e-12, 1.99e-09
2026-09-04, 00:37:13, 1.54e-12, 1.99e-09
2026-09-04, 00:37:17, 1.47e-12, 1.98e-09
2026-09-04, 00:37:20, 1.51e-12, 1.98e-09
2026-09-04, 00:37:23, 1.54e-12, 1.98e-09
2026-09-04, 00:37:26, 1.5e-12, 1.98e-09
2026-09-04, 00:37:30, 1.5e-12, 1.98e-09
2026-09-04, 00:37:33, 1.5e-12, 1.98e-09
2026-09-04, 00:37:36, 1.53e-12, 1.97e-09
2026-09-04, 00:37:39, 1.5e-12, 1.97e-09
2026-09-04, 00:37:42, 1.52e-12, 1.97e-09
2026-09-04, 00:37:46, 1.46e-12, 1.97e-09
2026-09-04, 00:37:49, 1.49e-12, 1.97e-09
2026-09-04, 00:37:52, 1.51e-12, 1.97e-09
2026-09-04, 00:37:55, 1.41e-12, 1.98e-09
2026-09-04, 00:37:59, 1.44e-12, 2.01e-09
2026-09-04, 00:38:02, 1.55e-12, 1.99e-09
2026-09-04, 00:38:05, 1.49e-12, 1.99e-09
2026-09-04, 00:38:08, 1.52e-12, 1.98e-09
2026-09-04, 00:38:11, 1.62e-12, 1.99e-09
2026-09-04, 00:38:15, 1.6e-12, 1.99e-09
2026-09-04, 00:38:22, 1.51e-12, 1.99e-09
2026-09-04, 00:38:25, 1.48e-12, 2.01e-09
2026-09-04, 00:38:29, 1.54e-12, 2.01e-09
2026-09-04, 00:38:32, 1.51e-12, 1.98e-09
2026-09-04, 00:38:35, 1.5e-12, 2.02e-09
2026-09-04, 00:38:38, 1.48e-12, 2.02e-09
2026-09-04, 00:38:41, 1.35e-12, 2.02e-09
2026-09-04, 00:38:45, 1.52e-12, 2.02e-09
2026-09-04, 00:38:48, 1.52e-12, 2.02e-09
2026-09-04, 00:38:51, 1.48e-12, 1.99e-09
2026-09-04, 00:38:54, 1.49e-12, 1.99e-09
2026-09-04, 00:38:58, 1.53e-12, 1.98e-09
2026-09-04, 00:39:01, 1.48e-12, 1.98e-09
2026-09-04, 00:39:04, 1.5e-12, 1.98e-09
2026-09-04, 00:39:07, 1.46e-12, 1.99e-09
2026-09-04, 00:39:10, 1.61e-12, 1.99e-09
2026-09-04, 00:39:14, 1.51e-12, 1.99e-09
2026-09-04, 00:39:17, 1.47e-12, 1.99e-09
2026-09-04, 00:39:20, 1.55e-12, 2e-09
2026-09-04, 00:39:23, 1.49e-12, 1.99e-09
2026-09-04, 00:39:27, 1.54e-12, 2e-09
2026-09-04, 00:39:30, 1.46e-12, 1.99e-09
2026-09-04, 00:39:33, 1.48e-12, 1.99e-09
2026-09-04, 00:39:36, 1.47e-12, 2e-09
2026-09-04, 00:39:39, 1.46e-12, 1.98e-09
2026-09-04, 00:39:43, 1.53e-12, 2e-09
2026-09-04, 00:39:46, 1.49e-12, 2e-09
2026-09-04, 00:39:49, 1.47e-12, 1.99e-09
2026-09-04, 00:39:52, 1.45e-12, 1.99e-09
2026-09-04, 00:39:56, 1.54e-12, 1.99e-09
2026-09-04, 00:39:59, 1.56e-12, 1.99e-09
2026-09-04, 00:40:02, 1.48e-12, 1.99e-09
2026-09-04, 00:40:05, 1.53e-12, 1.99e-09
2026-09-04, 00:40:08, 1.55e-12, 1.99e-09
2026-09-04, 00:40:12, 1.49e-12, 1.99e-09
2026-09-04, 00:40:15, 1.46e-12, 1.99e-09
2026-09-04, 00:40:18, 1.52e-12, 1.99e-09
2026-09-04, 00:40:21, 1.52e-12, 1.99e-09
2026-09-04, 00:40:25, 1.48e-12, 1.99e-09
2026-09-04, 00:40:28, 1.51e-12, 1.99e-09
2026-09-04, 00:40:31, 1.53e-12, 1.99e-09
2026-09-04, 00:40:34, 1.58e-12, 1.99e-09
2026-09-04, 00:40:37, 1.51e-12, 2e-09
2026-09-04, 00:40:41, 1.46e-12, 2.02e-09
2026-09-04, 00:40:44, 1.46e-12, 1.99e-09
2026-09-04, 00:40:47, 1.52e-12, 1.98e-09
2026-09-04, 00:40:50, 1.48e-12, 1.98e-09
2026-09-04, 00:40:54, 1.52e-12, 1.99e-09
2026-09-04, 00:40:57, 1.45e-12, 1.98e-09
2026-09-04, 00:41:00, 1.35e-12, 1.98e-09
2026-09-04, 00:41:03, 1.52e-12, 2e-09
2026-09-04, 00:41:06, 1.51e-12, 1.99e-09
2026-09-04, 00:41:10, 1.49e-12, 1.96e-09
2026-09-04, 00:41:13, 1.47e-12, 1.96e-09
2026-09-04, 00:41:16, 1.53e-12, 1.96e-09
2026-09-04, 00:41:19, 1.53e-12, 1.96e-09
2026-09-04, 00:41:23, 1.58e-12, 1.96e-09
2026-09-04, 00:41:26, 1.49e-12, 1.96e-09
2026-09-04, 00:41:29, 1.48e-12, 1.97e-09
2026-09-04, 00:41:32, 1.61e-12, 1.97e-09
2026-09-04, 00:41:35, 1.58e-12, 1.95e-09
2026-09-04, 00:41:39, 1.53e-12, 1.95e-09
2026-09-04, 00:41:42, 1.56e-12, 1.96e-09
2026-09-04, 00:41:45, 1.52e-12, 1.95e-09
2026-09-04, 00:41:48, 1.56e-12, 1.95e-09
2026-09-04, 00:41:52, 1.52e-12, 1.96e-09
2026-09-04, 00:41:55, 1.56e-12, 1.86e-09
2026-09-04, 00:41:58, 1.45e-12, 1.95e-09
2026-09-04, 00:42:01, 1.5e-12, 1.94e-09
2026-09-04, 00:42:04, 1.56e-12, 1.95e-09
2026-09-04, 00:42:08, 1.49e-12, 1.94e-09
2026-09-04, 00:42:11, 1.52e-12, 1.94e-09
2026-09-04, 00:42:14, 1.5e-12, 1.94e-09
2026-09-04, 00:42:17, 1.48e-12, 1.93e-09
2026-09-04, 00:42:21, 1.5e-12, 1.94e-09
2026-09-04, 00:42:24, 1.47e-12, 1.94e-09
2026-09-04, 00:42:27, 1.5e-12, 1.94e-09
2026-09-04, 00:42:30, 1.51e-12, 1.92e-09
2026-09-04, 00:42:33, 1.51e-12, 1.92e-09
2026-09-04, 00:42:37, 1.49e-12, 1.93e-09
2026-09-04, 00:42:40, 1.53e-12, 1.93e-09
2026-09-04, 00:42:43, 1.52e-12, 1.92e-09
2026-09-04, 00:42:46, 1.49e-12, 1.93e-09
2026-09-04, 00:42:49, 1.52e-12, 1.94e-09
2026-09-04, 00:42:53, 1.5e-12, 1.93e-09
2026-09-04, 00:42:56, 1.48e-12, 1.93e-09
2026-09-04, 00:42:59, 1.54e-12, 1.94e-09
2026-09-04, 00:43:02, 1.44e-12, 1.92e-09
2026-09-04, 00:43:06, 1.47e-12, 1.94e-09
2026-09-04, 00:43:09, 1.5e-12, 1.96e-09
2026-09-04, 00:43:12, 1.51e-12, 1.95e-09
2026-09-04, 00:43:15, 1.52e-12, 1.94e-09
2026-09-04, 00:43:18, 1.46e-12, 1.94e-09
2026-09-04, 00:43:22, 1.59e-12, 1.94e-09
2026-09-04, 00:43:25, 1.64e-12, 1.94e-09
2026-09-04, 00:43:28, 1.48e-12, 1.94e-09
2026-09-04, 00:43:31, 1.51e-12, 1.94e-09
2026-09-04, 00:43:35, 1.42e-12, 1.94e-09
2026-09-04, 00:43:38, 1.49e-12, 1.94e-09
2026-09-04, 00:43:41, 1.51e-12, 1.94e-09
2026-09-04, 00:43:44, 1.54e-12, 1.94e-09
2026-09-04, 00:43:47, 1.54e-12, 1.93e-09
2026-09-04, 00:43:51, 1.46e-12, 1.94e-09
2026-09-04, 00:43:54, 1.52e-12, 1.94e-09
2026-09-04, 00:43:57, 1.49e-12, 1.95e-09
2026-09-04, 00:44:00, 1.49e-12, 1.94e-09
2026-09-04, 00:44:04, 1.5e-12, 1.93e-09
2026-09-04, 00:44:07, 1.45e-12, 1.93e-09
2026-09-04, 00:44:10, 1.63e-12, 1.93e-09
2026-09-04, 00:44:13, 1.45e-12, 1.93e-09
2026-09-04, 00:44:16, 1.46e-12, 1.93e-09
2026-09-04, 00:44:20, 1.53e-12, 1.94e-09
2026-09-04, 00:44:23, 1.52e-12, 1.93e-09
2026-09-04, 00:44:26, 1.49e-12, 1.93e-09
2026-09-04, 00:44:29, 1.52e-12, 1.91e-09
2026-09-04, 00:44:33, 1.53e-12, 1.91e-09
2026-09-04, 00:44:36, 1.57e-12, 1.93e-09
2026-09-04, 00:44:39, 1.47e-12, 1.91e-09
2026-09-04, 00:44:42, 1.53e-12, 1.91e-09
2026-09-04, 00:44:45, 1.5e-12, 1.91e-09
2026-09-04, 00:44:49, 1.45e-12, 1.91e-09
2026-09-04, 00:44:52, 1.48e-12, 1.91e-09
2026-09-04, 00:44:55, 1.54e-12, 1.91e-09
2026-09-04, 00:44:58, 1.41e-12, 1.92e-09
2026-09-04, 00:45:02, 1.51e-12, 1.93e-09
2026-09-04, 00:45:05, 1.49e-12, 1.92e-09
